sentence_id,doc_key,sentence,label
20,DB_1,Changes to Your Personal Data.,Description of Right to Correct Information
21,DB_1,We rely on you to update and correct the Personal Data contained in your account.,Description of Right to Correct Information
25,DB_1,Deletion of Your Personal Data.,Description of Right to Delete
30,DB_1,"Except as provided above, we will delete, aggregate, or de-identify all of your Personal Data as described in this subsection within the timeframes required by law.",Description of Right to Delete
68,DB_1,We will note the effective date of the latest version of our Privacy Policy at the end of this Privacy Policy.,Updated Privacy Policy
141,DB_1,Keeping your Personal Data Safe.,Description of Right to Know PI Collected
217,DB_1,You can make the following choices to opt out of certain activities regarding your Personal Data:,Description of Right to Opt-out of sale of PI
225,DB_1,"In addition, the CCPA provides you the right to access",Description of Right to Know PI Collected
226,DB_1,and delete Personal Data,Description of Right to Delete
240,DB_2,How to Reach Us,Methods to exercise rights
245,DB_2,"Last updated January 1, 2023",Updated Privacy Policy
287,DB_2,"Certain pages on our websites contain “web beacons” (also known as Internet tags, pixel tags and clear GIFs).",Description of Right to Know PI Collected
293,DB_2,Our website detects and honors the Global Privacy Control signal in accordance with applicable privacy laws.,Description of Right to Know PI Collected
294,DB_2,The Global Privacy Control is a signal that can be enabled in certain browsers or browser extensions.,Description of Right to Know PI Collected
295,DB_2,"including the right to know what information we collect, disclose, and sell",Description of Right to Know PI Collected
298,DB_2,or correction of your data,Description of Right to Correct Information
346,DB_2,or share your personal information with any third parties for targeted behavioral advertising.,Categories of Personal Information Shared / Disclosed
349,DB_3,"We may enhance or merge users’ personally identifiable information with data collected from other sources to use in postal, email or telephone marketing, including but not limited to the services described in “Sharing of Information” below.",Categories of Personal Information Collected
352,DB_3,The categories of sources from which the personal information is collected.,Categories of Personal Information Collected
358,DB_3,"The Company does provide personally identifiable data to other marketing companies, advertising agencies, data compilers, data companies, and, to the extent permitted by law, individual reference and look-up service programs.",Categories of Personal Information Shared / Disclosed
379,DB_3,"In California, commencing January 1, 2020, consumers have the right to request that a business that collects personal information about the consumer disclose the following:",Description of Right to Know PI Collected
384,DB_3,"The Company maintains security guidelines to protect the loss, misuse, or alteration of information in its database.",Categories of Personal Information Shared / Disclosed
399,DB_3,The categories of third parties with whom the business shares personal information,Description of Right to Know PI sold / shared
400,DB_3,The specific pieces of personal information it has collected about that consumer,Description of Right to Know PI Collected
446,DB_4,"We will verify your identity by requesting information like your phone number, name and address so that we can locate and display your information for your review.",Methods to exercise rights
450,DB_4,Disclosure of Sale of Personal Information: We have disclosed but not sold any personal information to third parties for a business or commercial purpose in the preceding 12 months.,Description of Right to Know PI sold / shared
502,DB_4,by visiting our opt-out page,Methods to exercise rights
511,DB_4,You may request to Know,Description of Right to Know PI Collected
599,DB_5,"Identifiers\nA real name, alias, postal address, unique personal identifier, online identifier, IP address, email address, account name, Social Security number, driver’s license number, passport number, or other similar identifiers.\nService Providers; and Authorized Third Parties\nB.",Categories of Personal Information Shared / Disclosed
609,DB_5,"You have the right to request that we disclose personal information we collected about you pursuant to Civil Code sections 1798.100, 1798.110, or 1798.115 including any or all of the following: Specific pieces of personal information that we collected about you;.",Description of Right to Know PI Collected
618,DB_5,"The categories of third parties with which we share your personal information;\n\nIn responding to your verified consumer request to know, we will provide information on: The categories of personal information that we sold in the preceding twelve (12) months, and for each category identified, the categories of third parties to which we sold that particular category of personal information; and\n\nIn responding to your verified consumer request to know, we will provide information on: The categories of personal information that we disclosed for a business purpose in the preceding twelve (12) months, and for each category identified, the categories of third parties to whom we disclosed that particular category of personal information.\n\nThe CCPA also requires that if requested, we provide you with responsive materials in a readily usable format that allows you to transmit your information from one (1) entity to another without hindrance.",Description of Right to Know PI sold / shared
626,DB_5,To find your TF ANON_ID Cookie Value (highlighted blue in example below): Open your web browser and go to “tribalfusion.com”;.,Methods to exercise rights
644,DB_5,Disclosure or Sale of Personal Information\nWe have not disclosed or sold any personal information to third parties for any business or commercial purpose in the preceding twelve (12) months.,Description of Right to Know PI sold / shared
645,DB_5,"We do not and will not disclose or sell your personal information without giving you notice and an opportunity to opt out of such disclosure or sale as required by law.\nWe do not offer financial incentives associated with our collection, use, or disclosure of your personal information.",Description of Right to Know PI sold / shared
650,DB_5,"Generally, California resident or household consumers have the following data privacy rights under the CCPA: Right to Know: You may request that a business tell you what specific personal information it collected,",Description of Right to Know PI Collected
675,DB_5,"Right to Opt-Out of the Sale of Your Information\nUnder the CCPA, you may opt-out of the sale of your personal information from a business to third parties.",Description of Right to Opt-out of sale of PI
681,DB_5,Right to Non-Discrimination: A business may not discriminate against consumers who exercise their rights under the CCPA.,Description of Right to Non-discrimination on exercising rights
684,DB_5,We help our Partners reach their target audiences and grow through ad sales.,Updated Privacy Policy
766,DB_5,Categories of sources from which your personal information is collected,Description of Right to Know PI Collected
771,DB_5,"In responding to your verified consumer request to know, we will provide information on: The categories of personal information that we disclosed for a business purpose in the preceding twelve (12) months, and for each category identified, the categories of third parties to whom we disclosed that particular category of personal information.",Description of Right to Know PI sold / shared
786,DB_5,Provide you a different level or quality of services; or,Description of Right to Non-discrimination on exercising rights
787,DB_5,Suggest that you may receive a different price or rate for services or a different level or quality of services.,Description of Right to Non-discrimination on exercising rights
797,DB_5,A “European Resident” is a resident of a country in the European Economic Area (“EEA”).,Description of Right to Know PI sold / shared
800,DB_5,We collect your personal information only with your consent or where the processing is in our legitimate interests and not overridden by your data protection interests or fundamental rights and freedoms.,Description of Right to Know PI sold / shared
803,DB_5,"If we collect and use your information in reliance on our legitimate interests (or those of any third party), our legitimate interests will generally involve operating and improving this Site, communicating with you, marketing purposes, or detecting or preventing fraud.",Description of Right to Know PI sold / shared
804,DB_5,"For more information about GDPR, please visit the EU’s “Data protection and online privacy” page .",Description of Right to Know PI sold / shared
809,DB_5,Right to Opt-Out: You may request that a business stop selling your personal information;.,Description of Right to Opt-out of sale of PI
853,DB_5,"Right to Delete: You may request that a business delete personal information that it collected from you, subject to some exceptions",Description of Right to Delete
854,DB_5,Right to Non-Discrimination: A business may not discriminate against consumers who exercise their rights under the CCPA,Description of Right to Non-discrimination on exercising rights
856,DB_5,"The categories of personal information we collected about you (e.g., IP address, geolocation data, internet activity such as web browsing histories, and professional or employment-related information) in the preceding twelve (12) months from the date we receive your request",Description of Right to Know PI Collected
857,DB_5,"The categories of sources from which your personal information was collected (e.g., cookies)",Description of Right to Know PI Collected
859,DB_5,The categories of personal information that we disclosed for a business purpose in the preceding twelve (12) months,Description of Right to Know PI sold / shared
870,DB_5,"The categories of personal information we collected about you (e.g., IP address, geolocation data, internet activity such as web browsing histories, and professional or employment-related information) in the preceding twelve (12) months from the date we receive your request;",Description of Right to Know PI Collected
872,DB_5,The CCPA considers the right to know and,Description of Right to Know PI Collected
873,DB_5,the right to delete,Description of Right to Delete
901,DB_6,Recognize you when you return to the Website.,Categories of Personal Information Collected
907,DB_6,Other information on deleting or controlling cookies is available at www.allaboutcookies.org.,Methods to exercise rights
925,DB_6,"You shall have the right to request that your information be provided to you in a portable and readily usable format, to the extent technically feasible (“data portability”).",Description of Right to Know PI Collected
931,DB_6,Contacting us at privacy@infopay.com; or,Methods to exercise rights
986,DB_6,"Identifiers: Name, email address",Categories of Personal Information Collected
1015,DB_7,Our clients may access and correct the information provided via this website.,Description of Right to Correct Information
1016,DB_7,"To obtain a copy of or to correct this information, please submit a request here.",Methods to exercise rights
1033,DB_7,The site does not allow third parties to collect personally identifiable information about you related to your online activities when you use this site.,Categories of Personal Information Collected
1043,DB_7,"To understand all of Acxiom’s data products, go to our US Products Privacy Policy here.",Description of Right to Limit use of PI
1052,DB_7,"Business Purposes for which Personal Information is Collected: We collect personal information for our own business purposes as described above, including internal research, internal operations, auditing, detecting security incidents, improving our services, quality control, and legal compliance.",Description of Right to Know PI Collected
1078,DB_7,Acxiom does not sell,Categories of Personal Information Sold
1090,DB_8,Consumers who wish to opt out can also email privacyteam@anchorcomputer.com or call our toll-free number 800-646-2563.,Methods to exercise rights
1091,DB_8,"If you wish to opt out, be prepared to provide the following information.",Methods to exercise rights
1160,DB_8,"However, even if you delete your account, we may keep your information to comply with laws and other business purposes.",Methods to exercise rights
1161,DB_8,"Even if you subscribe or opt-out, we may still send you communications related to your use of our services.",Methods to exercise rights
1203,DB_9,"As a California resident, you have the right to request that SMS disclose the categories of your personal information we have disclosed or sold to third parties for a business or commercial purpose in the preceding twelve (12) months.",Description of Right to Know PI sold / shared
1205,DB_9,"As a California resident, you have the right to opt-out of the sale of your personal information by SMS.",Description of Right to Opt-out of sale of PI
1206,DB_9,"As a California resident, you have the right to correct your personal information",Description of Right to Correct Information
1211,DB_9,Any future version of the Privacy Policy generally becomes effective at the time of posting.,Updated Privacy Policy
1249,DB_9,"Click here to submit a verifiable request to exercise this right.\n\nIn order for SMS to properly verify the Consumer’s identity prior to any disclosure of information, SMS will require, at a minimum, the Consumer’s full name, address, email address, and telephone number.\n\nAlternatively, you may email dataprivacyteam@sms-inc.com to initiate this request.\n\nIf SMS cannot verify the identity of the person making the request pursuant to the regulations set forth in Article 4 (Verification of Requests –https://oag.ca.gov/sites/all/files/agweb/pdfs/privacy/oal-sub-final-text-of-regs.pdf) SMS may request additional information for verification or deny your request.",Methods to exercise rights
1250,DB_9,"As a California resident, you have the right to correct your personal information.",Description of Right to Correct Information
1251,DB_9,"As a California resident, you can designate an authorized agent to make a request under the CCPA on the consumer’s behalf. “Authorized Agent” means a natural person or a business entity registered with the Secretary of State that a consumer has authorized to act on their behalf subject to the requirements set forth in section 999.326 (https://oag.ca.gov/sites/all/files/agweb/pdfs/privacy/oal-sub-final-text-of-regs.pdf).\n\nOther Privacy Choices and Opt-Out Solutions\n\nDMAchoice.org (https://dmachoice.thedma.org/) offers consumers a simple, step-by-step process that enables them to decide what mail they do and do not want.\n\nIn addition, DMAchoice, offers online and mail in registration for DMA’s:\n\neMail Preference Service (reduce your unsolicited commercial email)\nTelephone Preference Service (to reduce national commercial calls for consumers who live in Pennsylvania and Wyoming – consumers in other states are referred to the National Do Not Call Registry: www.donotcall.gov)\nDeceased Do Not Contact list (for name removal of deceased individuals’ names)\nDo Not Contact list for Caregivers (for caregivers to register name removal on behalf of those individuals for whom they care).\nDigital Advertising Alliance (https://youradchoices.com/) When you click on the YourAdChoices Icon, you get control over how information about your interests is used for relevant advertising.\n\nNetwork Advertising Alliance (http://optout.networkadvertising.org/?c=1) NAI offers an opt-out page where you can learn more about NAI members who deliver tailored online ads and your choices to opt-out of receiving them.",Methods to exercise rights
1329,DB_11,Access to Your Personal Information.,Description of Right to Know PI Collected
1330,DB_11,You may request access to your personal information or confirmation that we have information about you.,Description of Right to Know PI Collected
1335,DB_11,Corrections To Your Personal Information.,Description of Right to Correct Information
1337,DB_11,"Where your personal information is required to access or use Services, you may have the opportunity to correct, update, or modify this information by logging into your account and updating your information online.",Description of Right to Correct Information
1338,DB_11,You may ask us to correct information that is inaccurate or incomplete.,Description of Right to Correct Information
1347,DB_11,"For right to know, access",Description of Right to Know PI sold / shared
1470,DB_11,"To enable us to send you tailored information on our Services across our divisions that may interest you, to allow you to participate voluntarily in mailings and other events and to allow us to promote our events and Services.",Categories of Personal Information Collected
1492,DB_11,For information about the disclosure of the California enumerated categories please see the California jurisdictional section below.,Categories of Personal Information Shared / Disclosed
1547,DB_11,"""Find out more at """"How does S&P Global use personal information in products?""""""",Categories of Personal Information Collected
1588,DB_11,"Where we process your personal information based upon consent, you may revoke consent.",Methods to exercise rights
1656,DB_11,"We use this automatically collected information:\n\n- for our analytics purposes, including to enhance our understanding of usage of our Services;\n\n- to improve the quality and relevance to users of our Services, including (with consent as applicable) by showing or offering users relevant Services or content based on their preferences and usage habits; \n\n- to develop or accelerate research, analysis, news and related editorial content and information collection as part of our Services, or to enable others to develop/accelerate such content where permitted;\n\n- to offer you support with and training on our Services and to help resolve any errors or technical issues;\n\n- to develop and update our Services;\n\n- for customer services, such as evaluating our customers' training needs for our products;\n\n- to satisfy requests from S&P Global corporate customers regarding the entitlement to and use of our Services by individual users under their corporate accounts (this information may be offered to clients in an aggregated form and clients may be required by law to request certain information);\n\n- to deliver tailored information on our Services that may be of interest or value to you and to send you marketing and promotional emails with your consent if required by applicable law;\n\n- occasionally, to identify unauthorized use or unauthorized distribution of our Services related or unrelated to a security issue;\n\n- where relevant, to review or update pricing agreed with our customers; and\n\n- for billing purposes, so that we or others (such as our content providers) can bill for the services provided",Categories of Personal Information Collected
1663,DB_11,- Corrections To Your Personal Information.,Description of Right to Correct Information
1673,DB_12,"Computer, device and connection information, such as browser type and version, operating system, mobile platform and unique device identifier (“UDID”) and other technical identifiers",Categories of Personal Information Collected
1677,DB_12,The specific pieces of personal information it has collected about that consumer.,Description of Right to Know PI Collected
1703,DB_12,Do we disclose any information to outside parties?,Description of Right to Know PI sold / shared
1706,DB_12,"In California, commencing January 1, 2020, consumers have the right to request that a business that collects personal information about the consumer disclose the following:",Description of Right to Know PI Collected
1708,DB_12,"Privacy Policy\nWhat information do we collect?\n\nWe collect information from you when you submit a form on our site, call us, or place an order.\nWhen submitting a form on our site, calling us, or placing an order, as appropriate, you may be asked for your name, company name, email address, phone number and interest",Description of Right to Know PI Collected
1747,DB_13,"If you have questions about our privacy policies or practices or this Addendum, please contact us at privacy@safegraph.com.",Methods to exercise rights
1750,DB_13,"California Consumers have the right not to be subject to discriminatory treatment for exercising their privacy rights under the CCPA, including the right not to be retaliated against for the exercise of their CCPA rights.",Description of Right to Non-discrimination on exercising rights
1751,DB_13,Notice of Right to Limit Use and Disclosure of Sensitive Personal Information: California Consumers have the right to limit the use and disclosure of their sensitive personal information if used or disclosed for purposes not specified in the CCPA.,Description of Right to Limit use of PI
1753,DB_13,Please note that SafeGraph does not sell Information or engage in cross-contextual behavioral advertising.,Description of Right to Opt-out of sale of PI
1757,DB_13,"Please also note that we may retain Information for certain important purposes, such as (a) to protect our business, systems, and users from fraudulent activity, (b) to address technical issues that impair existing functionality (such as de-bugging purposes), (c) as necessary for us, or others, to exercise their free speech or other rights, (d) to comply with law enforcement requests pursuant to lawful process, (e) for scientific or historical research, (f) for our own internal purposes reasonably related to your relationship with us, or to comply with legal obligations.",Description of Right to Delete
1758,DB_13,"Additionally, we need certain types of information so that we can provide our Services to you.",Description of Right to Delete
1761,DB_13,categories of Information collected;,Description of Right to Know PI Collected
1772,DB_13,These examples are just a few of the exceptions allowed by the CCPA.,Description of Right to Delete
1777,DB_13,"For example, if we are not able to verify that information relates to you instead of someone else, if providing information to you could adversely affect the rights of someone else, or if information consists of trade secrets, we may not provide the affected information.",Description of Right to Know PI Collected
1778,DB_13,"If you do not have an email address or if you prefer not to provide it in connection with your “Access My PI” request, please call the toll-free telephone number listed above (under “Exercise Your CCPA Rights”) to submit your request.",Methods to exercise rights
1787,DB_13,Category of Third Parties to Whom Disclosed,Description of Right to Know PI sold / shared
1795,DB_13,"For example, if you request deletion, we may need to retain certain personal information to comply with our legal obligations or other permitted purposes.",Description of Right to Delete
1809,DB_13,To develop SafeGraph Services,Description of Right to Know PI Collected
1819,DB_13,Opt-out from sales: you can instruct us to stop certain transfers of your personal information,Description of Right to Opt-out of sale of PI
1820,DB_13,DELETE MY PI\nYou can ask us to delete your personal information we have collected from you.,Description of Right to Delete
1821,DB_13,"For example, we may keep your personal information if it is necessary for us to provide you with a requested service, to detect and protect against security issues, to comply with our legal obligations, or for other purposes that align with your expectations based on your relationship with us or that are consistent with the context in which you provided your personal information",Description of Right to Delete
1863,DB_13,"Right of Deletion\n\nYou have the right to request that we delete any of your personal information that we collected from you and retained by us, subject to certain conditions and exceptions under the law.",Description of Right to Delete
1864,DB_13,"For instance, we have the right to retain personal information needed to:\n\nComplete the transaction for which the personal information was collected, provide a good or service requested by the California resident, or reasonably anticipated within the context of our ongoing business relationship with the California resident, or otherwise perform a contract between our business and the California resident.\n\nHelp to ensure security and integrity to the extent the use of the consumer’s personal information is reasonably necessary and proportionate for those purposes.\n\nConduct solely internal uses that are reasonably aligned with the expectations of the California resident based on the California resident’s relationship with us.\n\nComply with a legal obligation.",Description of Right to Delete
1865,DB_13,"Right of Correction\n\nYou have the right to request that we correct any inaccurate or out-of-date personal information that we collected about you, subject to certain conditions exceptions.",Description of Right to Correct Information
1866,DB_13,We may have a legal right or obligation to preserve personal information as it currently exists.,Description of Right to Correct Information
1867,DB_13,"If we do not update certain personal information, we will give specific reasons for refusing to do so and provide a contact point for further inquiries.",Description of Right to Correct Information
1868,DB_13,Right to Restrict Usage of Sensitive Personal Information\n\nYou have the right to request that we restrict usage of what is defined as sensitive personal information under California law.,Description of Right to Limit use of PI
1870,DB_13,"Nonetheless, by policy, we never disclose usernames and passwords to third parties that are not our parent companies or affiliates and only use them for authenticating you when you try to access our website.",Description of Right to Limit use of PI
1934,DB_13,"Contact Us\nIf you have any questions, comments or concerns about this Supplement or about our privacy practices, seek to exercise any of your privacy rights under applicable law, or wish to access, change, or update personal information we have about you, you should first contact us by email at contact@swordfish.ai.",Methods to exercise rights
2063,DB_15,We may request that you provide documentation to support your request and we will correct your information unless we determine that the personal information is more than likely accurate.,Description of Right to Correct Information
2071,DB_15,We do not sell personal information for monetary value.,Categories of Personal Information Sold
2109,DB_15,"For any personal information that cannot be completely aggregated or deidentified, we take steps to modify the information before sharing to remove information such as name, account number, address, or unique vehicle identifiers.",Description of Right to Know PI sold / shared
2154,DB_15,"Complete a transaction or provide a good or service you requested, or take actions reasonably anticipated within the context of our ongoing business relationship with you, or otherwise perform our contract with you;",Description of Right to Delete
2160,DB_15,"Otherwise use your personal information, internally, in a lawful manner that is compatible with the context in which you provided the information.",Description of Right to Delete
2172,DB_15,Arity does not disclose precise geolocation data to third parties for advertising purposes,Description of Right to Know PI sold / shared
2256,DB_16,You also may contact us directly at privacy.compliance@deepsync.com.,Methods to exercise rights
2294,DB_16,You may have the right to request that the business limit the use and disclosure of your sensitive personal information.,Description of Right to Limit use of PI
2299,DB_16,"Additionally, we need certain types of information so that we can provide our Services to you.",Description of Right to Delete
2300,DB_16,"If you ask us to delete it, you may no longer be able to access or use our Services.",Description of Right to Delete
2308,DB_16,These cookies collect information about how you interact with our website and allow us to remember you.,Description of Right to Know PI Collected
2309,DB_16,We use this information to improve and customize your browsing experience and for analytics and metrics about our visitors on this website and other media,Description of Right to Know PI Collected
2336,DB_16,To Operate Our Services,Description of Right to Know PI Collected
2393,DB_16,"Our Collection of Personal Information – the types of Personal Information that we collect, the types of sources we collect it from,",Description of Right to Know PI Collected
2394,DB_16,Categories Disclosure and Sale of Personal Information of recipients to whom we disclose or sell Personal Information.,Description of Right to Know PI Collected
2402,DB_16,"The chart below describes how and with whom we share or disclose personal information, and whether we believe we have “sold” a particular category of information in the prior 12 months.",Description of Right to Know PI sold / shared
2436,DB_16,"Please also refer to Section 3 below, which further describes our business purposes for collecting and sharing personal information.",Description of Right to Know PI sold / shared
2463,DB_16,Right to Correct Inaccurate Information,Description of Right to Correct Information
2464,DB_16,Right to Limit Use of Disclosure of Sensitive Information,Description of Right to Limit use of PI
2466,DB_16,Right to request deletion of your personal information,Description of Right to Delete
2470,DB_16,How to exercise your access and (if applicable) deletion rights,Methods to exercise rights
2598,DB_17,Sold and shared To identify survey opportunities that you may be eligible for through the Third-Party MR Companies.\nAnalytics Partners All categories.,Categories of Personal Information Sold
2604,DB_17,Shared To create look alike modeling and target potential consumers in advertisement.\nAI/Data Modelers All categories.,Categories of Personal Information Sold
2614,DB_17,"The categories of Third Parties with whom we share your Personal Information.\nThe categories of Third Parties with whom we sold your Personal Information.\nThe specific pieces of Personal Information we collected about you (also called a data portability request).\nIf we disclosed your Personal Information for a business purpose, we will identify the Personal Information categories that each category of recipient obtained.",Description of Right to Know PI sold / shared
2616,DB_17,Please refer to the “How to Update Your Information” section to update your Personal Information.,Description of Right to Correct Information
2617,DB_17,"A California, Colorado, Connecticut, or Virginia consumer also has the right to request that we correct inaccurate Personal Information that we collected from you and maintain.",Description of Right to Correct Information
2632,DB_17,Edvisors reserves the right to update or amend this Privacy Policy at any time to reflect our current privacy practices.,Updated Privacy Policy
2662,DB_17,"Job information and status, job title.\nNon-public education information (per the Family Educational Rights and Privacy Act (20 U.S.C.",Categories of Personal Information Collected
2723,DB_17,Edvisors may provide points or other virtual rewards to users in exchange for interaction with an advertisement or completion of a specific activity in furtherance of the advertiser’s promotion subject to our Notice of Financial Incentive.,Categories of Personal Information Sold
2735,DB_17,"How to Update Your Information\nWe encourage you to visit your account, if applicable, to review and update your Personal Information.",Description of Right to Correct Information
2742,DB_17,"Note that even if you unsubscribe, you may still receive transactional e-mails from us (e.g., e-mails related to the completion of your registration, correction of user data, password reset requests, reminder e-mails that you have requested, and any other similar communications essential to your transactions on or made through the Services).",Methods to exercise rights
2756,DB_17,"Access Right (Right to Know)\n\nA California, Colorado, Connecticut, or Virginia consumer has the right to request that we disclose certain information to you about our collection and use of your Personal Information over the past 12 months, including:\n\nThe categories of Personal Information we collected about you.\nThe categories of sources from which we collected your Personal Information.\nOur business or commercial purpose for collecting your Personal Information.\nThe categories of Third Parties with whom we share your Personal Information.\nThe categories of Third Parties with whom we sold your Personal Information.\nThe specific pieces of Personal Information we collected about you (also called a data portability request).\nIf we disclosed your Personal Information for a business purpose, we will identify the Personal Information categories that each category of recipient obtained.\nWe will provide this information free of charge once per twelve-month period to a Connecticut consumer and twice per twelve-month period to a California, Colorado, or Virginia consumer.",Description of Right to Know PI Collected
2758,DB_17,We will not provide specific pieces of Personal Information unless you expressly request them.,Description of Right to Know PI Collected
2759,DB_17,"Deletion Right\n\nA California, Colorado, Connecticut, or Virginia consumer has the right to request that we delete any of your Personal Information that we collected from you and maintained, subject to certain exceptions.",Description of Right to Delete
2763,DB_17,"While submitting your request to correct inaccurate Personal Information, we will provide instructions for you to provide us with optional documentation to support your request and we will consider it.",Description of Right to Correct Information
2764,DB_17,We may decline to correct your allegedly inaccurate Personal Information if a legal exemption applies.,Description of Right to Correct Information
2765,DB_17,We may also decide to delete your Personal Information rather than correcting it.,Description of Right to Correct Information
2795,DB_17,Most of your concerns can be resolved quickly by contacting Edvisors at info@edvisors.com.,Methods to exercise rights
2800,DB_17,"However, choosing to decline cookies may hinder performance and negatively impact your experience on Edvisors’ Site.",Description of Right to Limit use of PI
2806,DB_17,"By using our Site, you consent to the processing of data about you by a Third-Party click tracking analytics provider in the manner and for the purposes set out above.",Categories of Personal Information Shared / Disclosed
2828,DB_17,"For information about how to opt-out of our processing of Sensitive Personal Information for non-exempt purposes, please see the Consumer Privacy Rights section below.",Description of Right to Limit use of PI
2843,DB_17,Personal Information Sales and Sharing,Categories of Personal Information Sold
2882,DB_17,The categories of Third Parties with whom we sold your Personal Information.,Description of Right to Know PI sold / shared
2884,DB_17,"If we disclosed your Personal Information for a business purpose, we will identify the Personal Information categories that each category of recipient obtained.",Description of Right to Know PI Collected
2896,DB_17,We may also choose to treat your withdrawal request as a request that we do not sell your Personal Information.,Description of Right to Limit use of PI
2897,DB_17,Changing Our Privacy Policy,Updated Privacy Policy
2955,DB_18,"If you do not agree to this Privacy Policy, you must not visit the LimeLeads website and delete all cookies from your web browser’s cache.",Description of Right to Know PI Collected
2957,DB_18,All users have the choice to opt out of receiving these emails.,Description of Right to Know PI Collected
2963,DB_18,LimeLeads may aggregate collected information about visitors and users in a way that prevents users from being personally identified to understand our customers and make changes to our services and customers and strategic partners.,Description of Right to Know PI Collected
2992,DB_18,"Do Not Sell My Info Request\n\nTo opt out of having your business profile available for sale on LimeLeads, please submit a Do Not Sell My Info Request or email privacy@limeleads.com.",Description of Right to Opt-out of sale of PI
2996,DB_18,Right to Access and Correct\n\nYou have the right to request access and receive a copy of your personal data and processing activities related to your LimeLead profile(s) for no charge.,Description of Right to Know PI Collected
2999,DB_18,You have the right to request that LimeLeads restrict its processing of your personal information.,Description of Right to Limit use of PI
3000,DB_18,Please submit a Data Access Request or email privacy@limeleads.com.,Methods to exercise rights
3030,DB_19,Data from Audience Partners: We may collect additional information about you from our audience partners who create and provide us with segments which we use for our Customers (“Audience Partner”).,Categories of Personal Information Collected
3097,DB_19,Right to Limit Collection of Sensitive Personal Information,Description of Right to Limit use of PI
3099,DB_19,Right to Opt out of the Sale or Sharing of Your Personal Information,Description of Right to Opt-out of sale of PI
3218,DB_19,"To learn more about how we collect and use that data, please see our Website Privacy Notice.",Description of Right to Know PI Collected
3223,DB_19,"When access to this data involves access to Gmail Data, it will be subject to these additional restrictions:",Description of Right to Know PI Collected
3225,DB_19,We will not use this Gmail Data for serving advertisements; and,Description of Right to Know PI Collected
3227,DB_19,"This contact data is B2B information – in other words, it is typically a business email address, business street address and a business telephone number",Description of Right to Know PI Collected
3232,DB_19,"Segmenting Audiences: To segment you into groups (like bargain hunters, high intent visitors, low intent visitors) for certain purposes such as reporting and analytics as well as determining what ads and email content would best peak your interest.",Description of Right to Know PI Collected
3236,DB_19,"If we know you’ve already seen one of our Customer’s ads several times, we’ll try to show you a different ad next time.",Description of Right to Know PI Collected
3237,DB_19,"Sequencing: If you are being served a sequence of ads, to make sure we show you the right ad next in the sequence.",Description of Right to Know PI Collected
3240,DB_19,"To learn more about how we use cross-device matching, visit our blog.",Description of Right to Know PI Collected
3243,DB_19,Identifying Companies Associated with an IP Range for B2B marketing: We match IP address ranges to companies who disclose their IP address ranges in order to provide aggregated reports to companies regarding their website traffic.,Description of Right to Know PI Collected
3250,DB_19,Please see our Website Privacy Notice to learn more about how we use that data.,Description of Right to Know PI Collected
3257,DB_19,"You can refuse consent to, or opt-out of, NextRoll cookies at any time, as explained in Your Choices and Opting-out of Interest-Based Advertising and Analytics below",Methods to exercise rights
3271,DB_19,Web browser: You can opt-out of receiving interest-based ads served by us or on our behalf by clicking on the blue icon that typically appears in the corner of the ads we serve and following the instructions provided or by clicking on our opt-out page,Methods to exercise rights
3280,DB_19,Web browser: You can opt-out of receiving interest-based ads served by us or on our behalf by clicking on the blue icon that typically appears in the corner of the ads we serve and following the instructions provided or by clicking on our opt-out page.,Description of Right to Opt-out of sale of PI
3285,DB_19,"Since we only link users across browsers and devices in certain conditions, there may be cases where you are still being tracked in a different browser or device we have not linked, and where we are treating you as a different user.",Description of Right to Opt-out of sale of PI
3308,DB_19,"Personal Data Associated with Advertising Bidding Requests: Data logged in order to process an advertising bid request we have received from an Advertising Partner (such as a cookie identifier, IP address, the domain url requesting to display the ad, and browser information) are deleted after 7 days.",Description of Right to Know PI sold / shared
3309,DB_19,"Data we have logged regarding bids we have placed to display an advertisement (including cookie identifiers, mobile identifiers, the advertisement bid on and the advertisement won or displayed to the visitor) are deleted after 15 days.",Description of Right to Know PI sold / shared
3331,DB_19,"This section supplements the information contained in this Service Privacy Notice and applies solely to visitors, users and others who are residents of the State of California, as defined in Section 17014 of Title 18 of the California Code of Regulations.",Description of Right to Know PI Collected
3348,DB_19,Auditing Interactions with Consumers: to count ad impressions and verify the quality of ad impressions served to unique visitors identified by cookie id or other unique identifier;,Description of Right to Know PI Collected
3386,DB_19,"On the verification form, the requestor must:",Methods to exercise rights
3407,DB_19,Suggest that you may receive a different price or rate for goods or services or a different level or quality of goods or services; or,Description of Right to Non-discrimination on exercising rights
3666,DB_19,"Sales of Personal Information\nIn the preceding (12) twelve months, we have sold the following categories of personal information:\n\nCategory A (Identifiers).",Categories of Personal Information Sold
3683,DB_20,We will post any changes to this Privacy Policy on our Sites.,Updated Privacy Policy
3873,DB_20,How We Disclose Site Visitor Information,Categories of Personal Information Shared / Disclosed
3907,DB_20,"Therefore, we offer the following options for controlling the interest-based content and ads you receive.\n\nIf you do not want to receive interest-based ads from Taboola, you can disable the display of such ads by clicking on the opt-out link below.",Description of Right to Opt-out of sale of PI
3976,DB_20,"We may disclose User Information to other unaffiliated third parties, specifically with (i) our data partners, so that we can connect you with relevant content by allowing our advertisers to target specific audience segments, and (ii) our programmatic demand and supply partners, so that we can serve you with tailored advertisements.",Categories of Personal Information Shared / Disclosed
3981,DB_20,"If your browsers are configured to reject cookies, your opt-out may not be effective, since we identify your choice to opt-out based on an opt-out cookie we deliver to you.",Methods to exercise rights
3990,DB_20,You may also visit one of the Digital Advertising Alliance affiliate websites to learn more about User choices and opting out of interest-based advertising displayed by the many member companies.,Methods to exercise rights
3992,DB_20,Users in Canada may visit the DAAC consumer choice page at www.youradchoices.ca/choices,Methods to exercise rights
3994,DB_20,You can also opt out of the use of your email address for targeted ads through Audience Matched Advertising or AMA by Taboola and other advertising companies through the NAI Audience Matched Advertising Opt Out (Beta).,Methods to exercise rights
4084,DB_21,Personal Information Sold in the Last 12 Months\nIn the last twelve months we have sold the categories below of personal information for a business purpose.,Categories of Personal Information Sold
4091,DB_21,Categories of personal information collected about you.,Description of Right to Know PI Collected
4097,DB_21,"Whether we disclosed or sold your personal information for a business purpose, two separate lists\nE.",Description of Right to Know PI Collected
4101,DB_21,We may not delete your information if it is required to us or our service providers to do the following:\n\n\nA.,Description of Right to Delete
4104,DB_21,Complying with the California Electronic Communications Privacy Act (Cal.,Description of Right to Delete
4108,DB_21,"Identifying security risks, protecting against deceptive, fraudulent, malicious, or illegal activity, or prosecuting individuals involved in such activities.\nD.",Description of Right to Delete
4112,DB_21,"Once you have made a verifiable consumer request, we will provide your personal information in a portable manner so that you can access it easily.",Methods to exercise rights
4128,DB_21,Personal Information Sales Opt-Out and Opt-In Rights\nCalifornia residents who are sixteen years of age or older have the right to dictate that we do not sell their personal information.,Description of Right to Opt-out of sale of PI
4132,DB_21,"Non-Discrimination Rights\nTo the extent required by the CCPA, we will not discriminate against individuals who choose to exercise any of their rights under the CCPA.",Description of Right to Non-discrimination on exercising rights
4146,DB_21,Sharing Personal Information\nWe may disclose your personal information to a third party (eg: Service providers and data aggregators) for a business purpose.,Categories of Personal Information Shared / Disclosed
4148,DB_21,"Participating in public or peerreviewed historical, scientific, or statistical research which is in the public interest and abides by ethics standards, if the information is required to complete the research and you have provided informed consent\n",Description of Right to Delete
4149,DB_21,"Financial Incentives & Non-Discrimination Rights\nTo the extent required by the CCPA, we will not discriminate against individuals who choose to exercise any of their rights under the CCPA.",Description of Right to Non-discrimination on exercising rights
4151,DB_21,"Rather, if you do not agree, we might not be allowed to provide your information to third parties who have the quotes, services or other information you have requested.",Description of Right to Non-discrimination on exercising rights
4153,DB_21,Other California Privacy Rights\nCalifornia’s “Shine the Light” law (Civil Code Section § 1798.83) provides California residents with the right to request information regarding our disclosure of personal information to third parties for their direct marketing purposes.,Description of Right to Know PI sold / shared
4159,DB_21,We may deny any deletion requests if that information is needed by us or our service providers to provide you with any of our services that you have purchased or for any legal reasons.\n\n3.,Methods to exercise rights
4168,DB_21,We may deny any deletion requests if that information is needed by us or our service providers to provide you with any of our services that you have purchased or for any legal reasons.,Description of Right to Delete
4171,DB_22,"From Your Internet-Connected Devices:\n\nWe collect or receive the following types of information, from websites, mobile apps, data aggregators, public sources and our technology (or other, similar means): \n\nDevice Data.",Categories of Personal Information Collected
4192,DB_22,"As to the personal information that we collect in the course of operating our Services, we may share and disclose such information as follows: \n\nWith our Customers and with our Providers: We provide TrueData Services to our Customers and Providers that include agencies; brands; mobile app publishers; third party marketing companies; advertising technology companies; marketing technology companies; digital advertisers; and other companies and not for profit organizations that use data for Advertising Services such as targeting; audience creation; measurement; analytics; and other purposes associated with advertising via online or mobile channels including display, mobile, social, email, and video; as well as for purposes conducting research and analysis of consumer behavior.",Categories of Personal Information Shared / Disclosed
4200,DB_22,Changes to this Privacy Policy will be posted on this page.,Updated Privacy Policy
4215,DB_22,"After the tone please very slowly state your email address and please also leave your telephone number as well, and we will contact you with the instructions on how to proceed with your request.",Methods to exercise rights
4219,DB_22,"Because such improper disclosure would likely adversely affect the privacy rights and freedoms of the relevant data subject/consumer, we limit certain personal data we make available.",Methods to exercise rights
4224,DB_22,There are two ways to submit a “request to opt-out of the sale” of your personal information.,Methods to exercise rights
4231,DB_22,"SCOPE OF THIS PRIVACY POLICY\nThis TrueData Privacy Policy (“Privacy Policy”) covers the information that we collect or receive from the following sources:\n\nAcross the internet, offline sources, and through internet-connected devices from Providers\nInformation we collect or receive from visitors to our website at https://www.truedata.co (the “Site”)\nInformation provided by individuals who interact with us at events, conferences, and related activities (“Events”). \nData request form and web portal: “DO NOT SELL MY PERSONAL INFORMATION PAGE”.",Categories of Personal Information Collected
4251,DB_22,Right to Opt-Out of Sale\n\nCalifornia Consumers have the right to opt out of “sales” of their personal information.\n\nThe CCPA’s broad definition of “sale” may include using services to deliver targeted advertising on other sites or applications.,Description of Right to Opt-out of sale of PI
4252,DB_22,Right to Non-Discrimination\n\nTrueData values giving consumers control over their privacy and personal information.,Description of Right to Non-discrimination on exercising rights
4300,DB_22,When you finish recording you may hang up or press the pound key for more options.,Methods to exercise rights
4337,DB_23,"We also may share the Information during the course of any due diligence process leading up to any such transaction.\nOur website(s) use cookies and similar technologies, both for its internal and operational purposes and to market to you (such as to retarget ads to you when you visit other sites across the Internet).",Categories of Personal Information Shared / Disclosed
4340,DB_23,Please check back to learn of any changes to this Privacy Policy,Updated Privacy Policy
4358,DB_23,"California law broadly defines what constitutes a “sale” – including in the definition making available a wide variety of information in exchange for “valuable consideration.”\n\nDepending what information we have about you, and whether we have included any of it in our marketing products and services, we may have sold (as defined by California law) certain categories of information about you in the last 12 months, as described in the above table in Section II of this Addendum, titled OUR DISCLOSURE AND SALE OF PERSONAL INFORMATION.",Description of Right to Opt-out of sale of PI
4361,DB_23,"Right to request deletion of your personal information\nAs explained further in Section (D) below, you may also request that we delete any personal information that we collected from , such as if you have been a customer of ours. (Note that this is different from your right to “opt out” of us selling your personal information, which is described below; also note that we do not generally collect personal information directly from consumers.) However, we may retain personal information for certain important purposes, such as (a) to protect our business, systems, and users from fraudulent activity, (b) to address technical issues that impair existing functionality (such as de-bugging purposes), (c) as necessary for us, or others, to exercise their free speech or other rights, (d) to comply with law enforcement requests pursuant to lawful process, (e) for scientific or historical research, (f) for our own internal purposes reasonably related to your relationship with us, or to comply with legal obligations.",Description of Right to Delete
4367,DB_23,"We do not deny to you, charge different prices for, or provide a different level of quality of goods or services to you, if you choose to exercise these rights.",Description of Right to Non-discrimination on exercising rights
4368,DB_23,Knowledge of information collected;,Description of Right to Know PI Collected
4370,DB_23,Limit use of information collected;,Description of Right to Limit use of PI
4389,DB_23,"Demographic information, such as gender, age or age range, level of education or likely income range.",Categories of Personal Information Collected
4416,DB_23,"Rye Brook, NY 10573, USA",Methods to exercise rights
4424,DB_23,Opting-out in this way will not prevent you from seeing all types of online ads; it generally will prevent targeted ads customized to what advertisers think may be most likely to be relevant and of interest to you.,Methods to exercise rights
4620,DB_23,California law broadly defines what constitutes a “sale” – including in the definition making available a wide variety of information in exchange for “valuable consideration.”,Description of Right to Opt-out of sale of PI
4627,DB_23,"Because it is required by California law (and also, for security purposes), we will verify your identity – in part by requesting certain information from you or by requesting you demonstrate possession of a particular identification method (such as an email account) — when you request to exercise your California privacy rights.",Methods to exercise rights
4646,DB_23,Biometric information related to access to the Company’s secured access points;,Categories of Personal Information Collected
4730,DB_24,We may disclose your personal information to companies that perform technology or marketing services for us for their use in performing such services.,Categories of Personal Information Shared / Disclosed
4765,DB_24,"Respond to requests from law enforcement and government organizations as required by law, court order, or government regulation\nEvaluate or conduct a merger, divestiture, restructuring, reorganization, dissolution, sale, or other transfer of some or all of our assets whether on an ongoing basis or as part of a discrete transaction in which collected personal information is among the assets transferred",Categories of Personal Information Shared / Disclosed
4776,DB_24,"We reserve the right, at our discretion, to change, modify, add, or remove portions from this policy at any time, consistent with our legal obligations, so visitors are encouraged to review this policy from time to time.",Updated Privacy Policy
4790,DB_24,The right not to receive discriminatory treatment by us for choosing to exercise privacy rights,Description of Right to Non-discrimination on exercising rights
4794,DB_24,"Even after fulfilling a request for deletion, we are required to maintain records for statutory compliance.",Description of Right to Delete
4839,DB_25,The right to request that we delete the personal information we may have collected directly from you.,Description of Right to Delete
4862,DB_25,"If you are a California resident, the California Consumer Privacy Act (“the CCPA”) provides you with certain rights relating to the data that Belardi Wong may have collected about you.",Description of Right to Know PI Collected
4972,DB_26,"To make such a request, please write to us at the following address:\n\nPrivacy & Data Security Officer\nComplete Mailing Lists\n190 East Post Road\nWhite Plains, NY 10601\n\n(855) 913-0715",Methods to exercise rights
5012,DB_26,"Once verified, we will accept opt-out requests via the methods listed on the Do Not Sell My Personal Information page.",Description of Right to Opt-out of sale of PI
5029,DB_27,The right to opt out of our sale of your personal information.,Description of Right to Opt-out of sale of PI
5044,DB_27,You do have a choice.,Description of Right to Opt-out of sale of PI
5046,DB_27,"However, you should weigh your decision carefully.",Description of Right to Opt-out of sale of PI
5060,DB_27,Recent updates to any Experian U.S. privacy policy will be posted to this section.,Updated Privacy Policy
5070,DB_27,Experian U.S.- EU Privacy Shield Privacy Policy added to the Experian.com website.,Updated Privacy Policy
5096,DB_27,"Updated: June 12, 2003",Updated Privacy Policy
5098,DB_27,"In the commercial, Experian retains the commercial users' credit card information for billing purposes only.",Updated Privacy Policy
5107,DB_27,"Updated: February 10, 2003",Updated Privacy Policy
5113,DB_27,"Web site was updated to add a privacy policy description for List Link ExpressSM and List Link AdvancedSM business-to-business online prospecting tools of Experian Marketing Solutions, Inc.",Updated Privacy Policy
5114,DB_27,"Updated: March 8, 2002",Updated Privacy Policy
5152,DB_28,Since PacificEast does not receive onward transfers of consumer data and acts only as a processor on behalf of our registered customers we have no personal data over which consumers may limit use or disclosure.,Description of Right to Limit use of PI
5185,DB_28,"Last Revised: December 15, 2022",Updated Privacy Policy
5285,DB_29,"You have the right not to receive discriminatory treatment for the exercise of your CCPA privacy rights, subject to certain limitations.",Description of Right to Non-discrimination on exercising rights
5309,DB_29,Our service providers acting on our behalf.,Categories of Personal Information Shared / Disclosed
5324,DB_29,Personal Information we share: Identifiers; Internet or Other Electronic Network Activity; Geolocation Data.,Categories of Personal Information Shared / Disclosed
5329,DB_29,Personal Information we share: Identifiers; Internet or Other Electronic Network Activity Information; Geolocation Data.,Categories of Personal Information Shared / Disclosed
5342,DB_29,This Privacy Notice may be updated periodically to reflect changes in our privacy practices.,Updated Privacy Policy
5388,DB_29,These cookies allow us to tailor the site to you and provide enhanced functionality.,Categories of Personal Information Collected
5422,DB_29,"We may disclose data about you: (i) if we are required to do so by law or legal process, (ii) in response to a request from a court, law enforcement authorities, or government officials, or (iii) when we believe disclosure is necessary or appropriate to prevent physical harm or financial loss, or in connection with an investigation of suspected or actual fraudulent or illegal activity.",Categories of Personal Information Shared / Disclosed
5424,DB_29,Withdraw any consent provided.,Description of Right to Opt-out of sale of PI
5426,DB_29,We will apply your preferences going forward and this will not affect the lawfulness of the processing before your consent withdrawal.,Description of Right to Opt-out of sale of PI
5461,DB_29,Resellers: Consumer data brokers.,Categories of Personal Information Shared / Disclosed
5468,DB_29,"Advertising Providers: Advertising technology companies, such as advertising networks.\nPersonal Information we share: Identifiers; Internet or Other Electronic Network Activity; Geolocation Data.",Categories of Personal Information Sold
5469,DB_29,Analytics Providers.\nPersonal Information we share: Identifiers; Internet or Other Electronic Network Activity; Geolocation Data.,Categories of Personal Information Sold
5477,DB_30,"""Welcome to our portal for submitting California Consumer Privacy Act of 2018 (as amended by the California Privacy Rights Act of 2020, and its implementing regulations, collectively, """"CCPA"""") requests to opt out of the sale and/or sharing of your personal information.""",Description of Right to Opt-out of sale of PI
5487,DB_31,rectify the information we hold about you;,Description of Right to Correct Information
5489,DB_31,restrict our use of your Personal Information;,Description of Right to Limit use of PI
5493,DB_31,We will not discriminate against you for exercising your privacy rights.,Description of Right to Non-discrimination on exercising rights
5512,DB_31,"""Under the CCPA, a """"sale"""" can mean sharing personal information with a third party for anything of value, even if no money is exchanged.""",Description of Right to Opt-out of sale of PI
5518,DB_31,"Sale of Personal Information\nIf you opt out, your personal information will continue to be shared if the transfer does not constitute a sale, such as transfers to our service providers.",Description of Right to Opt-out of sale of PI
5535,DB_31,"Should such a sale or transfer occur, we will use reasonable efforts to try to ensure that the entity to which we transfer your Personal Information uses it in a manner that is consistent with this Privacy Notice.",Categories of Personal Information Shared / Disclosed
5575,DB_32,"However, refusal of a cookie may, in some cases, preclude you from using or negatively impact the display or function of the Sites or certain areas or features of the Sites.\n\nWe may also use web beacons (a.k.a. clear GIFs, web bugs or pixel tags) to personalize your experience on the Sites, to generate information about Site traffic and trends, and to verify your viewing and/or receipt of communications.",Categories of Personal Information Collected
5584,DB_32,"In the preceding 12 months, BDO USA has sold the following categories of Personal Information to IDD clients: Identifiers, Protected Characteristics, Professional and Employment-Related Information, Commercial Information, Internet or Other Electronic Activity Information, and Profile Information. \nWe may also sell information to the extent our use of cookies and tracking technologies for targeted advertising constitutes a “sale” under the CCPA.",Description of Right to Know PI sold / shared
5590,DB_32,The right to correct inaccurate Personal Information that we maintain about you;,Description of Right to Correct Information
5591,DB_32,The right to delete your Personal Information under specific circumstances;,Description of Right to Delete
5601,DB_32,"If the changes are material, we will endeavor to notify you in advance of such changes taking place.",Updated Privacy Policy
5676,DB_32,"In the preceding 12 months, BDO USA has sold the following categories of Personal Information to IDD clients: Identifiers, Protected Characteristics, Professional and Employment-Related Information, Commercial Information, Internet or Other Electronic Activity Information, and Profile Information.",Categories of Personal Information Sold
5677,DB_32,We may also sell information to the extent our use of cookies and tracking technologies for targeted advertising constitutes a “sale” under the CCPA.,Categories of Personal Information Sold
5720,DB_33,"We will also explain the consequences should you decide not to provide information, which we have indicated is mandatory.",Categories of Personal Information Collected
5733,DB_33,"We prohibit members of our company group and relevant third parties from using your Personal Data:\n\nto target and profile you on the basis of sensitive categories of Personal Data (e.g. health status, sexual orientation, political beliefs, etc.);\nto single out individuals for unlawful or discriminatory purposes;\nin any way that goes against the law, including data protection law.\nIf other entities process your Personal Data, we ensure there are adequate contractual and operational safeguards in place.",Categories of Personal Information Shared / Disclosed
5736,DB_33,request that we stop further use of any Personal Data we hold about you;,Description of Right to Limit use of PI
5774,DB_33,to comply with the law;,Categories of Personal Information Shared / Disclosed
5815,DB_34,Right to Non-Discrimination: Digital Segmeent will not discriminate in any way agasint California residents that have asserted any of these rights.,Description of Right to Non-discrimination on exercising rights
5817,DB_34,Questions or comments regarding the California Consumer Privacy Act or Terms of Use should be sent by email at “info at digitalsegment dot com”.,Methods to exercise rights
5952,DB_35,"Mergers, Acquisitions or Insolvency.",Categories of Personal Information Shared / Disclosed
5984,DB_35,"You have a right to request that we provide you with the following information, the:\n\nspecific pieces of personal information that we have collected about you;\ncategories of personal information we have collected about you;\ncategories of sources from which the personal information is collected;",Description of Right to Know PI Collected
5986,DB_35,You have a right to request that we update or correct your personal information.,Description of Right to Correct Information
5987,DB_35,"You also have a right to request that we delete your personal information under certain circumstances, subject to a number of exceptions.",Description of Right to Delete
5998,DB_35,"FordDirect will not discriminate against you for exercising your rights under CCPA, including: denying you goods or services; providing a different level of goods or services; or charging you different prices or rates for goods or services.",Description of Right to Non-discrimination on exercising rights
6094,DB_36,Request an update or correction of your Personal Data so that it is always accurate.,Description of Right to Correct Information
6096,DB_36,"Restrict the processing of your Personal Data for example, if you have contested the accuracy of your Personal Data, and for a period of time that is sufficient to allow us to verify its accuracy.",Description of Right to Limit use of PI
6097,DB_36,"Object to the processing on specific grounds relating to your particular situation, in the event and to the extent that we process your Personal Data based on our legitimate interests.",Description of Right to Limit use of PI
6099,DB_36,You also have the right to object where we are processing your Personal Data for profiling.,Description of Right to Limit use of PI
6103,DB_36,We regularly review and update this Privacy Notice.,Updated Privacy Policy
6128,DB_36,Technical information: We collect information about your device and device settings you use for the purposes described below.,Categories of Personal Information Collected
6209,DB_36,For what purpose do we process your data?,Categories of Personal Information Collected
6241,DB_37,"Effective date: December 22, 2022\n\nLast updated: December 2, 2022",Updated Privacy Policy
6277,DB_37,You have the right to opt out from LeadPost selling any data collected or stored about you to third parties.,Methods to exercise rights
6307,DB_37,Third-party vendors who provide services on our behalf\n\nIdentifiers\nAdditional Data Subject to §1798.80\nProtected Classifications\nCommercial Information\nOnline Activity\nGeolocation Data\nEmployment Information\nInferences,Categories of Personal Information Sold
6309,DB_37,Consumer data vendors\n\nIdentifiers\nAdditional Data Subject to §1798.80\nProtected Classifications\nCommercial Information\nOnline Activity\nGeolocation Data\nEmployment Information\nInferences\n,Categories of Personal Information Sold
6316,DB_37,You have the right to request the deletion of all data that has been collected and stored about you by LeadPost,Description of Right to Delete
6343,DB_37,"Political committees, non-profit advocacy groups, and similar organizations\n\nIdentifiers\nAdditional Data Subject to §1798.80\nProtected Classifications\nCommercial Information\nOnline Activity\nGeolocation Data\nEmployment Information\nInferences",Categories of Personal Information Sold
6346,DB_37,-You have the right to request a record of all data that has been collected and stored about you by LeadPost.,Description of Right to Know PI Collected
6373,DB_38,"not be denied goods or services for exercising your rights, though we may still provide a different level of service as permitted by law.",Description of Right to Non-discrimination on exercising rights
6374,DB_38,California law requires that businesses such as LiveIntent describe certain transfers of information that involve the exchange of money or other valuable consideration.,Description of Right to Know PI sold / shared
6375,DB_38,"California defines such transfers as “sales,” even if money never trades hands.",Description of Right to Know PI sold / shared
6377,DB_38,"California residents may exercise their rights to learn about our processing of personal information (including learning about the specific pieces of information we collect) or request deletion of personal information by visiting this webform or by emailing us at ccpacompliance@liveintent.com, or by calling us at 855-655-0542.",Methods to exercise rights
6381,DB_38,California residents also have the right to opt-out of the “sale” (as described above) of their information.,Description of Right to Opt-out of sale of PI
6404,DB_38,Modifications to this policy\nWe may update this Policy from time to time by posting an updated Policy on this page.,Updated Privacy Policy
6529,DB_39,"categories of third parties to/with whom your Personal Information has been disclosed/shared, including for a business purpose; and\nthe specific pieces of Personal Information collected about you.",Description of Right to Know PI sold / shared
6533,DB_39,Right to be Free from Discrimination\nYou may exercise all of the above rights at any time and Lotame will not unlawfully discriminate against you for exercising your rights under CCPA.,Description of Right to Non-discrimination on exercising rights
6535,DB_39,You may be required to provide additional information to verify your identity and request before further action is taken.,Methods to exercise rights
6565,DB_39,"Right to Know\n\nYou have the right to request, at no charge, that we disclose to you the categories and specific pieces of Personal Information Lotame has collected about you in the prior 12 months, including:\n\ncategories of Personal Information collected about you;\ncategories of sources from which we collected your Personal Information;\nbusiness and/or commercial purposes for collecting and disclosing your Personal Information;",Description of Right to Know PI Collected
6577,DB_39,"Opt-out or object to our use of personal information about you where either:\nour use is based on your consent or our legitimate interests, or\nyou do not want us to share with third parties data related to cookies and similar technologies for website functionality or advertising purposes.",Description of Right to Limit use of PI
6588,DB_39,PART 12: PRIVACY POLICY CHANGES\nWe reserve the right to revise this Privacy Policy at any time.,Updated Privacy Policy
6609,DB_39,Lotame provides individuals with the ability to opt-out of the collection and use of their information for interest-based advertising for all of Lotame’s Services.,Description of Right to Opt-out of sale of PI
6620,DB_39,"You may opt-out of the collection and use of data by Lotame specifically, or by all companies that offer a mobile application opt-out via the TrustE or AppChoices app.",Methods to exercise rights
6621,DB_39,Your opt-out choice is applied only to the collection of data from applications on the device from which you opt-out.,Methods to exercise rights
6633,DB_39,categories of sources from which we collected your Personal Information;\nbusiness and/or commercial purposes for collecting and disclosing your Personal Information;,Description of Right to Know PI Collected
6660,DB_40,"Your request must: (a) provide sufficient information that allows us to reasonably verify you are the person about whom we collected personal information or an authorized representative; and (b) describe your request with sufficient detail that allows us to properly understand, evaluate, and respond to it.",Methods to exercise rights
6666,DB_40,We need to provide you with access to administer our platforms and services and fulfil our contractual obligations to your organization as a service provider.\nTo provide reporting to your organization Account Information; Log Records We use your Account Information and Log Records to prepare reports to report on your use of our services.,Categories of Personal Information Collected
6762,DB_40,"We may share Personal Data as we believe necessary or appropriate:\n• to comply with applicable laws; and/or\n• to comply with lawful requests and legal process, including to respond to requests from public and government authorities to meet national security or law enforcement requirements.",Categories of Personal Information Sold
6786,DB_41,We’ve outlined how to honor them below.,Methods to exercise rights
6800,DB_41,"The most current version of this Privacy Policy will govern our current use of your information and your use of our Services, the Websites and/or the app and is located here.",Updated Privacy Policy
6856,DB_41,"b) the right to delete the information we have about you, your computer or device (i.e., the right to delete)",Description of Right to Delete
6868,DB_41,CHANGES TO THE PRIVACY POLICY\nWe reserve the right to modify this Privacy Policy from time to time.,Updated Privacy Policy
6872,DB_42,How it can be corrected;,Description of Right to Correct Information
6904,DB_42,"Verifying Your Requests – During the verification process, depending on the nature of your request, e.g. whether you are seeking access to information versus deleting information, we will first seek to verify your identity against known information in our environment, such as your name, e-mail address, and telephone.",Methods to exercise rights
6909,DB_42,The business or commercial purpose for collecting or selling personal information.\nThe categories of third parties with whom the business shares personal information.\nThe specific pieces of personal information it has collected about that consumer.,Description of Right to Know PI sold / shared
6912,DB_42,If you have any,Description of Right to Know PI Collected
6913,DB_42,questions about this privacy policy yo,Description of Right to Know PI sold / shared
6921,DB_42,Change/correct any data we have about you,Description of Right to Correct Information
6927,DB_42,The business or commercial purpose for collecting or selling personal information.\nThe categories of third parties with whom the business shares personal information.,Description of Right to Know PI sold / shared
6950,DB_43,"There are multiple ways that you can opt-out of having the Information used to market to you:\n\nFirst, you may contact us directly at privacy@stirista.com to have your personal information removed from our database.",Description of Right to Limit use of PI
6966,DB_43,"For instance, we share the Information with tech and customer support providers, marketing and advertising providers, other data providers (such as to enhance or verify our Information), security and data hygiene vendors, payment vendors (as to our business to business information), and other companies that may help us deliver or develop Services.\nWe may share the Information to communicate with you and market to you, including through email, direct mail or display media.\nWe will disclose your PII (or other Information) if we believe in good faith that we are required to do so by law, regulation or other government authority or to protect the rights, safety or property of ourselves or any person or entity.",Categories of Personal Information Shared / Disclosed
6993,DB_43,"Additionally, we need certain types of information so that we can provide our Services to you.",Description of Right to Delete
6994,DB_43,"If you ask us to delete it, you may no longer be able to access or use our Services.",Description of Right to Delete
6999,DB_43,"Right to “opt-out” of the sale of your personal information\nWe will not deny, charge different prices for, or provide a different level of quality of goods or services if you choose to exercise these rights.\n\nCalifornia residents may opt out of the “sale” of their personal information.",Description of Right to Opt-out of sale of PI
7002,DB_43,Information That We Collect and Use in Our Services,Categories of Personal Information Collected
7020,DB_43,"For instance, we may share the Information with tech and customer support providers, marketing and advertising providers, other data providers (such as to enhance or verify our Information), security vendors, payment vendors (as to our business to business information), and other companies help us deliver or develop Services.",Categories of Personal Information Shared / Disclosed
7047,DB_43,We use the Information we collect through our website(s) to do the following:,Categories of Personal Information Collected
7060,DB_43,Any changes to it will become effective when it is posted to our website.,Updated Privacy Policy
7064,DB_43,"We likewise may provide information to other companies and organizations (including law enforcement) for fraud protection, and spam/malware prevention, and similar purposes.",Categories of Personal Information Shared / Disclosed
7066,DB_43,"Sharing With Service Providers: We share any personal information we collect with our service providers, which may include (for instance) providers involved in tech or customer support, operations, web or data hosting, billing, accounting, security, marketing, data management, validation, enhancement or hygiene, or otherwise assisting us to provide, develop, maintain and improve our services.",Categories of Personal Information Shared / Disclosed
7072,DB_43,Right to request deletion of your personal information,Description of Right to Delete
7088,DB_43,"For instance, we may share the Information with tech and customer support providers, marketing and advertising providers, other data providers (such as to enhance or verify our Information), security vendors, payment vendors (as to our business to business information), and other companies help us deliver or develop Services.\nCorporate transfers: If Stirista, its stock or its significant assets are acquired by or merged into another entity, our information will be transferred to that entity, and may be shared during due diligence in anticipation of any such transaction.",Categories of Personal Information Sold
7092,DB_43,Cookies are stored on your computer or other device and act as tags that identify your device.,Categories of Personal Information Shared / Disclosed
7093,DB_43,Disabling Cookies\n\nMost web browsers are set up to accept cookies.,Description of Right to Opt-out of sale of PI
7123,DB_43,"We may sometimes share or otherwise disclose the Information we collect about you, as described in this Privacy Policy or otherwise disclosed to you when you provide us with the information, including as follows:",Categories of Personal Information Shared / Disclosed
7166,DB_43,"· Creating or helping to create defined audience segments based on common demographics and/or shared (actual or inferred) interests or preferences (e.g., households with prospective students).",Categories of Personal Information Collected
7182,DB_43,California residents may opt out of the “sale” of their personal information.,Description of Right to Opt-out of sale of PI
7217,DB_44,Geographic location of the device when it accesses a website or mobile application,Categories of Personal Information Collected
7243,DB_45,"This may include information provided through telephone, mailings, or events, from customers, vendors, suppliers, third parties, or commercially available sources (e.g., data brokers, data aggregators, public databases, etc.), and from third party partners or affiliates running co-branded campaigns or membership initiatives.",Categories of Personal Information Collected
7275,DB_45,"Where applicable, your continued use of our Premium Services, our websites, or accessing content posted on our websites shall constitute your acceptance of the modified or amended Privacy Policy.",Updated Privacy Policy
7317,DB_45,"We employ reCAPTCHA to check whether data is entered into our forms by a person or by an automated program, script or bot. reCAPTCHA analyzes the behavior of the person entering the data using various features.",Categories of Personal Information Shared / Disclosed
7349,DB_45,You may opt-out of TechTarget’s internet-based advertising by removing cookies or by setting your web browser settings to refuse cookies and similar Tracking Technologies.,Description of Right to Opt-out of sale of PI
7387,DB_45,"To learn more about your California privacy rights, please read our CCPA Privacy Notice",Description of Right to Know PI sold / shared
7482,DB_46,"Although much of our disclosures are governed by our contracts with our Business Clients, Company may disclose your PII to third party service providers and vendors in order to carry out any transaction that you have requested from us, or as necessary to complete our contractual obligations with you.",Categories of Personal Information Shared / Disclosed
7500,DB_46,Please check back each time you enter our Website.,Updated Privacy Policy
7502,DB_46,You have a right not to receive discriminatory treatment by us for the exercise of these privacy rights conferred by the CCPA.,Description of Right to Non-discrimination on exercising rights
7571,DB_46,Right to Non-Discrimination for the Exercise of a Consumer's Privacy Rights.,Description of Right to Non-discrimination on exercising rights
7576,DB_46,"For instance, Company may accumulate visitor data relating to referring domain names, the type of browsers used, operating system software, screen resolutions, color capabilities, browser plug-ins, language settings, cookie preferences, search engine keywords and JavaScript enablement",Categories of Personal Information Sold
7582,DB_46,Sometimes we collect combinations of these types of information.\n\n,Categories of Personal Information Sold
7628,DB_47,"This information is collected from the use of cookies, Web beacons or JavaScript.\n\n1.1.6.",Categories of Personal Information Collected
7648,DB_47,"""Cookies. """"Cookies"""" are a feature in your browser software.""",Categories of Personal Information Collected
7652,DB_47,"We may use cookies to keep track of the number of return visits, accumulate and aggregate statistical information generally pertaining to our Website, and deliver specific content to you based on your past viewing history.",Categories of Personal Information Collected
7709,DB_47,"We may disclose and transfer your information to a third-party who acquires any or all of our business, whether such acquisition is by way of merger, consolidation or purchase of all or a substantial portion of our assets.",Categories of Personal Information Shared / Disclosed
7722,DB_47,"We will post those changes through a prominent notice on the website, so that you will always know what information we gather, how we might use that information, and to whom we will disclose it.",Updated Privacy Policy
7758,DB_47,We will only use Personal Information provided in a verifiable consumer request to verify the requestor’s identity or authority to make the request.,Updated Privacy Policy
7767,DB_47,"You have the right to request that we advise you what Personal Information we collect, use, disclose, and sell that belongs to you",Description of Right to Know PI sold / shared
7777,DB_47,Right to Request Deletion of Personal Information.,Description of Right to Delete
7784,DB_47,"However, you have the right to cease all further sale of your Personal Information.",Description of Right to Opt-out of sale of PI
7785,DB_47,Right to Non-Discrimination for the Exercise of a Consumer's Privacy Rights.,Description of Right to Non-discrimination on exercising rights
7786,DB_47,You have a right not to receive discriminatory treatment by us for the exercise of these privacy rights conferred by the CCPA.,Description of Right to Non-discrimination on exercising rights
7787,DB_47,"As such, we will not deny you goods or services, charge you different prices or rates for goods or services, or deny you discounts or other benefits; nor will we provide you a different level or quality of goods or services or recommend a different level or quality of goods or services.",Description of Right to Non-discrimination on exercising rights
7854,DB_48,"If you are a California resident and would like a copy of this notice, please send an email request to privacy@360mediadirect.com and identify that it is a “Shine the Light Request” in the subject line of the email, or by sending a letter with the request to:\n\n360 Media Direct\nAttention: Privacy Request\n653 W Fallbrook Ave\nSte 101\nFresno, CA 93711",Methods to exercise rights
7883,DB_48,"If we sold or disclosed your personal information for a business purpose, two separate lists disclosing:\nsales, identifying the personal information categories that each category of recipient purchased; and\ndisclosures for a business purpose, identifying the personal information categories that each category of recipient obtained.",Description of Right to Know PI sold / shared
7886,DB_48,"Penal Code § 1546 seq.).\nEngage in public or peer-reviewed scientific, historical, or statistical research in the public interest that adheres to all other applicable ethics and privacy laws, when the information’s deletion may likely render impossible or seriously impair the research’s achievement, but only if you previously provided informed consent.\nEnable solely internal uses that are reasonably aligned with User expectations based on your relationship with us.\nComply with a legal obligation.\nMake other internal and lawful uses of that information that are compatible with the context in which you provided it.",Description of Right to Delete
7984,DB_48,"To archive or back up the Site or the Information for archival, backup, or disaster preparedness purposes;",Categories of Personal Information Collected
8015,DB_48,California Right to Opt Out,Description of Right to Opt-out of sale of PI
8045,DB_48,Exercising California Access and Deletion Rights,Methods to exercise rights
8052,DB_48,"Charge you different prices or rates for goods or services, including through granting discounts or other benefits, or imposing penalties;",Description of Right to Non-discrimination on exercising rights
8055,DB_48,12: Notice of Incentive,Description of Right to Non-discrimination on exercising rights
8058,DB_48,"Points may be redeemed for rewards we make available on the Site, such as digital or print magazine subscriptions.",Description of Right to Non-discrimination on exercising rights
8060,DB_48,"Points may not be redeemed for money, have no cash value, and may not be transferred or used except on the Site.",Description of Right to Non-discrimination on exercising rights
8061,DB_48,"Except for the required PI to register with the Site, we do not otherwise discriminate between Users that provide PI and Users that do not provide PI.",Description of Right to Non-discrimination on exercising rights
8084,DB_49,Other product or company names mentioned herein are the property of their respective owners.,Description of Right to Opt-out of sale of PI
8087,DB_49,"If you are a California resident, you may exercise the following rights regarding your personal information, subject to certain exceptions and limitations:",Description of Right to Know PI sold / shared
8088,DB_49,The right to know:,Description of Right to Know PI sold / shared
8092,DB_49,The categories of personal information we have sold and the categories of third parties to whom the information was sold; and,Description of Right to Know PI sold / shared
8096,DB_49,The right to opt out of our sale(s) of your personal information.,Description of Right to Opt-out of sale of PI
8110,DB_49,"The categories of personal information that we have disclosed to third parties for a business purpose, and the categories of recipients to whom this information was disclosed;\nThe categories of personal information we have sold and the categories of third parties to whom the information was sold; and",Description of Right to Know PI sold / shared
8149,DB_50,"Please note that if you opt out of certain types of sales, we may be unable to provide you with the services that rely on such sales.",Description of Right to Opt-out of sale of PI
8151,DB_50,"Depending on your state, the right to limit our processing of certain “sensitive” personal information (or to withdraw consent for such processing if you previously gave it).",Description of Right to Limit use of PI
8172,DB_50,"We may share or disclose personal and usage information in certain circumstances, including sharing with:",Categories of Personal Information Shared / Disclosed
8186,DB_50,The right to opt out of (i) the sharing of personal information for targeted advertising or (ii) the sale of personal information,Description of Right to Opt-out of sale of PI
8194,DB_50,e use Google Analytics to better understand how visitors interact with our Websites.,Categories of Personal Information Shared / Disclosed
8268,DB_50,Via email at privacyrights@groundtruth.com,Methods to exercise rights
8331,DB_51,"Right to correction\nIf you are a California or Virginia resident, you have the right to request that we correct inaccuracies in your personal information.",Description of Right to Correct Information
8340,DB_51,"Right to limit the use and disclosure of sensitive personal information (California residents only)\nIf you are a California resident, you have the right to limit our use and disclosure of your “sensitive personal information”, as that term is defined by the CCPA/CPRA.",Description of Right to Limit use of PI
8431,DB_51,Category of Personal Information Personal Information Sold,Categories of Personal Information Sold
8514,DB_52,"Please note that you will need to opt out again if you visit one of our Services from a different device or browser of if you clear your cookies.\nVerification: Please note, we will take steps to verify your identity before fulfilling any of the above requests.",Methods to exercise rights
8535,DB_52,How to Opt-Out of the Sale of Personal Information: You may opt-out of L2’s sale of your personal information as defined by the CCPA.,Description of Right to Opt-out of sale of PI
8541,DB_52,What choices are available to you regarding the use of your data.,Description of Right to Limit use of PI
8552,DB_52,Change/correct any data we have collected about you from those interactions.,Description of Right to Correct Information
8553,DB_52,You also may contact L2 directly to have your record removed entirely from our current databases.,Methods to exercise rights
8564,DB_53,Cookies enable MCH to track usage patterns and deliver customized content to users.,Categories of Personal Information Collected
8579,DB_53,Categories of your personal information that MCH sold or disclosed for a business purpose; \nCategories of third parties to whom the personal information was sold or disclosed for a business purpose;,Description of Right to Know PI sold / shared
8584,DB_53,"We may deny your deletion request if retaining the information is necessary for us or our service providers to: \n \n\nComplete the transaction for which we collected the personal information, provide a good or service that you requested, take actions reasonably anticipated within the context of our ongoing business relationship with you, or otherwise perform our contract with you. \nDetect security incidents, protect against malicious, deceptive, fraudulent, or illegal activity, or prosecute those responsible for such activities.\nComply with the California Electronic Communications Privacy Act (Cal.",Description of Right to Delete
8606,DB_53,Users may access their own personal information and contact us about inaccuracies they may find,Description of Right to Correct Information
8628,DB_53,We may deny your deletion request if retaining the information is necessary for us or our service providers to:,Description of Right to Delete
8631,DB_53,Comply with the California Electronic Communications Privacy Act (Cal.,Description of Right to Delete
8669,DB_54,The categories of personal information we collected about you.\nThe categories of sources for the personal information we collected about you.\nOur business or commercial purpose for collecting that personal information.\nThe categories of third parties with whom we share that personal information.\nThe specific pieces of personal information we collected about you.,Description of Right to Know PI Collected
8679,DB_54,"Unless permitted by the CCPA, OnCore will not:\n\nDeny you goods or services.\nCharge you different prices or rates for goods or services, including through granting discounts or other benefits, or imposing penalties.\nProvide you a different level or quality of goods or services.\nSuggest that you may receive a different price or rate for goods or services or a different level or quality of goods or services.",Description of Right to Non-discrimination on exercising rights
8717,DB_54,Physical location or movements.,Categories of Personal Information Collected
8752,DB_54,We sell these categories of personal information for commercial purposes to the following categories of third parties :,Categories of Personal Information Sold
8764,DB_54,Penal Code § 1546 et. seq.).,Description of Right to Delete
8765,DB_54,"Engage in public or peer-reviewed scientific, historical, or statistical research in the public interest that adheres to all other applicable ethics and privacy laws, when the information’s deletion may likely render impossible or seriously impair the research’s achievement, if you previously provided informed consent.",Description of Right to Delete
8767,DB_54,Comply with a legal obligation.,Description of Right to Delete
8769,DB_54,You have the right to request that OnCore no longer sell your personal information.,Description of Right to Opt-out of sale of PI
8771,DB_54,"To exercise the access, data portability, and deletion rights described above, please submit a verifiable consumer request to OnCore by:",Methods to exercise rights
8777,DB_54,"Charge you different prices or rates for goods or services, including through granting discounts or other benefits, or imposing penalties.",Description of Right to Non-discrimination on exercising rights
8802,DB_55,Right of Deletion\n\nYou have the right to request that we delete the personal information collected and maintained about you on a device-by-device basis.,Description of Right to Delete
8805,DB_55,"Further, these U.S. state laws provide a form of opt-out right for the processing of personal information for targeted advertising (i.e., under the CCPA, you may opt-out of “sharing” for “cross-context behavioral advertising” while other U.S. state privacy laws provide a right to opt-out of the processing of personal information for “targeted advertising” more generally).",Description of Right to Opt-out of sale of PI
8811,DB_55,"Any obligation on Cadent to obtain consent for processing “sensitive personal information” will be limited to what is required by Cadent under such corresponding U.S. state privacy laws, as such state laws become effective.\n\nYou have the right to opt-out of our processing of your “sensitive personal information” as set forth under Exercising Your Rights below.",Description of Right to Limit use of PI
8912,DB_55,"You have the right to request that any inaccuracies in your personal information be corrected, taking into account the nature of the personal data and the purposes of processing your personal information.",Description of Right to Correct Information
8913,DB_55,You have the right to request that we delete the personal information collected and maintained about you on a device-by-device basis.,Description of Right to Delete
8918,DB_55,We process “sensitive personal information” as defined under certain U.S. state privacy laws.,Description of Right to Limit use of PI
8919,DB_55,"Any obligation on Cadent to obtain consent for processing “sensitive personal information” will be limited to what is required by Cadent under such corresponding U.S. state privacy laws, as such state laws become effective.",Description of Right to Limit use of PI
8922,DB_55,Emailing us at privacy@cadentdev.wpengine.com.,Methods to exercise rights
8951,DB_55,"In essence, the mobile version of pixels.",Categories of Personal Information Collected
8959,DB_55,"For purposes of the California Consumer Privacy Act (CCPA), for the personal information we collect from users within the preceding twelve (12) months, and the business and commercial purposes for use of this information (including related disclosures), please see the relevant sections above.",Description of Right to Know PI Collected
8961,DB_55,You have the right to opt-out of our processing of your “sensitive personal information” as set forth under Exercising Your Rights below.,Description of Right to Limit use of PI
9053,DB_56,The legal bases of our processing of your personal information as described in this Privacy Policy will depend on the type of personal information and the specific context in which we process it.,Description of Right to Know PI Collected
9081,DB_56,Use for new purposes.,Description of Right to Know PI Collected
9096,DB_56,Applicable law may require or permit us to decline your request.,Description of Right to Know PI Collected
9107,DB_56,You can request that we correct inaccurate personal information that we have collected about you.,Description of Right to Correct Information
9108,DB_56,You can request that we delete your personal information.,Description of Right to Delete
9109,DB_56,"Please note that once we process a deletion request, we may be unable to provide access or support to any past products or services.",Description of Right to Delete
9115,DB_56,You are entitled to exercise the rights described above free from discrimination as prohibited by applicable privacy laws.,Description of Right to Non-discrimination on exercising rights
9117,DB_56,"Information/know, access, correction, deletion, and opt-out of sales.",Methods to exercise rights
9163,DB_56,These cookies allow us to count visits and traffic sources so we can measure and improve the performance of our site.,Categories of Personal Information Collected
9217,DB_57,"Once the information is accessed by our customers for their own purposes, they are the controllers of that data.\n\n\n\nAdvertising Partners\nWe may partner with third-party advertising networks and social media platforms that may use technology (e.g. a cookie) to collect information about your use of our Site over time and across other sites and services to serve ads that are tailored to your interests on our Site or other sites.\n\n\n\nLaw Enforcement\nWe may disclose your information to the extent that we are required to do so i) by law, to comply with lawful requests, subpoenas, search warrants or other law enforcement requirements; ii) in connection with any legal proceedings or prospective legal proceedings and to establish, exercise or defend our legal rights; iii) if we reasonably believe that you have violated any US laws or the terms of any of our agreements.\n\n\n\nBusiness Reorganizations\nIn the event that LeadIQ is involved in a bankruptcy, merger, acquisition, reorganization or sale of assets, your information may be sold or transferred as part of that transaction.",Categories of Personal Information Shared / Disclosed
9221,DB_57,Advertising Partners\nWe may partner with third-party advertising networks and social media platforms that may use technology (e.g. a cookie) to collect information about your use of our Site over time and across other sites and services to serve ads that are tailored to your interests on our Site or other sites.,Categories of Personal Information Sold
9263,DB_57,Users can opt-out of the Community at any time and they will stop having free access to the Community and LeadIQ will stop collecting new data from the user’s accounts.,Description of Right to Opt-out of sale of PI
9774,DB_58,"Personal Information, as the term used in the United States, or Personal Data as referred to pursuant to the European Directives 95/46/EC and 2002/58/EC (EU General Data Protection Regulations Legislation, also known as “GDPR”) (hereinafter “PI”) has different definitions.",Categories of Personal Information Collected
9802,DB_58,Anonymous information helps us understand trends and user needs so that we can better design new products and services and refine existing products and services to serve our customers better.,Categories of Personal Information Shared / Disclosed
9805,DB_58,"If Near or its assets is purchased, all associated data and information will be transferred.",Categories of Personal Information Shared / Disclosed
10006,DB_58,"1 year HTTP Cookie\najs_anonymous_id cdn.dreamdata.cloud This cookie is used to count how many times a website has been visited by different visitors - this is done by assigning the visitor an ID, so the visitor does not get registered twice.",Categories of Personal Information Collected
10009,DB_58,"399 days HTTP Cookie\nziwsSessionId ws.zoominfo.com Collects statistics on the user's visits to the website, such as the number of visits, average time spent on the website and what pages have been read.",Categories of Personal Information Collected
10062,DB_58,You agree that any action or suit brought by a party to enforce or adjudicate your rights under this Agreement shall be brought in the courts located in Singapore.,Updated Privacy Policy
10092,DB_58,Non-Discrimination\nWe will not discriminate against you for exercising any of your CCPA rights.,Description of Right to Non-discrimination on exercising rights
10096,DB_58,DO NOT SELL MY PERSONAL INFORMATION\nCCPA ensures that Users are provided with the right to opt-out from their personal data being sold.,Description of Right to Opt-out of sale of PI
10179,DB_58,"Once we receive and confirm your verifiable consumer request, we will honor your request (and direct our service providers to as well).\n\nWe may deny your deletion request if we cannot verify the device id or it meets one of the exemptions under CCPA.",Description of Right to Delete
10192,DB_58,"If Near is involved in a merger, acquisition, or sale of all or a portion of its assets, you will be notified via email and/or a prominent notice on our Site of any change in ownership or uses of your personal information, as well as any choices you may have regarding your personal information.\n\n",Categories of Personal Information Sold
10222,DB_58,"Acquiror or Merger Entity\n\nNear may transfer information, including any personal data, to a successor entity in connection with a corporate merger, consolidation, sale of assets, bankruptcy, or other corporate change.\n\n",Categories of Personal Information Sold
10224,DB_58,"In California\n\nFor personal information access, opt out and deletion requests with respect to any personal information processed by Near, and for personal data of data subjects for residents of EU, UK and Switzerland, you can follow the instructions on our Consumer Choices page",Description of Right to Opt-out of sale of PI
10310,DB_58,Access Right\nCCPA provides consumers with rights to request access of the Personal Information about them when the consumer can verify that they are the rightful owner of the information requested,Description of Right to Know PI Collected
10327,DB_59,"Alone or in combination with other data, such automatically collected data may constitute Personal Information.\n\n (2) Data Received from Third Parties\n\nIn connection with the Services, we may receive data from our business partners and other third parties in accordance with their privacy policies.",Categories of Personal Information Collected
10355,DB_59,Right to know what personal information is sold or shared and to whom,Description of Right to Know PI sold / shared
10357,DB_59,Right to limit use and disclosure of sensitive personal information,Description of Right to Limit use of PI
10402,DB_59,"Flash cookies are different from browser cookies because of the amount of, type of, and how data is stored.\n",Categories of Personal Information Shared / Disclosed
10474,DB_59,iOS: You can opt out of personalized advertising and geographically targeted ads on the Settings app of your device.,Methods to exercise rights
10476,DB_59,Apple instructions on how to turn off personalized ads and geographically targeted ads on iOS devices can be found here.,Methods to exercise rights
10519,DB_59,(ix) Categories of Personal Information the We Have Sold in the Last 12 Months,Categories of Personal Information Sold
10520,DB_59,We have sold the following categories of Personal Information during the last 12 months:,Categories of Personal Information Sold
10522,DB_59,"(B) Commercial information, including products or services purchased, obtained, or considered, ads you have clicked or viewed, or other purchasing or consumption histories or tendencies;",Categories of Personal Information Sold
10581,DB_60,"Internet or other similar network activity.\n\nBrowsing history, search history, information on a consumer’s interaction with a website, application, or advertisement.\n\nYES\n\nG.",Categories of Personal Information Collected
10595,DB_60,"Biometric information. ||| 1: Genetic, physiological, behavioral, and biological characteristics, or activity patterns used to extract a template or other identifier or identifying information, such as, fingerprints, faceprints, and voiceprints, iris or retina scans, keystroke, gait, or other physical patterns, and sleep, health, or exercise data. ||| 2: NO\n\n0: F.",Categories of Personal Information Collected
10621,DB_60,"Sales of Personal Information\n\nIn the preceding 12 months, Scraping Robot has not sold personal information.",Categories of Personal Information Sold
10624,DB_60,"If we sold or disclosed your personal information for a business purpose, two separate lists disclosing:\nsales, identifying the personal information categories that each category of recipient purchased; and\ndisclosures for a business purpose, identifying the personal information categories that each category of recipient obtained.",Description of Right to Know PI sold / shared
10627,DB_60,"Penal Code § 1546 seq.).\nEngage in public or peer-reviewed scientific, historical, or statistical research in the public interest that adheres to all other applicable ethics and privacy laws, when the information’s deletion may likely render impossible or seriously impair the research’s achievement, if you previously provided informed consent.\nEnable solely internal uses that are reasonably aligned with consumer expectations based on your relationship with us.\nComply with a legal obligation.\nMake other internal and lawful uses of that information that are compatible with the context in which you provided it.",Description of Right to Delete
10631,DB_60,Non-Discrimination\n\nWe will not discriminate against you for exercising any of your CCPA rights.,Description of Right to Non-discrimination on exercising rights
10705,DB_60,"Unless permitted by the CCPA, we will not:\n\nDeny you goods or services.\nCharge you different prices or rates for goods or services, including through granting discounts or other benefits, or imposing penalties.\nProvide you a different level or quality of goods or services.\nSuggest that you may receive a different price or rate for goods or services or a different level or quality of goods or services.",Description of Right to Non-discrimination on exercising rights
10722,DB_60,You are responsible for updating and maintaining the accuracy of your personal information that you provide to or through the Services.,Description of Right to Correct Information
10750,DB_60,"To create, maintain, customize, and secure your account with us.",Categories of Personal Information Collected
10762,DB_60,We may deny your deletion request if retaining the information is necessary for us or our service provider(s) to:,Description of Right to Delete
10763,DB_60,"Complete the transaction for which we collected the personal information, provide a good or service that you requested, take actions reasonably anticipated within the context of our ongoing business relationship with you, or otherwise perform our contract with you.",Description of Right to Delete
10768,DB_60,Penal Code § 1546 seq.).,Description of Right to Delete
10780,DB_60,"Unless permitted by the CCPA, we will not:",Description of Right to Non-discrimination on exercising rights
10782,DB_60,"Charge you different prices or rates for goods or services, including through granting discounts or other benefits, or imposing penalties.",Description of Right to Non-discrimination on exercising rights
10785,DB_60,"However, we may offer you certain financial incentives permitted by the CCPA that can result in different prices, rates, or quality levels.",Description of Right to Non-discrimination on exercising rights
10824,DB_61,"A cookie in no way gives us access to your computer or any information about you, other than the data you choose to share with us.",Categories of Personal Information Collected
10827,DB_61,Details on Information We Collect\nWe have collected the following categories of personal information from consumers within the last twelve (12) months:\n\nDetails on Information We Collect\n\nWe have collected the following categories of personal information from consumers within the last twelve (12) months:\n\nCategory Examples Collected\nA.,Categories of Personal Information Collected
10850,DB_61,"Biometric information ||| 1: Genetic, physiological, behavioral, and biological characteristics, or activity patterns used to extract a template or other identifier or identifying information, such as, fingerprints, faceprints, and voiceprints, iris or retina scans, keystroke, gait, or other physical patterns, and sleep, health, or exercise data. ||| 2: NO\n\n0: F.",Categories of Personal Information Collected
10875,DB_61,"If we sold or disclosed your personal information for a business purpose, two separate lists disclosing:\nsales, identifying the personal information categories that each category of recipient purchased; and\ndisclosures for a business purpose, identifying the personal information categories that each category of recipient obtained.",Description of Right to Know PI sold / shared
10877,DB_61,"Once we receive and confirm your verifiable consumer request (see Exercising Access, Data Portability, and Deletion Rights), we will delete (and direct our service providers to delete) your personal information from our records, unless an exception applies.\n\nWe may deny your deletion request if retaining the information is necessary for us or our service provider(s) to:\n\nComplete the transaction for which we collected the personal information, provide a good or service that you requested, take actions reasonably anticipated within the context of our ongoing business relationship with you, or otherwise perform our contract with you.\nDetect security incidents, protect against malicious, deceptive, fraudulent, or illegal activity, or prosecute those responsible for such activities.\nDebug products to identify and repair errors that impair existing intended functionality.\nExercise free speech, ensure the right of another consumer to exercise their free speech rights, or exercise another right provided for by law.\nComply with the California Electronic Communications Privacy Act (Cal.",Description of Right to Delete
10878,DB_61,"Penal Code § 1546 et. seq.).\nEngage in public or peer-reviewed scientific, historical, or statistical research in the public interest that adheres to all other applicable ethics and privacy laws, when the information’s deletion may likely render impossible or seriously impair the research’s achievement, if you previously provided informed consent.\nEnable solely internal uses that are reasonably aligned with consumer expectations based on your relationship with us.\nComply with a legal obligation.\nMake other internal and lawful uses of that information that are compatible with the context in which you provided it.",Description of Right to Delete
10881,DB_61,"The verifiable consumer request must:\n\nProvide sufficient information that allows us to reasonably verify you are the person about whom we collected personal information or an authorized representative.\nDescribe your request with sufficient detail that allows us to properly understand, evaluate, and respond to it.\nWe cannot respond to your request or provide you with personal information if we cannot verify your identity or authority to make the request and confirm the personal information relates to you.\nMaking a verifiable consumer request does not require you to create an account with us.\nWe will only use personal information provided in a verifiable consumer request to verify the requestor’s identity or authority to make the request.\nFor instructions on exercising sale opt-out rights, see Personal Information Sales Opt-Out and Opt-In Rights.\nResponse Timing and Format\nWe endeavor to respond to a verifiable consumer request within forty-five (45) days of its receipt.",Methods to exercise rights
10892,DB_61,"Unless permitted by the CCPA, we will not:\n\nDeny you goods or services.\nCharge you different prices or rates for goods or services, including through granting discounts or other benefits, or imposing penalties.\nProvide you a different level or quality of goods or services.\nSuggest that you may receive a different price or rate for goods or services or a different level or quality of goods or services.\nHowever, we may offer you certain financial incentives permitted by the CCPA that can result in different prices, rates, or quality levels.",Description of Right to Non-discrimination on exercising rights
10898,DB_61,"These cookies ensure basic functionalities and security features of the website, anonymously.",Updated Privacy Policy
10900,DB_61,Analytical cookies are used to understand how visitors interact with the website.,Categories of Personal Information Collected
10963,DB_61,"In the preceding twelve (12) months, we have sold the following categories of personal information:",Categories of Personal Information Sold
10967,DB_61,We sell your personal information to the following categories of third parties:,Categories of Personal Information Sold
10980,DB_61,"Once we receive and confirm your verifiable consumer request (see Exercising Access, Data Portability, and Deletion Rights), we will delete (and direct our service providers to delete) your personal information from our records, unless an exception applies.",Description of Right to Delete
10981,DB_61,We may deny your deletion request if retaining the information is necessary for us or our service provider(s) to:,Description of Right to Delete
10987,DB_61,Penal Code § 1546 et. seq.).,Description of Right to Delete
10991,DB_61,Make other internal and lawful uses of that information that are compatible with the context in which you provided it.,Description of Right to Delete
11002,DB_61,Deny you goods or services.,Description of Right to Non-discrimination on exercising rights
11005,DB_61,Suggest that you may receive a different price or rate for goods or services or a different level or quality of goods or services.,Description of Right to Non-discrimination on exercising rights
11008,DB_62,"The categories of personal information about you that the business disclosed for a business purpose\nIf the business sells your personal information:\nThe categories of personal information that the business sold about you\nThe categories of third parties to which your personal information was sold, by category or categories of personal information for each category of third parties to which the personal information was sold\nThe business or commercial purpose for selling personal information",Description of Right to Know PI sold / shared
11042,DB_62,"You have the right to request that a business delete, following your verifiable consumer request, the specific pieces of personal information such business has collected from you.",Description of Right to Delete
11046,DB_62,"You have the right not to be discriminated against by a business because you exercise any of your rights under CCPA, including by:",Description of Right to Non-discrimination on exercising rights
11048,DB_62,"Charging you different prices or rates for goods or services, including through the use of discounts or other benefits or imposing penalties",Description of Right to Non-discrimination on exercising rights
11078,DB_62,"“Disclosures for a Business Purpose”: we disclose (and have disclosed during the 12 months prior to the “Last Modified” date at the bottom of this Privacy Policy) each of the above categories of personal information for a “business purpose” (as defined by CCPA) to service providers that perform certain services on our behalf, such as hosting service providers, data analytics providers, advertising and marketing service providers, technology consultants, and consumer information verification providers.",Categories of Personal Information Shared / Disclosed
11201,DB_63,These cookies allow these providers to display ads based on your visits to this site.,Description of Right to Opt-out of sale of PI
11210,DB_63,Any changes in our Privacy Policy will be prominently posted on the Civis website so that you are aware of any changes in the data we collect and how we use it.,Updated Privacy Policy
11249,DB_64,"Personal Data We May Collect, Process, or Store: Identifiers Your IP Address, country, ZIP code, region, district, city, city-level coordinates and elevation, nearest weather station. ||| How We Obtain It: Identifiers We obtain this information using networking diagnostic technology or from your Internet Service Provider. ||| Business/Commercial Purpose for this Collection: Identifiers To provide this information to our customers for the purpose of providing the Service; our legitimate interests and those of our customers (as detailed above). ||| Third Parties Who Receive this Information: Identifiers Our customers; certain third-party vendors that provide infrastructure support services, and software management services (service desk, bug tracking, etc.).\n\nPersonal Data We May Collect, Process, or Store: Internet or other similar network activity Your use of a proxy server; internet connection speed; the identity and location of your internet service provider; domain information; mobile carrier information; autonomous system information; ||| How We Obtain It: Internet or other similar network activity Same as above. ||| Business/Commercial Purpose for this Collection: Internet or other similar network activity Same as above. ||| Third Parties Who Receive this Information: Internet or other similar network activity Same as above.\n\nPersonal Data We May Collect, Process, or Store: Geolocation Data Your IP Address, country, ZIP code, region, district, city, city-level coordinates and elevation, nearest weather station. ||| How We Obtain It: Geolocation Data Same as above. ||| Business/Commercial Purpose for this Collection: Geolocation Data Same as above. ||| Third Parties Who Receive this Information: Geolocation Data Same as above.\n\n\n",Categories of Personal Information Sold
11253,DB_64,"If we have to disclose your Personal Data to governmental/law enforcement officials, we may not be able to ensure that those officials will maintain the privacy and security of your Personal Data.;\nif we sell or transfer all or some of our company’s business interests, assets, or both, or in connection with a corporate restructuring; or\nto our subsidiaries or affiliates only if necessary for business purposes as described in the Table above.\nWe reserve the right to use, transfer, sell and share aggregated, anonymous data, which does not include any Personal Data, for any legal business purpose.",Categories of Personal Information Shared / Disclosed
11255,DB_64,Right to Know What Happens to Your Personal Data\nThis is called the “right to be informed”.,Description of Right to Know PI Collected
11257,DB_64,Right to Know What Personal Data Hexasoft Has About You\nThis is called the “right of access”.,Description of Right to Know PI Collected
11264,DB_64,"This right means you can ask for your Personal Data to be deleted.\n\nSometimes we can delete your information, but other times it is just not possible, like when the law tells us we cannot do that.",Description of Right to Delete
11266,DB_64,"Occasions Where We Cannot Fulfil a Deletion Request Under the GDPR or the CCPA: The GDPR and the CCPA allow us to deny a request to erase your Personal Data if we or our service providers need to retain the Personal Data to:\n\nComplete the transaction for which we collected the Personal Data;\nFulfill the terms of a written warranty or product recall conducted in accordance with federal law;\nProvide a good or service that you requested, take actions reasonably anticipated within the context of our ongoing business relationship with you, or otherwise perform our contract with you;\nDetect security incidents, protect against malicious, deceptive, fraudulent, or illegal activity, or prosecute those responsible for such activities;\nDebug products to identify and repair errors that impair existing intended functionality;\nExercise free speech, ensure the right of another consumer to exercise their free speech rights or exercise another right provided for by law.\nEngage in public or peer-reviewed scientific, historical, or statistical research in the public interest that adheres to all other applicable ethics and privacy laws, when the information's deletion may likely render impossible or seriously impair the research's achievement, provided that you previously provided informed consent;\nEnable solely internal uses reasonably aligned with your expectations based on your relationship with us;\nComply with a legal obligation, including (but not limited to) obligations from the California Electronic Communications Privacy Act; or\nMake other internal and lawful uses of that information that are compatible with the context in which you provided it.",Description of Right to Delete
11268,DB_64,It is the right to ask us to only use or store your Personal Data for certain purposes.,Description of Right to Limit use of PI
11270,DB_64,"This right enables you to ask us to suspend the usage of Personal Data about you, for example, if you want us to establish its accuracy or the reason for processing it.",Description of Right to Limit use of PI
11271,DB_64,Right to Ask Us to Stop Using Your Personal Data\nThis is called the “right to object”.,Description of Right to Opt-out of sale of PI
11273,DB_64,"You have this right where we rely on a legitimate interest of ours (or of a third party) to support our processing of your Personal Data, as we do in this Privacy Policy.",Description of Right to Opt-out of sale of PI
11274,DB_64,"Also, you have the right to object at any time to the processing of your Personal Data for direct marketing purposes.\n\nWe will stop processing the relevant Personal Data unless: (i) we have compelling legitimate grounds for the processing that override your interests, rights, or freedoms; or (ii) we need to continue processing your Personal Data to establish, exercise, or defend a legal claim.",Description of Right to Opt-out of sale of PI
11307,DB_64,"Data Collected Via Website or Customers: Once we receive and confirm that it was effectively you or your authorized agent who made the request, we will disclose to you:\n\nThe categories of Personal Data we collected about you;",Description of Right to Know PI Collected
11308,DB_64,The categories of sources for the Personal Data we collected about you;\nOur purposes of processing that Personal Data;,Description of Right to Know PI Collected
11309,DB_64,The categories of third parties with whom we share that Personal Data;,Description of Right to Know PI Collected
11310,DB_64,The specific pieces of Personal Data we collected about you (this is also called a “data portability” request),Description of Right to Know PI Collected
11311,DB_64,"If we sold or disclosed your Personal Data for a business purpose, two separate lists disclosing:\nsales, identifying the Personal Data categories that each category of recipient purchased; and\ndisclosures for a business purpose, identifying the Personal Data categories that each category of recipient obtained",Description of Right to Know PI sold / shared
11312,DB_64,Right to Change Your Personal Data\nThis is called the “right to rectification”.,Description of Right to Correct Information
11313,DB_64,"It gives you the right to ask us to correct, without undue delay, anything that you think is wrong with the Personal Data we have on file about you, and to complete any incomplete personal data.",Description of Right to Correct Information
11338,DB_65,We will post a “last modified” date for this Privacy Policy to indicate when it was most recently updated.,Updated Privacy Policy
11366,DB_65,Milestone is the owner of the information collected on this website.,Categories of Personal Information Collected
11378,DB_65,Other tracking technologies may record information.,Categories of Personal Information Collected
11391,DB_65,The specific pieces of Personal Information we collected about you (also called a data portability request).,Description of Right to Know PI Collected
11473,DB_66,restrict our uses of your personal data or object to those uses;,Description of Right to Limit use of PI
11474,DB_66,"seek correction of inaccurate, untrue or incomplete personal data;",Description of Right to Correct Information
11475,DB_66,request erasure of personal data about you by Mobilewalla;,Description of Right to Delete
11506,DB_66,"To study and analyze the functionality of the Site and Website Services, customers’ and users' activities;\nTo maintain, improve and develop the Site and Website Services;\nTo pursue our legitimate interests (e.g., direct marketing (including profiling), research (including marketing research), network and information security, and fraud prevention); and/or\n",Categories of Personal Information Shared / Disclosed
11534,DB_66,"Mobilewalla may also provide personal information to business partners with whom we may jointly offer products or services, or whose products or services we believe may be of interest to you",Categories of Personal Information Sold
11556,DB_66,"seek correction of inaccurate, untrue or incomplete personal data",Description of Right to Correct Information
11559,DB_66,We will not discriminate against you for exercising any of your CCPA rights,Description of Right to Non-discrimination on exercising rights
11593,DB_67,The right to opt out of our sale(s) of your personal information.,Description of Right to Opt-out of sale of PI
11596,DB_67,"In the last 12 months, we collected the categories of personal data about California residents described above in the “What personal data do we collect?” section of this Privacy Policy, which correspond to the following categories of personal data in the CCPA: (1) personal and online identifiers; (2) commercial or transactions information; (3) Internet or other electronic network activity information; (4) geolocation information; and (5) other information about you that is linked to the “personal information” we collect.\nIn the last 12 months, we collected categories of personal data about California residents directly from those residents and automatically when they visited our website.\nIn the last 12 months, we collected personal data about California residents for our commercial and business purposes, as described in more detail above in the “Why do we collect, use, and store this personal data?” section of this Privacy Policy.",Categories of Personal Information Collected
11645,DB_68,Code § 1798.80(e)). ||| C.,Categories of Personal Information Collected
11670,DB_68,The categories of personal information we collected about you.\nThe categories of sources for the personal information we collected about you.\nOur business or commercial purpose for collecting or selling that personal information.\nThe categories of third parties with whom we share that personal information.\nThe specific pieces of personal information we collected about you (also called a data portability request).,Description of Right to Know PI Collected
11679,DB_68,"If you are sixteen (16) years of age or older, you have the right to direct us to not sell your personal information at any time (the “right to opt-out”).",Description of Right to Opt-out of sale of PI
11682,DB_68,Non-Discrimination\n\nWe will not discriminate against you for exercising any of your CCPA rights.,Description of Right to Non-discrimination on exercising rights
11683,DB_68,"Unless permitted by the CCPA, we will not:\n\nDeny you goods or services.\nCharge you different prices or rates for goods or services, including through granting discounts or other benefits, or imposing penalties.\nProvide you a different level or quality of goods or services.\nSuggest that you may receive a different price or rate for goods or services or a different level or quality of goods or services.",Description of Right to Non-discrimination on exercising rights
11729,DB_68,We sell your personal information to the following categories of third parties:,Categories of Personal Information Collected
11791,DB_69,You also have the right to ask the Company not to sell Your Personal Data to third parties.,Description of Right to Opt-out of sale of PI
11792,DB_69,You can submit such a request by visiting our “Do Not Sell My Personal Information” section or web page.,Description of Right to Opt-out of sale of PI
11793,DB_69,The right to know about Your Personal Data.,Description of Right to Know PI Collected
11804,DB_69,Changes to this Privacy Policy are effective when they are posted on this page.,Updated Privacy Policy
11806,DB_69,The right to kno,Description of Right to Know PI sold / shared
11809,DB_69,The specific pieces of Personal Data we collected about You,Description of Right to Know PI Collected
11811,DB_69,Exercising Your CCPA Data Protection Rights,Description of Right to Non-discrimination on exercising rights
11813,DB_69,\nThe Company will disclose and deliver the required information free of charge within 45 days of receiving Your verifiable request.,Description of Right to Non-discrimination on exercising rights
11814,DB_69,\n“Do Not Track” Policy as Required by California Online Privacy Protection Act (CalOPPA),Description of Right to Non-discrimination on exercising rights
11817,DB_69,The right to notice.,Description of Right to Know PI Collected
11876,DB_70,Third-Party Information We License,Description of Right to Opt-out of sale of PI
11907,DB_70,Please understand that opting out of our databases:\n\nDoes NOT mean we will delete or destroy information pertaining to you.,Description of Right to Opt-out of sale of PI
11909,DB_70,We preserve your data so that we can show continuing compliance with your opt-out request.\nDoes NOT mean that any of our clients or providers will also opt you out of their databases.,Description of Right to Opt-out of sale of PI
11984,DB_71,"If we make material changes to this policy, we will notify you here.",Updated Privacy Policy
11999,DB_71,The categories of third parties with whom we share that personal information.,Description of Right to Know PI sold / shared
12010,DB_71,You have the right to request any or all of the following:,Description of Right to Know PI sold / shared
12108,DB_72,"How We Share Information with Third Parties, including Service Providers",Categories of Personal Information Shared / Disclosed
12252,DB_72,Right to request that we “do not sell” your personal information,Description of Right to Opt-out of sale of PI
12340,DB_73,Some personal information included in this category may overlap with other categories.,Categories of Personal Information Collected
12396,DB_73,"Exercise free speech, ensure the right of another consumer to exercise their free speech rights, or exercise another right provided for by law.",Description of Right to Delete
12401,DB_73,Comply with a legal obligation.,Description of Right to Delete
12405,DB_73,· Calling us at 1-888-526-0909,Methods to exercise rights
12421,DB_73,· Deny you goods or services.,Description of Right to Non-discrimination on exercising rights
12422,DB_73,"· Charge you different prices or rates for goods or services, including through granting discounts or other benefits, or imposing penalties.",Description of Right to Non-discrimination on exercising rights
12428,DB_73,Changes to Our Privacy Notice,Updated Privacy Policy
12429,DB_73,The categories of personal information we collected about you.\n\n· The categories of sources for the personal information we collected about you.\n\n· Our business or commercial purpose for collecting or selling that personal information.\n\n· The categories of third parties with whom we share that personal information.\n\n· The specific pieces of personal information we collected about you (also called a data portability request).,Description of Right to Know PI Collected
12454,DB_73,"Effective Date: January 1, 2020\n\n[Last Reviewed on: June 22, 2020]",Updated Privacy Policy
12481,DB_73,The categories of personal information we collected about you.\n\n· The categories of sources for the personal information we collected about you.\n\n· Our business or commercial purpose for collecting or selling that personal information.,Description of Right to Know PI Collected
12485,DB_73,We may deny your deletion request if retaining the information is necessary for us or our service provider(s) to:\n\n1.,Description of Right to Delete
12492,DB_73,Enable solely internal uses that are reasonably aligned with consumer expectations based on your relationship with us.\n\n8.,Description of Right to Delete
12498,DB_73,"The response we provide will also explain the reasons we cannot comply with a request, if applicable.",Description of Right to Know PI Collected
12499,DB_73,"For data portability requests, we will select a format to provide your personal information that is readily useable and should allow you to transmit the information from one entity to another entity without hindrance.",Description of Right to Know PI Collected
12560,DB_74,"Deletion Request Rights\n\nYou have the right to request that we delete any of your personal information that we collected from you and retained, subject to certain exceptions.",Description of Right to Delete
12564,DB_74,Debug products to identify and repair errors that impair existing intended functionality.\n\n4.,Description of Right to Delete
12568,DB_74,"Engage in public or peer-reviewed scientific, historical, or statistical research in the public interest that adheres to all other applicable ethics and privacy laws, when the information's deletion may likely render impossible or seriously impair the research's achievement, if you previously provided informed consent.\n\n7.",Description of Right to Delete
12570,DB_74,Comply with a legal obligation.\n\n9.,Description of Right to Delete
12576,DB_74,"""Personal Information Sales Opt-Out and Opt-In Rights\n\nIf you are 16 years of age or older, you have the right to direct us to not sell your personal information at any time (the """"right to opt-out"""").""",Description of Right to Opt-out of sale of PI
12578,DB_74,"Consumers who opt-in to personal information sales may opt-out of future sales at any time.\n\nTo exercise the right to opt-out, you (or your authorized representative) may submit a request to us by visiting the following Internet Web page link:\n\nDo Not Sell My Personal Information",Description of Right to Opt-out of sale of PI
12583,DB_74,"Participation in a financial incentive program requires your prior opt in consent, which you may revoke at any time.",Description of Right to Non-discrimination on exercising rights
12593,DB_74,"Disclosure of Your Personal Data\n\nBusiness Transactions\n\nIf the Company is involved in a merger, acquisition or asset sale, Your Personal Data may be transferred.",Categories of Personal Information Shared / Disclosed
12617,DB_74,"With Business partners: We may share Your information with Our business partners to offer You certain products, services or promotions.",Categories of Personal Information Sold
12637,DB_75,INFORMATION WE COLLECT\nWe obtain information about you through the means discussed below when we provide the Services to our Customers.\n\nInformation Collected via our Data Union.,Categories of Personal Information Collected
12673,DB_75,Opting out will ensure that the provided information and associated data will not be shared or made available via our products and services.,Description of Right to Opt-out of sale of PI
12684,DB_75,Correct certain personal information we have about you;,Description of Right to Correct Information
12689,DB_75,"Alternatively, you can call us at +1 877-489-1058.",Methods to exercise rights
12690,DB_75,Right to Opt Out of the Sale of Your Personal Information.,Description of Right to Opt-out of sale of PI
12697,DB_75,"If we make a material change to the Policy, we will provide you with notice in accordance with legal requirements.",Updated Privacy Policy
12732,DB_75,Correct certain personal information we have about you; and,Description of Right to Correct Information
12733,DB_75,You also have the right to not be discriminated against (as provided for in applicable law) for exercising your rights,Description of Right to Non-discrimination on exercising rights
12751,DB_75,Other Requests Regarding Your Information.,Methods to exercise rights
12759,DB_75,"If you would like to opt out, you may do so as outlined on the following page: Do Not Sell My Personal Information",Methods to exercise rights
12895,DB_76,The categories of sources for the personal information we collected about you.,Description of Right to Know PI Collected
12901,DB_76,"disclosures for a business purpose, identifying the personal information categories that each category of recipient obtained.",Description of Right to Know PI sold / shared
12903,DB_76,"Once we receive and confirm your verifiable consumer request (see Exercising Access, Data Portability, and Deletion Rights), we will delete (and direct our service providers to delete) your personal information from our records, unless an exception applies.",Description of Right to Delete
12919,DB_76,"Only you, or someone legally authorized to act on your behalf, may make a verifiable consumer request related to your personal information.",Methods to exercise rights
12926,DB_76,We do not sell the personal information of consumers we actually know are less than 16 years of age.,Description of Right to Opt-out of sale of PI
12929,DB_76,Non-Discrimination\nWe will not discriminate against you for exercising any of your CCPA rights.,Description of Right to Non-discrimination on exercising rights
12931,DB_76,Any CCPA-permitted financial incentive we offer will reasonably relate to your personal information’s value and contain written terms that describe the program’s material aspects.,Description of Right to Non-discrimination on exercising rights
12944,DB_76,"We may share your personal information in the following situations:\n\nWith Service Providers: We may share Your personal information with Service Providers to monitor and analyze the use of our Service, to contact You.\nFor Business transfers: We may share or transfer Your personal information in connection with, or during negotiations of, any merger, sale of Company assets, financing, or acquisition of all or a portion of our business to another company.\nWith Affiliates: We may share Your information with Our affiliates, in which case we will require those affiliates to honor this Privacy Policy.",Categories of Personal Information Shared / Disclosed
13045,DB_77,The right to not be discriminated against for exercising their CCPA privacy rights;,Description of Right to Non-discrimination on exercising rights
13046,DB_77,The right to correct inaccurate personal information;,Description of Right to Correct Information
13049,DB_77,"Please note, however, that any right to request correction is limited by the legal rights of Porch and its users relating to content on the Properties, including without limitation legally protected rights related to freedom of speech.",Description of Right to Limit use of PI
13059,DB_77,"Automatically collected information may be associated with a unique browser, device identifier, or Internet protocol (IP) address, but we do not consider it to be personal information unless it is linked to your unique identifier(s).",Categories of Personal Information Collected
13061,DB_77,"Information Collected from Calls\n\nWhen you call us or when we call you, we may monitor, record and transcribe those calls for quality assurance, customer satisfaction and analysis purposes.",Categories of Personal Information Collected
13084,DB_77,Professional Information\n\nWe do not consider business information to be personal information.,Categories of Personal Information Shared / Disclosed
13197,DB_79,"If you are also concerned about other personal data associated with your account, such as your activity, please follow the instructions above to request an account deletion.",Description of Right to Delete
13207,DB_80,"Effective Date: January 1, 2020",Updated Privacy Policy
13241,DB_80,Right to Request Deletion of Personal Information.\n\na.,Description of Right to Delete
13251,DB_80,"If you are requesting a product or service, this is an exemption from this right, and we will process your request.",Description of Right to Opt-out of sale of PI
13254,DB_80,"As such, we will not deny you goods or services, charge you different prices or rates for goods or services, or deny you discounts or other benefits; nor will we provide you a different level or quality of goods or services or recommend a different level or quality of goods or services.",Description of Right to Non-discrimination on exercising rights
13255,DB_80,Changes to California Resident Privacy Notice.\n\nWe reserve the right to amend this privacy notice at our discretion and at any time.,Updated Privacy Policy
13270,DB_80,"CALIFORNIA STATE PRIVACY NOTICE | Effective Date: January 1, 2020",Updated Privacy Policy
13272,DB_80,2) Right to Request Deletion of Personal Information.\n\na.,Description of Right to Delete
13273,DB_80,You have a right to request the deletion of your Personal Information if we have collected or maintained it in the past 12 months.,Description of Right to Delete
13290,DB_81,You can reset your web browser to refuse all cookies or to indicate when a cookie is being sent.,Categories of Personal Information Collected
13307,DB_81,"If you wish to limit the use and disclosure of personal information in accordance with the Privacy Shield Principles, please contact us at contact@rampedup.io.\n\n",Description of Right to Limit use of PI
13324,DB_81,Exercising your right to opt-out of the sale of your personal information California (and Vermont) residents may opt out of the “sale” of their personal information.,Description of Right to Opt-out of sale of PI
13340,DB_81,"Once we receive and confirm your verifiable consumer request (which will require us to obtain certain information from you for purposes of verification), we will disclose to you:\n\n\n\n· The categories of personal information we collected about you.\n· The categories of sources for the personal information we collected about you.\n· Our business or commercial purpose for collecting or selling that personal information.\n· The categories of third parties with whom we share that personal information.\n· The specific pieces of personal information we collected about you (also called a data portability request).\n· If we sold or disclosed your personal information for a business purpose, two separate lists disclosing: sales, identifying the personal information categories that each category of recipient purchased; and disclosures for a business purpose, identifying the personal information categories that each category of recipient obtained.\n\n\n\nDeletion Request Rights \n\nYou also have the right as a California (and Vermont) resident to request that we delete any of your personal information that we collected from you and retained, subject to certain exceptions.",Methods to exercise rights
13356,DB_81,This Privacy Policy was last updated on the date indicated above.,Updated Privacy Policy
13444,DB_82,"When we disclose business contact information about Klarity Users to include in our database as B2B Participants, the collection, use, and disclosure of that personal data is as described in Sections 4, “What Personal Data Do We Collect About You”; 5, “How We Use Personal Data”; and 6, “How We Disclose Your Personal Data”. ||| Category of personal data: · Identifiers · California Consumer Records Law information · Commercial information · Internet or other electronic network activity · Geolocation data Professional or employment-related information\n\nCategory of Third Party Recipient and Purpose of Disclosure: Government Entities We may disclose personal data about Klarity Users to Government Entities and law enforcement officials, for various reasons, including as required by law or regulation. ||| Category of personal data: · Identifiers · California Consumer Records Law information · Commercial information · Internet or other electronic network activity · Geolocation data Professional or employment-related information\n\nCategory of Third Party Recipient and Purpose of Disclosure: Merger and Acquisition Activity We may disclose personal data about Klarity Users to third parties in connection with the proposed or actual financing, insuring, sale, securitization, assignment, or other disposal of all or part of our business or assets (including accounts) for the purposes of evaluating and performing the proposed transaction. ||| Category of personal data: · Identifiers · California Consumer Records Law information · Commercial information · Internet or other electronic network activity · Geolocation data Professional or employment-related information",Categories of Personal Information Sold
13450,DB_82,"Third, California residents can request that the Personal Data a business has collected from them be deleted from the business’s systems and records, subject to certain exceptions.",Description of Right to Delete
13451,DB_82,"Fourth, California residents can request that inaccurate Personal Data a business maintains about them be corrected.",Description of Right to Correct Information
13455,DB_82,"To make a “request to know,” “request to delete,” or “request to correct” your Personal Data, send us an e-mail at dataprivacy@demandscience.com . (Please put “Request to Know,” “Request to Delete,” or “Request to Correct” in the subject heading of your email.) You may also submit these requests via Do Not Sell My Personal Information or by mailing your request to address in the United States to:\n\nDemand Science Group, LLC\n\nData Protection Officer\n\n222 Rosewood Drive\n\nDanvers, MA 01923",Methods to exercise rights
13464,DB_82,"Category of Third Party Recipient And Purpose Of Disclosure Category of Personal Data about Job Applicants and Employees\nService providers\nWe engage third-party service providers to perform a variety of services on our behalf, which may mean that we have to disclose Personal Data about job applicants and employees to these third parties.",Categories of Personal Information Shared / Disclosed
13512,DB_82,"Fourth, California residents can request that inaccurate Personal Data a business maintains about them be correcte",Description of Right to Correct Information
13520,DB_82,"· Identifiers · California Consumer Records law information · Characteristics of protected classifications under California or federal law · Audiovisual information · Professional or employment-related information · Education information · Sensitive personal information (racial or ethnic origin, health information) ||| · Identifiers · California Consumer Records Law information · Financial information · Information or other electronic network activity · Geolocation information · Audiovisual information · Professional or employment-related information · Inference information · Sensitive personal information (Social Security number, driver’s license number, passport number, or state-issued identification card number, health information) ||| · Identifiers · California Consumer Records law information · Professional or employment-related information · Education information · Inference information ||| · Identifiers · California Consumer Records law information · Professional or employment-related information · Education information · Inference information",Categories of Personal Information Sold
13568,DB_83,"Last Updated: December 29, 2022",Updated Privacy Policy
13660,DB_83,Your Right to Correct Inaccurate Personal Information\nYou have the right to request that the Company correct inaccurate personal information that we maintain about you.,Description of Right to Correct Information
13661,DB_83,"Once we receive and confirm your verifiable consumer request (see Exercising Access, Data Portability, Deletion, and Correction Rights), we will use commercially reasonable efforts to correct (and direct our service providers to correct) your inaccurate personal information in our records.",Description of Right to Correct Information
13670,DB_83,Your Right to Limit the Use and Disclosure of Sensitive Personal Information\nYou have the right to request that the Company limit its use of your sensitive personal information when used for purposes other than those permitted by the CCPA/CPRA and its implementing regulations.,Description of Right to Limit use of PI
13692,DB_83,"You have the right to request that the Company delete any of your personal information that we collected from you and retained, subject to certain exceptions.",Description of Right to Delete
13696,DB_83,The Company does not sell or share personal information described in this Notice.,Description of Right to Opt-out of sale of PI
13733,DB_83,"To defend the interests of the Company or employees in threatened or actual legal proceedings, investigations or inquiries.\nTo evaluate or conduct a merger, divestiture, restructuring, reorganization, dissolution, or other sale or transfer of some or all of the Company’s assets, whether as a going concern or as part of bankruptcy, liquidation, or similar proceeding, in which personal information held by FinThrive is among the assets transferred.",Categories of Personal Information Shared / Disclosed
13769,DB_84,"Your continued use of our Services following any changes means that you have accepted, consent to, and agree to be bound by such revised Privacy Policy.",Updated Privacy Policy
13804,DB_84,You have the right to request any or all of the following:\n\nThe categories of personal information we collected about you.\nThe categories of sources from which the personal information is collected.,Description of Right to Know PI Collected
13870,DB_85,"Irys Privacy Statement — Last Updated March 1, 2022",Updated Privacy Policy
13874,DB_85,How to Exercise Your Rights.,Methods to exercise rights
13929,DB_86,"A right to require businesses and, by extension, their service providers, to delete PI, subject to certain exceptions;",Description of Right to Delete
13931,DB_86,A right to non-discrimination in terms of pricing or service for choosing to exercise a privacy right under the CCPA.,Description of Right to Non-discrimination on exercising rights
13933,DB_86,A business that intends to sell the PI must also notify the consumer and provide the website form for submitting a “Do Not Sell My Personal Information” request.,Description of Right to Opt-out of sale of PI
13937,DB_86,"Once a request is reasonably verified by the business, the PI requested to be deleted must be erased from the records held by that business or otherwise deidentified or aggregated, and the business must direct its Service Providers with whom the information was shared to also delete the information, unless it is subject to an exception.\n\nA request to delete may be denied if the requestor’s identity cannot be verified or if retaining the information is necessary to:\n\nComplete the transaction for which it collected the PI, provide a good or service requested by the consumer, take action reasonably anticipated within the context of the ongoing business relationship with the consumer, or otherwise perform a contract with the consumer.\nDetect security incidents, protect against malicious, deceptive, fraudulent, or illegal activity, or prosecute those responsible for such activities.\nDebug products to identify and repair errors that impair existing intended functionality.\nExercise free speech, ensure the right of another consumer to exercise their free speech rights, or exercise another right provided for by law.\nComply with the California Electronic Communications Privacy Act (Cal.",Description of Right to Delete
13941,DB_86,"A business may offer financial incentives to a consumer for the collection, sale, or deletion of personal information on a prior, opt-in consent basis.",Description of Right to Non-discrimination on exercising rights
13956,DB_86,"Monitoring, Law Enforcement And Legal Requests.\nCompany may be required by law enforcement, federal or regulatory entities, or judicial authorities to provide personal information, such as in response to an audit, investigation, or subpoena.",Categories of Personal Information Collected
13976,DB_86,"Amy is the Quality Assurance Specialist for LocateSmarter, providing quality customer service and technical support to our clients.",Description of Right to Delete
13980,DB_86,"Director, IT Infrastructure, Development & Services",Description of Right to Delete
13981,DB_86,"As Technical Project Manager, Terri works with the development team to meet product needs based on client feedback.",Description of Right to Delete
13984,DB_86,Director of Training & Development,Description of Right to Delete
13986,DB_86,He brings over 35 years of experience in the data and skip tracing industries to LocateSmarter.,Description of Right to Delete
13987,DB_86,His focus is on educating and supporting clients that are using tools such as online search platforms.,Description of Right to Delete
13990,DB_86,"Patrick holds a Certified Scrum Master (CSM) certification from ScrumAlliance and is passionate about finding the most efficient, effective, and intelligent solutions available in the marketplace today.",Description of Right to Non-discrimination on exercising rights
14021,DB_86,"NOTICE OF RIGHT TO OPT OUT OF SALE OF PERSONAL INFORMATION\nCalifornia residents have the right to opt-out of the future sale of their PI by Company to Third Parties, with certain exceptions provided in the CCPA.",Description of Right to Opt-out of sale of PI
14022,DB_86,"Instructions: Requests to Opt-Out\nIf you are a California resident and wish to opt-out of the future sale of your PI, you may use one of the following methods:\n\nSubmit an Opt-Out Form on our Website by Clicking this Link: “Do Not Sell My Personal Information”\n\nCall us, Toll-Free, at: 877-815-2268",Methods to exercise rights
14033,DB_87,Opt Out of Sale.,Description of Right to Opt-out of sale of PI
14040,DB_87,Right to Non-Discrimination\nWe do not discriminate against you for requesting any of the rights noted above.,Description of Right to Non-discrimination on exercising rights
14045,DB_87,"Sale of Personal Data\nUnder the California Consumer Privacy Act, you have the right to opt-out of the sale of your personal information to third parties.",Description of Right to Opt-out of sale of PI
14056,DB_87,Categories of Personal Information We Sell,Categories of Personal Information Sold
14057,DB_87,"When we make material changes to this California Notice, we will notify you by posting the updated California Notice on our Website, and we will update the Effective Date at the end of this California Notice.",Updated Privacy Policy
14058,DB_87,"Sale of Personal Data\nSale of Personal Data\nUnder the California Consumer Privacy Act, you have the right to opt-out of the sale of your personal information to third parties.",Description of Right to Opt-out of sale of PI
14105,DB_88,"We also share information about your use of our website with our social media, advertising and analytics partners.",Categories of Personal Information Shared / Disclosed
14140,DB_88,"California’s “Shine the Light” law gives California customers the right to prevent disclosure of their personal information to third parties for those third parties’ direct marketing purposes, and requires certain businesses to respond to requests from California customers asking about the business’ practices related to disclosing personal information to third parties for the third parties’ direct marketing purposes.",Description of Right to Opt-out of sale of PI
14244,DB_90,We may associate Personal Information with Web beacon activity of users.,Categories of Personal Information Collected
14259,DB_90,You also may update your Registration Information through your Account on our Services.,Description of Right to Correct Information
14272,DB_90,Delete certain information we have about you.,Description of Right to Delete
14274,DB_90,You also have the right to not be discriminated against (as provided for in applicable law) for exercising certain of your rights.,Description of Right to Non-discrimination on exercising rights
14276,DB_90,You will be required to verify your identify before we fulfill your request.,Methods to exercise rights
14326,DB_90,"We may update this Privacy Policy from time to time, and any changes will become effective upon posting.",Updated Privacy Policy
14349,DB_90,"For Services that access or link to any other account you may have (e.g., email or social media accounts), you must deactivate the links between your SalesIntel account and your other accounts to stop using our Services.",Methods to exercise rights
14360,DB_90,Is the PI Sold to a Third Party for a Commercial Purpose? ||| Yes ||| No ||| No ||| No ||| No ||| Yes,Categories of Personal Information Sold
14362,DB_90,"Category of PI collected ||| Identifiers (such as name, address, email address, social network info) ||| Commercial Information (such as transaction data) ||| Financial Data (such as credit card information) ||| Internet or other network or device activity (such as IP address, screen usage data) ||| Communication Information (such as the number, recency, frequency that you communicated with your contacts) ||| Professional or Employment Information (such as your employer and job title)",Categories of Personal Information Collected
14366,DB_90,See the “When We Share Your Information” section above regarding when we may share or disclose your personal information.,Categories of Personal Information Shared / Disclosed
14383,DB_91,"In that situation, we may collect the single Public IP address and do not collect the IP addresses for the individual devices.\n\nUser Agent information, (i.e., information about a consumer's web browser, software, device, and operating system) from content publishers, marketing partners, and users of the Site.\n\n“Cookies”, from content publishers and from users of this Site.",Categories of Personal Information Collected
14419,DB_91,You may opt out of us providing such information by opting out of our email newsletter and/or not registering for joint marketing events.,Categories of Personal Information Shared / Disclosed
14463,DB_91,"If we receive a Right to Deletion request regarding information that we process on behalf of our client, we will also recommend that the California resident submit a Right to Deletion request directly with the Client and will provide contact information for that Client where feasible.\n\nAs permitted by the CCPA/CPRA, if you request deletion of Personal Information that we have collected about you, we, our service providers, and our contractors may be unable to comply with such a request if your Personal Information is necessary to:\n\nComplete the transaction for which the Personal Information was collected, provide a good or service requested by you, or reasonably anticipated within the context of our ongoing business relationship with you, or otherwise perform a contract between us and you;\nPrevent, detect, and investigate security incidents, protect against malicious deceptive, fraudulent, or illegal activity; or prosecute those responsible for that activity;\nDebug to identify and repair errors that impair existing intended functionality;\nExercise free speech, ensure the right of another Consumer to exercise his or her right of free speech, or exercise another right provided for by law;\nComply with the California Electronic Communications Privacy Act pursuant to Chapter 3.6 (commencing with section 1546) of Title 12 of Part 2 of the Penal Code;\nEngage in public or peer-reviewed scientific, historical, or statistical research in the public interest that adheres to all other applicable ethics and privacy laws, when our deletion of that information is likely to render impossible or seriously impair the achievement to such research, if you have provided informed consent;\nEnable solely internal uses that are reasonably aligned with your expectations based on your relationship with us;\nComply with a legal obligation; or\nOtherwise use your Personal Information, internally, in a lawful manner that is compatible with the context in which you provided the information.",Description of Right to Delete
14465,DB_91,Right to Opt Out\nYou have the right to opt out of the disclosure of Personal Information about you for monetary or other valuable consideration.,Description of Right to Opt-out of sale of PI
14467,DB_91,"Right to Non-Discrimination\nWe may not discriminate against you because you have exercised any of the foregoing rights, including by:\n\nDenying you our Services;\nCharging different prices or rates for our Services, including through the use of discounts or other benefits or imposing penalties;\nProviding you a different level or quality of our Services; or\nSuggesting that you will receive different price or rate for our Services or at a different level or quality of our Services.",Description of Right to Non-discrimination on exercising rights
14499,DB_91,"You may request to exercise the aforementioned rights by:\n\nSubmitting a request to privacy@tinuiti.com or filling out this form\n\nCalling us toll-free at 833-846-8484\n\nIf you are a California resident that arrived here from the Bliss Point Media website (www.blisspointmedia.com) or Prospect Point Media website (www.prospectpointmedia.com), please submit your requests here or call us toll free at 1-626-774-5884",Methods to exercise rights
14509,DB_91,We therefore encourage you to refer to this page on an ongoing basis so that you are aware of our current privacy notice.,Updated Privacy Policy
14514,DB_91,"If you are requesting categories of information, please enter a list comprised of the following: Public IP Addresses, User Agent Information, Cookies, Mobile Advertising IDs, User Identifiers, Data about consumers' interactions with our Advertising Clients, or Geolocation data\nDeletion Requested\nPlease detail what information you are requesting to be deleted\nI am an authorized agent acting on behalf of the Consumer whose personal information is the subject of the request I am submitting.\nCCPA Request Confirmation\nAre you sure you want to submit this request?\nName:\nEmail:\nPhone:\nMobile Ad-ID:\nRequested information:\nDeletion requested information:\nI declare under the penalty of perjury that I am the Consumer whose personal information is the subject of the request I am submitting.",Methods to exercise rights
14536,DB_91,You can opt-out of having made your activity on the Site available to Google Analytics by installing the Google Analytics opt-out browser add-on.,Methods to exercise rights
14537,DB_91,"The add-on prevents the Google Analytics JavaScript (ga.js, analytics.js, and dc.js) from sharing information with Google Analytics about visits activity.",Methods to exercise rights
14546,DB_91,Most also let you delete cookies already set.,Methods to exercise rights
14565,DB_91,Our business or commercial purpose for collecting or selling Personal Information;\nThe categories of third parties with whom we share Personal Information;,Description of Right to Know PI sold / shared
14567,DB_91,"The categories of Personal Information about you, if any, that we have disclosed for monetary or other valuable consideration and the categories of third parties to which we have disclosed the information, by category or categories of Personal Information for each third party to which we disclosed the Personal Information; and\nThe categories of Personal Information about you that we disclosed for a business purpose.",Description of Right to Know PI sold / shared
14591,DB_91,Submitting a request to privacy@tinuiti.com or filling out this form\n\nCalling us toll-free at 833-846-8484,Methods to exercise rights
14626,DB_92,"In the preceding twelve (12) months, we have sold personal information in all of the categories listed in chart A above.",Categories of Personal Information Sold
14634,DB_92,"We may deny your deletion request if it is necessary for us or our service providers to retain your personal information, based upon allowed exceptions.",Description of Right to Delete
14639,DB_92,"Exercising access, opt-out, data portability and deletion rights\nTo exercise the rights described above please submit your request to us by either:\n\nToll-Free Number: 1-888-885-7576\nEmail: privacy@Choreograph.com\nClick here to opt out of the sale of your personal information\nClick here to make a deletion request\nClick here to request access to your data",Methods to exercise rights
14641,DB_92,"We reserve the right, at our discretion, to revise this privacy policy at any time.",Updated Privacy Policy
14780,DB_93,On our Partners page you will find the identities of data controllers and data processors with whom we may share your Information.,Description of Right to Know PI sold / shared
14791,DB_93,We do not currently recognize or respond to DNT signals,Methods to exercise rights
14792,DB_93,"Access (right to know), Portability, Correction, and Erasure (right to delete)\n\nTo validate the source of privacy control requests we ask that you first download the Cuebiq App from the iTunes App store or the Google Play store.\nTo receive a copy of Information collected and retained at Cuebiq in relation to your device please select “Request access to my data” from within the App.",Methods to exercise rights
14813,DB_94,The technologies We use may include:\n\nCookies or Browser Cookies.,Categories of Personal Information Collected
14833,DB_94,"Disclosure of Your Personal Data\nBusiness Transactions\nIf the Company is involved in a merger, acquisition or asset sale, Your Personal Data may be transferred.",Categories of Personal Information Shared / Disclosed
14865,DB_94,"Sale of Personal Information\nAs defined in the CCPA, “sell” and “sale” mean selling, renting, releasing, disclosing, disseminating, making available, transferring, or otherwise communicating orally, in writing, or by electronic or other means, a consumer’s personal information by the business to a third party for valuable consideration.",Categories of Personal Information Sold
14866,DB_94,"This means that We may have received some kind of benefit in return for sharing personal information, but not necessarily a monetary benefit.\n\nPlease note that the categories listed below are those defined in the CCPA.",Categories of Personal Information Sold
14878,DB_94,The right to delete Personal Data.,Description of Right to Delete
14879,DB_94,"You have the right to request the deletion of Your Personal Data, subject to certain exceptions.",Description of Right to Delete
14882,DB_94,"Penal Code § 1546 et. seq.).\nEngage in public or peer-reviewed scientific, historical, or statistical research in the public interest that adheres to all other applicable ethics and privacy laws, when the information’s deletion may likely render impossible or seriously impair the research’s achievement, if You previously provided informed consent.\nEnable solely internal uses that are reasonably aligned with consumer expectations based on Your relationship with Us.\nComply with a legal obligation.\nMake other internal and lawful uses of that information that are compatible with the context in which You provided it.",Description of Right to Delete
14884,DB_94,"You have the right not to be discriminated against for exercising any of Your consumer’s rights, including by:\nDenying goods or services to You\nCharging different prices or rates for goods or services, including the use of discounts or other benefits or imposing penalties\nProviding a different level or quality of goods or services to You\nSuggesting that You will receive a different price or rate for goods or services or a different level or quality of goods or services",Description of Right to Non-discrimination on exercising rights
14892,DB_94,Privacy Overview\nThis website uses cookies to improve your experience while you navigate through the website.,Categories of Personal Information Collected
14911,DB_94,"IP address), browser type, browser version, the pages of our Service that You visit, the time and date of Your visit, the time spent on those pages, unique device identifiers and other diagnostic data.\n\nWhen You access the Service by or through a mobile device, We may collect certain information automatically, including, but not limited to, the type of mobile device You use, Your mobile device unique ID, the IP address of Your mobile device, Your mobile operating system, the type of mobile Internet browser You use, unique device identifiers and other diagnostic data.\n\nWe may also collect information that Your browser sends whenever You visit our Service or when You access the Service by or through a mobile device.",Categories of Personal Information Collected
14931,DB_94,Google may use the collected data to contextualize and personalize the ads of its own advertising network,Categories of Personal Information Sold
14974,DB_95,"Right to Non-Discrimination/Equal Service: We will not discriminate against you for exercising any of these rights, for example, by charging a different price or denying goods or services.",Description of Right to Non-discrimination on exercising rights
14981,DB_95,We disclose or sell personal information to our Service Providers and the following categories of third parties:\n\nOur affiliated entities.\nData aggregators.\nAdvertisers.\nAd networks.\nThird parties in connection with products or services we and/or third parties provide to you.,Categories of Personal Information Sold
14991,DB_95,To Exercise Your Rights Under the CCPA,Methods to exercise rights
15082,DB_96,"Once we receive your request and confirm your identity (see Exercising Your Rights to Know or Delete), we will review your request to see if an exception allowing us to retain the information applies.",Description of Right to Delete
15087,DB_96,We do not sell the personal information of consumers we actually know are less than 16 years old.,Description of Right to Opt-out of sale of PI
15090,DB_96,Non-Discrimination\n\nWe will not discriminate against you for exercising any of your CCPA rights.,Description of Right to Non-discrimination on exercising rights
15124,DB_97,Used for internal analytics by the website operator.,Categories of Personal Information Collected
15301,DB_97,You may “opt out” of our “sale” of your personal information (as those terms are defined by the CCPA) by:\nUsing X-Mode’s “Do Not Sell My Personal Information” link web-form located here.\nYou may also submit a request to opt-out by emailing privacy@xmodesocial.com with the subject line “CCPA Opt-out” or by calling us toll-free at +1 (844)-405-1744.,Methods to exercise rights
15308,DB_97,"For instance, a number of people may be temporarily in possession of another person’s phone – e.g., a partner, friend or work colleague – whether consensually or not.",Description of Right to Know PI Collected
15317,DB_97,"Box 3273\nReston, VA 20195\nService Providers & Trusted Partners",Methods to exercise rights
15320,DB_97,"If we learn that personal information from such California residents has been collected, we will take reasonable steps to remove their information from our database (or to obtain legally required consent).\nAuthorized Agents:\nYou may also designate an agent to make requests to exercise your rights under CCPA as described above.",Categories of Personal Information Collected
15417,DB_98,"Updates and Changes to Privacy Policy\n\nWe reserve the right, at any time and without notice, to update or modify this Privacy Policy, simply by posting such update or modification on the Site.",Updated Privacy Policy
15436,DB_98,Current or past job history or performance evaluations.,Categories of Personal Information Collected
15466,DB_98,"Complete the transaction for which we collected the personal information, provide a good or service that you requested, take actions reasonably anticipated within the context of our ongoing business relationship with you, or otherwise perform our contract with you.\n2.",Description of Right to Delete
15475,DB_98,Make other internal and lawful uses of that information that are compatible with the context in which you provided it.,Description of Right to Delete
15481,DB_98,Non-Discrimination\n\nWe will not discriminate against you for exercising any of your CCPA rights.,Description of Right to Non-discrimination on exercising rights
15484,DB_98,"Participation in a financial incentive program requires your prior opt in consent, which you may revoke at any time.",Description of Right to Non-discrimination on exercising rights
15496,DB_98,"To opt out of these types of ads, please visit the Network Advertising Initiative for information about how to opt-out of interest-based advertising by their members",Description of Right to Opt-out of sale of PI
15518,DB_98,"Unless permitted by the CCPA, we will not:\n\nDeny you goods or services.\nCharge you different prices or rates for goods or services, including through granting discounts or other benefits, or imposing penalties.\nProvide you a different level or quality of goods or services.",Description of Right to Non-discrimination on exercising rights
15525,DB_98,We will retain your information as needed to provide you services and to process your information as requested by you.,Description of Right to Delete
15530,DB_98,"We may use or disclose the personal information we collect for one or more of the following business purposes:\n\nOperate, maintain and improve the Site and its services;\nEnable you to access and use the Site;\nSend you notices, updates, security alerts and support and other messages;\nTo provide you with email alerts and other notices concerning our products or services that may be of interest to you.\nProvide and deliver the services and features you request, process and complete transactions, and send you related information, including purchase confirmations and invoices;\nRespond to your comments, questions, and requests and provide customer service and support;\nMonitor and analyze trends, usage, and activities in connection with the Site and services it provides and for marketing or advertising purposes;\nInvestigate and prevent suspicious or fraudulent transactions, unauthorized use of the Site and other illegal activities;\nPersonalize and improve the Site, and provide content, features, and/or advertisements that match your interests and preferences;\nLink or combine with other information we receive from third parties to help understand your needs and provide you with better service;\nWe use your Financial Data only to verify your qualifications for certain products or services and to bill you for products and services.",Categories of Personal Information Collected
15570,DB_99,These companies are not authorized to use the Personal Data we share with them for any other purposes than those set forth in this Privacy Policy or to send you any unsolicited e-mails.,Categories of Personal Information Sold
15572,DB_99,"You may also request that we verify, correct, or update Personal Data collected through the Platform.",Description of Right to Correct Information
15582,DB_99,"Once we receive and confirm your verifiable request, we will delete (and, if applicable, direct our service providers to delete) your personal information from our records, unless an exemption applies.",Description of Right to Delete
15592,DB_99,You are encouraged to periodically revisit the Madison Logic Privacy Policy to see if it has been updated.,Updated Privacy Policy
15626,DB_99,We use Local Storage Objects (“LSOs”) such as Flash to store content information and preferences,Categories of Personal Information Collected
15634,DB_99,"You may also request that we verify, correct, or update Personal Data collected through the Platform",Description of Right to Correct Information
15637,DB_99,"These Features may collect information such as your Internet protocol address, the page you are visiting on our website, and may set a cookie to enable the Feature and related data collection to function properly",Categories of Personal Information Shared / Disclosed
15686,DB_100,update information which is out of date or incorrect,Description of Right to Correct Information
15693,DB_100,"If you are a California resident, the CCPA allows you to make certain requests about your personal information.",Description of Right to Know PI Collected
15695,DB_100,"Inform you about the categories of personal information we collect or disclose about you; the categories of sources of such information, the business or commercial purpose for collecting your personal information, and the categories of third parties with whom we share/disclose personal information;",Description of Right to Know PI sold / shared
15698,DB_100,California residents may opt out of the “sale” of their personal information.,Description of Right to Opt-out of sale of PI
15711,DB_100,"We use this information to supplement the information that we collect directly from you in order to derive your possible interests and provide more relevant experiences for you and improve our websites, analytics, and advertising.\n\nWe may also receive certain information about you from our clients, and we analyze that information on behalf of our clients as further discussed in this Policy.\n\n\nHOW WE USE YOUR INFORMATION\nWe use your information for various purposes depending on the types of information we have collected from and about you, in order to:\n\nProvide our Services \nRespond to your requests for information and provide you with more effective and efficient customer service\nIn accordance with applicable legal requirements, contact you regarding M+R, as well as third-party organizations, surveys, research studies, projects, and other subjects that we think may be of interest to you\nHelp us better understand your interests, and improve our Services\nSecure our Websites and resolve technical issues being reported\nComply with any procedures, laws, and regulations which apply to us where it is necessary for our legitimate interests or the legitimate interests of others\nEstablish, exercise, or defend our legal rights where it is necessary for our legitimate interests or the legitimate interests of others\nAggregate/De-Identified Information.",Categories of Personal Information Collected
15807,DB_101,"Biometric information. ||| Examples: Genetic, physiological, behavioral, and biological characteristics, or activity patterns used to extract a template or other identifier or identifying information, such as, fingerprints, faceprints, and voiceprints, iris or retina scans, keystroke, gait, or other physical patterns, and sleep, health, or exercise data. ||| Collected: NO\n\nCategory: F.",Categories of Personal Information Collected
15834,DB_101,Make other internal and lawful uses of that information that are compatible with the context in which you provided it.,Description of Right to Delete
15836,DB_101,"""Personal Information Sales Opt-Out and Opt-In Rights\n\nIf you are 16 years of age or older, you have the right to direct us to not sell your personal information at any time (the """"right to opt-out"""").""",Description of Right to Opt-out of sale of PI
15920,DB_101,"In the preceding twelve (12) months, we have disclosed the following categories of personal information for a business purpose:\n\nCategory A: Identifiers.\nCategory B: California Customer Records personal information categories.\nCategory C: Protected classification characteristics under California or federal law.\nCategory F: Internet or other similar network activity.",Categories of Personal Information Shared / Disclosed
15924,DB_101,Any CCPA-permitted financial incentive we offer will reasonably relate to your personal information's value and contain written terms that describe the program's material aspects.,Description of Right to Non-discrimination on exercising rights
15925,DB_101,"Participation in a financial incentive program requires your prior opt in consent, which you may revoke at any time.",Description of Right to Non-discrimination on exercising rights
15959,DB_102,For Other Commercial Purposes.,Categories of Personal Information Sold
15967,DB_102,"Updating This Policy\nThis Policy is dynamic, as it may be revised or updated on many occasions, such as if our practices change, if we add new features to this website, or for any other reason we feel would be proper to accommodate any changes in our practices.",Updated Privacy Policy
15987,DB_102,We do not and will not discriminate against you for exercising any of your CCPA rights.,Description of Right to Non-discrimination on exercising rights
16038,DB_103,Last Updated: January 2023,Updated Privacy Policy
16064,DB_103,Right to correct inaccurate personal information,Description of Right to Correct Information
16066,DB_103,Right to know what personal information is sold or shared and to whom,Description of Right to Know PI sold / shared
16067,DB_103,Right to opt out of sale or sharing of personal information,Description of Right to Opt-out of sale of PI
16068,DB_103,Right to limit use and disclosure of sensitive personal information,Description of Right to Limit use of PI
16076,DB_103,Right to Rectification\n\nYou have the right to obtain the rectification or inaccurate personal data.,Description of Right to Correct Information
16083,DB_103,"If you exercise your right to opt out of the sale of Personal Information about you, we will not sell Personal Information about you.",Description of Right to Opt-out of sale of PI
16110,DB_103,"CHANGES TO THE PRIVACY NOTICE\n\nThis Privacy Notice is reviewed and updated annually and may change from time to time, effective from the date mentioned in the updated version of the PrivacyNotice.",Updated Privacy Policy
16134,DB_103,"Taking into account the purposes of processing, you have the right to have incomplete personal data completed, including by means of providing a supplementary statement",Description of Right to Correct Information
16165,DB_104,"Cookies\n\nFamous Birthdays does not use cookies to deliver content specific to your interests, and we don't set any first-party cookies to help deliver more targeted ads.",Categories of Personal Information Collected
16206,DB_104,California Consumers' Rights (CCPA)\n\nCalifornia residents have the following rights:\n\n\n- The right to request disclosure of the kinds of personal information and the specific pieces of personal information that we have collected about you.,Description of Right to Know PI sold / shared
16207,DB_104,The right to be informed about the information we collect about you,Description of Right to Know PI sold / shared
16260,DB_105,"We may also disclose your Personal Data if we sell or transfer all or some of our company’s business interests, assets, or both, or in connection with a corporate restructuring.",Categories of Personal Information Shared / Disclosed
16280,DB_105,We will not discriminate against you for exercising any of your rights under the CCPA.,Description of Right to Non-discrimination on exercising rights
16298,DB_105,"The following Newsletter Domains are owned and operated by the companies in our corporate group:\n\nAnalytics Platform Solutions ;\nB2B Demand Gen Solutions ;\nBlockchain Software Solutions ;\nCloud Info Hub ;\nContentreads ;\nHuman Resources Briefings ;\nInfo Business Tech ; \nIT Local Gov ;\nIT Security World ;\nIT Solutions Report ;\nSales CRM Solutions ;\nTech Marketing Web ; and\nVideo Conference Solutions .\nAdditional Newsletter Domains may be adopted from time-to-time, without notice to you.\n\nChanges to this Notice\n\nIf we make any material change to this Notice, we will post the revised Notice to this web page.",Methods to exercise rights
16316,DB_106,"Effective on: April 11, 2022",Updated Privacy Policy
16343,DB_106,We will not discriminate against you for exercising any of your rights under the CCPA.,Description of Right to Non-discrimination on exercising rights
16363,DB_106,"We will also update the “Effective” date.\n\nContact Us\n\nIf you have any questions about this Notice or our processing of your Personal Data, please write to us by email at [email protected] or by postal mail at:\n\nIntentMacro, Inc.",Methods to exercise rights
16385,DB_106,"You may also have the right to ask that we limit our processing of such Personal Data, as well as the right to object to our processing of such Personal Data",Description of Right to Limit use of PI
16389,DB_107,A cache is used by the website to optimize the response time between the visitor and the website.,Categories of Personal Information Collected
16588,DB_107,Do not sell or share my personal information,Categories of Personal Information Sold
16607,DB_107,"Identifies the visitor across devices and visits, in order to optimize the chat-box function on the website.",Categories of Personal Information Collected
16652,DB_107,Categories of Personal Information shared or disclosed to third parties in the preceding 12 months and the categories of third parties with whom the information was disclosed or sold\n\nWho we share or disclose your personal data to\n\n,Categories of Personal Information Shared / Disclosed
16678,DB_107,"Celtra ||| 1: Celtra, Inc.",Categories of Personal Information Shared / Disclosed
16689,DB_107,"Adjust Adjust Software Ltd, United Kingdom",Categories of Personal Information Shared / Disclosed
16692,DB_107,Kantar The Kantar Group Limited,Categories of Personal Information Shared / Disclosed
16694,DB_107,"Nielsen The Nielsen Company (US), LLC",Categories of Personal Information Shared / Disclosed
16729,DB_107,Google Cloud Platform ||| 1: Google LLC/Google Ireland Ltd,Categories of Personal Information Shared / Disclosed
16753,DB_108,"You have the right to request that we correct inaccurate Personal Information, taking into account the nature of the Personal Information and the purposes of the processing of the Personal Information.",Description of Right to Correct Information
16754,DB_108,"You have the right under CCPA and CPRA, and certain other privacy and data protection laws, as applicable, to opt-out of the sale or disclosure of your Personal Information.",Description of Right to Opt-out of sale of PI
16757,DB_108,"Subject to certain exceptions set out below, on receipt of a verifiable request from you, we will:\n\nDelete your Personal Information from our records; and\n\nDirect any service providers to delete your Personal Information from their records.\n\nPlease note that we may not delete your Personal Information if it is necessary to:\n\nComplete the transaction for which the Personal Information was collected, fulfill the terms of a written warranty or product recall conducted in accordance with federal law, provide a good or service requested by you, or reasonably anticipated within the context of our ongoing business relationship with you, or otherwise perform a contract between you and us;\nDetect security incidents, protect against malicious, deceptive, fraudulent, or illegal activity; or prosecute those responsible for that activity;\n\nDebug to identify and repair errors that impair existing intended functionality;\n\nExercise free speech, ensure the right of another consumer to exercise his or her right of free speech, or exercise another right provided for by law;\n\nComply with the California Electronic Communications Privacy Act;\n\nEngage in public or peer-reviewed scientific, historical, or statistical research in the public interest that adheres to all other applicable ethics and privacy laws, when our deletion of the information is likely to render impossible or seriously impair the achievement of such research, provided we have obtained your informed consent;\n\nEnable solely internal uses that are reasonably aligned with your expectations based on your relationship with us;\n\nComply with an existing legal obligation; or\n\nOtherwise use your personal information, internally, in a lawful manner that is compatible with the context in which you provided the information.",Description of Right to Delete
16758,DB_108,"Right to Limit Use and Disclosure You have the right to direct a business that collects sensitive personal information to limit its use of your sensitive personal information to that use which is necessary to perform the services or provide the goods reasonably expected by an average consumer who requests those goods or services, necessary for business purposes, or authorized by certain regulations.",Description of Right to Limit use of PI
16762,DB_108,"If we make a material update, we may provide you with notice prior to the update taking effect, such as by posting a conspicuous notice on our website or by contacting you using the email address you provided.\n\nWe encourage you to periodically review this Privacy Policy to stay informed about our collection, processing, and sharing of your Personal Information.",Updated Privacy Policy
16765,DB_108,"This site is protected by Google reCAPTCHA\n\nTo contact us directly, please email privacy@buildertrend.com, or mail us to:\n\nBuildertrend Solutions, Inc.\nATTN: Privacy Team\n11818 I Street\nOmaha, NE 68137, USA",Methods to exercise rights
16793,DB_108,"Our contracted joint marketing partners and other business partners, who may process your Personal Information for purposes such as marketing and providing products and services that may be of interest to you and/or your business;",Categories of Personal Information Sold
16802,DB_108,"Specifically, you have the right to know: The categories of Personal Information we have collected about you; The categories of sources from which the Personal Information is collected; Our business or commercial purpose for collecting, selling, or sharing Personal Information; The categories of third parties with whom we share Personal Information, if any; and The specific pieces of Personal Information we have collected about you",Description of Right to Know PI Collected
16808,DB_108,"Right to Limit Use and Disclosure ||| 1: You have the right to direct a business that collects sensitive personal information to limit its use of your sensitive personal information to that use which is necessary to perform the services or provide the goods reasonably expected by an average consumer who requests those goods or services, necessary for business purposes, or authorized by certain regulations.",Description of Right to Limit use of PI
17165,DB_109,Your Marketing and Data Management Choices\n\nYou may “opt out” of our marketing database by submitting an “opt out” request via our secure online webform.,Description of Right to Opt-out of sale of PI
17235,DB_110,"Marketers may use these Data Segments to tailor more relevant ads and offers to groups of users, or to learn more about their own customers and improve their own databases.",Categories of Personal Information Shared / Disclosed
17258,DB_110,"You may click here to send an email to us, to opt out of Data Axle’s database.",Description of Right to Opt-out of sale of PI
17260,DB_110,"If you wish to opt out of other third party ad platforms and ad networks (including ones we work with and may have transferred data to in the past), we recommend visiting the opt-out pages offered by the Network Advertising Initiative and the DAA’s AboutAds progr",Description of Right to Opt-out of sale of PI
17265,DB_110,"If you are a California resident and would like to exercise any of these rights under the CCPA, please click here to send an email to us or please click “Do Not Sell My Data” at the bottom of this page",Methods to exercise rights
17355,DB_111,Right to Limit Use of Disclosure of Sensitive Information\nYou may have the right to request that the business limit the use and disclosure of your sensitive personal information.,Description of Right to Limit use of PI
17358,DB_111,"However, we may withhold some personal information where the risk to you or our business is too great to disclose the information",Description of Right to Know PI Collected
17359,DB_111,"However, we may withhold some personal information where the risk to you or our business is too great to disclose the information.",Description of Right to Know PI sold / shared
17363,DB_111,Right to “opt-out” of the sale of your personal information.\nYou may opt out of the “sale” of their personal information.,Description of Right to Opt-out of sale of PI
17384,DB_112,"Once we receive and confirm your verifiable consumer request (see Exercising Access, Data Portability, and Deletion Rights), we will delete (and direct our service providers to delete) your personal information from our records, unless an exception applies.",Description of Right to Delete
17402,DB_112,"To exercise the right to opt-out, you (or your authorized representative) may submit a request to us by visiting the following Internet Web page: https://listservicedirect.com/opt-out",Methods to exercise rights
17489,DB_113,"These companies may use non-personally identifiable information (e.g., click stream information, browser type, time and date, subject of advertisements clicked or scrolled over) during your visits to this site and other Web sites in order to provide advertisements about goods and services likely to be of greater interest to you.",Categories of Personal Information Shared / Disclosed
17494,DB_113,Legal Disclosures\nLogiq may need to disclose personal information when required by law or legal process.,Categories of Personal Information Shared / Disclosed
17505,DB_113,We will not discriminate against you for exercising any of your CCPA rights.,Description of Right to Non-discrimination on exercising rights
17540,DB_114,"Effective Jan 01, 2023",Updated Privacy Policy
17608,DB_114,The Right to Correction.,Description of Right to Correct Information
17612,DB_114,"If you are under the age of 16, you have the right to opt in, or to have a parent or guardian opt in on your behalf, to such sales.",Description of Right to Opt-out of sale of PI
17661,DB_114,"The Right to Request Deletion\n\nYou have the right to request the deletion of personal information that we have collected from you, subject to certain exceptions.",Description of Right to Delete
17668,DB_114,"If we make material changes to these CA Disclosures, we will notify you by email to your registered email address, by prominent posting on our online services, or through other appropriate communication channels.",Updated Privacy Policy
17700,DB_114,"If you have any questions regarding this Privacy Policy, or any of our services, please send an email to legal@sharelocalmedia.com, or contact us at:\n\nShare Local Media\nATTN: Client Service - Privacy Policy Question\n40 Exchange Place, Suite 900\nNew York, NY 10005",Methods to exercise rights
17709,DB_114,The California “Shine the Light” law gives residents of California the right under certain circumstances to request information from us regarding the manner in which we share certain categories of personal information (as defined in the Shine the Light law) with third parties for their direct marketing purposes.,Description of Right to Know PI sold / shared
17710,DB_114,"To opt out of this type of sharing, please fill out this form.",Methods to exercise rights
17782,DB_115,"Cookies, Web Pixels, and Similar Technologies\n\nThis section provides more information about cookies and similar technologies that we and our business partners may use, and how they work.\n\na.",Categories of Personal Information Collected
17835,DB_116,"If we process your personal information on behalf of one of our customers, we may ask that you work with the customer to amend your personal information.",Description of Right to Correct Information
17875,DB_116,Please click here for details.,Updated Privacy Policy
17914,DB_116,"If Demandbase sells a substantial portion of its assets or is acquired, reorganized, merged into another entity, goes out of business or enters bankruptcy, it is likely that personal information will be one of the business assets transferred in connection with such activity.",Categories of Personal Information Shared / Disclosed
17942,DB_117,You should visit our website periodically to review any such change.,Updated Privacy Policy
18043,DB_118,Right to request deletion of the data — Request to delete\n\nYou can ask for the deletion of your personal information.,Description of Right to Delete
18046,DB_118,We will not discriminate against you if you exercise your privacy rights.,Description of Right to Non-discrimination on exercising rights
18048,DB_118,"Upon receiving an opt-out request, we will act upon the request as soon as feasibly possible, but no later than fifteen (15) days from the date of the request submission.",Description of Right to Opt-out of sale of PI
18071,DB_118,Your rights with respect to your personal data\n\nRight to request deletion of the data — Request to delete\n\nYou can ask for the deletion of your personal information.,Description of Right to Delete
18075,DB_118,"""The updated version will be indicated by an updated """"Revised"""" date and the updated version will be effective as soon as it is accessible.""",Updated Privacy Policy
18088,DB_118,"HOW CAN YOU CONTACT US ABOUT THIS NOTICE?\n\nIf you have questions or comments about this notice, you may email us at privacy@keyopinionleaders.com or by post to:\n\nKey Opinion Leaders, LLC\n351 Paseo Nuevo 2nd Floor\n#1007\nSanta Barbara , CA 93101\nUnited States",Methods to exercise rights
18133,DB_119,Right to Opt-Out of Sale\n\nThe CCPA provides California residents with the right to opt-out of the sale of their personal information.,Description of Right to Opt-out of sale of PI
18135,DB_119,Right to Nondiscrimination\n\nThe CCPA provides California residents with the right not to receive discriminatory treatment for the exercise of their privacy rights conferred by the CCPA.,Description of Right to Non-discrimination on exercising rights
18138,DB_119,"If you wish to contact us regarding this California Privacy Notice, you may do so through the following methods:\n\nBy email at privacy@roq.ad\nBy calling us at +49 172 589 7954\n",Methods to exercise rights
18146,DB_119,The personal data collected as part of a registration for the newsletter will only be used to send our newsletter.,Categories of Personal Information Collected
18183,DB_119,"If you are a California resident, the California Consumer Privacy Act (“CCPA”) provides you with certain rights regarding your personal information, including the right to know about personal information collected, disclosed, or sold; the right to request that we delete personal information that we have collected from you; the right to opt-out of the sale of your personal information; and the right not to be discriminated against for exercising your rights.",Description of Right to Know PI Collected
18268,DB_120,We sell personal data as described in this privacy notice and those to whom we sell data may further sell data to others.,Categories of Personal Information Sold
18308,DB_120,"To learn how to opt-out of our sale, license, or use of your personal data by Advertising Solutions to support interest-based advertising, visit Mobile Advertising ID Opt-Out.",Description of Right to Opt-out of sale of PI
18317,DB_120,"We are also required to disclose that in the preceding 12 months, to facilitate certain advertising activities commonly deployed by online and technology companies, we sold the following categories of personal data to customers and business partners: device identifiers, Internet and electronic network activity, geolocation data, and inferences.",Categories of Personal Information Sold
18347,DB_121,You have the right to ask us to delete the personal data about you we have collected.,Description of Right to Delete
18363,DB_121,Sharing of personal data for targeted advertising\nWe do not allow others to collect your personal data for targeted advertising based on your activity on our websites and other sites (a concept sometimes known as “sharing”).\n\n,Categories of Personal Information Shared / Disclosed
18367,DB_121,"If you exercise your privacy rights under California law, we will not do any of the following in retaliation:\n\nDeny you goods or services.\nCharge you different prices or rates for goods or services, including through the use of discounts or other benefits, or imposing penalties.\nProvide you a different level or quality of goods or services.\nSuggest that you may receive a different price or rate for goods or services or a different level or quality of goods or services.\n",Description of Right to Non-discrimination on exercising rights
18381,DB_122,"Credit: publicly available websites and other Customers.\nBusiness Payment Network (BPN): first and last name, email address, company address, Tax ID (which can be a Social Security Number), account name and name of account owner(s), and Merchant ID.",Categories of Personal Information Collected
18462,DB_122,What Categories of Personal Data May We Sell to Third Parties?\nWe don’t sell any Personal Data processed in the context of the use of the BBD to third parties as defined in the CCPA.,Categories of Personal Information Sold
18467,DB_122,"If you do not want us to use cookies for marketing purposes as described in our Cookie Policy, please change your cookie settings in our cookie banner.\n\nFurther, we take technical measures to restrict how our partners use the data of persons in California.",Categories of Personal Information Sold
18469,DB_122,This is called the “right to be informed”.,Description of Right to Know PI Collected
18473,DB_122,"Right to Delete Your Personal Data\nThis is called the right to erasure, right to deletion or the “right to be forgotten”.",Description of Right to Delete
18477,DB_122,This is your right to tell us to stop using your Personal Data.,Description of Right to Opt-out of sale of PI
18480,DB_122,Right Not to be Discriminated Against for Exercising your Privacy Rights \nWe will not discriminate against you for exercising any of your privacy rights.,Description of Right to Non-discrimination on exercising rights
18483,DB_122,This is called the “right to opt out”.,Description of Right to Opt-out of sale of PI
18486,DB_122,"Changes and Updates to the Privacy Policy\nThis Privacy Policy may be updated and revised from time to time, and we will post the current version of this Privacy Policy on our webpage.",Updated Privacy Policy
18488,DB_122,"We may contact you through email regarding material, retroactive changes to our Privacy Policy or practices, but you should check the Site periodically to review any changes.",Updated Privacy Policy
18500,DB_122,"Regarding Google Analytics: For an overview of the privacy of your Google Analytics cookies, please visit: https://support.google.com/analytics/answer/6004245.⏎You may install a Google Analytics opt-out browser add-on by going here: https://tools.google.com/dlpage/gaoptout?hl=en-GB.",Categories of Personal Information Collected
18536,DB_122,Marketing: to contact customers or prospects in order to market our Products.,Categories of Personal Information Shared / Disclosed
18542,DB_122,Billtrust Business Directory: to allow our customers to identify opportunities within their customer base to convert print invoices to electronic invoices and payments from paper checks to online payments,Categories of Personal Information Sold
18562,DB_122,"Personal Data from Credit\nWhat Categories of Personal Data from Credit Does Billtrust Share with Service Providers?\nIdentifiers, special categories of Personal Data, commercial information, inferences drawn from other Personal Data; and other Personal Data included in the content that you create or share, including any communications with Credit or other users, and other information related to your work or organization.\n\nWhat Types of Service Providers May Receive These Categories of Personal Data?\nCredit-reporting companies, payment gateways, and who provide fax and printing services; hosting services; cloud data storage services and SaaS-based integration platforms; cloud-computing software; co-location and infrastructure services; electronic signature software; anti-money laundering solutions; payment infrastructure platforms; ACH wire transaction facilitators; business intelligence software; big data analytics platform; event logging platforms; security solutions; and interactive voice response systems.\n\nWhat Categories of Personal Data May We Sell to Third Parties?\nIn order to facilitate intelligent decision making by the customers of our Credit product, we may share information entered by our customers with credit agencies and other third parties, and receive information from them in turn.",Categories of Personal Information Sold
18563,DB_122,"Personal Data Shared in the Context of the Use of the BPN\nWhat Categories of Personal Data Does Billtrust Share with Service Providers?\nIdentifiers, special categories of Personal Data, commercial information, inferences drawn from other Personal Data.\n\nWhat Types of Service Providers May Receive These Categories of Personal Data?\nPayment gateways, and service providers who provide fax and printing services; hosting services; cloud data storage services and SaaS-based integration platforms; co-location and infrastructure services; payment infrastructure platforms; ACH wire transaction facilitators; business intelligence software; big data analytics platform; and event logging platforms.\n\nWhat Categories of Personal Data May We Sell to Third Parties?\nWe don’t sell any Personal Data processed in the context of the use of the BPN.",Categories of Personal Information Sold
18564,DB_122,What Categories of Personal Data May We Sell to Third Parties?\nWe don’t sell any Personal Data processed in the context of the use of the BBD to third parties as defined in the CCPA,Categories of Personal Information Sold
18576,DB_122,ight Not to be Discriminated Against for Exercising your Privacy Rights \nWe will not discriminate against you for exercising any of your privacy rights.,Description of Right to Non-discrimination on exercising rights
18606,DB_123,"Last updated January 1, 2022",Updated Privacy Policy
18692,DB_123,Right to request deletion of the data – Request to delete\n\nYou can ask for the deletion of your personal information.,Description of Right to Delete
18700,DB_123,"DO WE MAKE UPDATES TO THIS NOTICE?\nIn Short: Yes, we will update this notice as necessary to stay compliant with relevant laws.\n\nWe may update this privacy notice from time to time.",Updated Privacy Policy
18701,DB_123,The updated version will be indicated by an updated “Revised” date and the updated version will be effective as soon as it is accessible.,Updated Privacy Policy
18711,DB_123,Legitimate Interests: We may process your data when it is reasonably necessary to achieve our legitimate business interests.,Categories of Personal Information Sold
18764,DB_124,Responding to any such survey is entirely voluntary.,Categories of Personal Information Collected
18812,DB_124,We may change this Privacy Policy at any time.,Updated Privacy Policy
18844,DB_124,"How to Exercise Your California CCPA Rights\n\nYou can exercise your CCPA rights by submitting your request(s) to us using the online form located at https://www.mrginc.com/opt-out/ or by emailing us at info@mrginc.com.\n\nIf you want to exercise more than one of your CCPA rights, please submit a separate request for each CCPA right.",Methods to exercise rights
18883,DB_125,Changes to this Privacy Policy.\nWe reserve the right to revise and reissue this Privacy Policy at any time.,Updated Privacy Policy
18900,DB_125,Right to Non-Discrimination.\nYou have the right not to receive discriminatory treatment by us for the exercise of any your rights.,Description of Right to Non-discrimination on exercising rights
18924,DB_125,"Right to Opt Out.\nTo the extent PeekYou sells your personal information as the term “sell” is defined under the CCPA, you have the right to opt out of the sale of your personal information at any time",Description of Right to Opt-out of sale of PI
18940,DB_126,"You can instruct Your browser, by changing its options, to stop accepting cookies or to prompt You before accepting a cookie from the websites You visit.",Categories of Personal Information Collected
19064,DB_127,You have the right to not be discriminated against for exercising any of your CCPA rights.,Description of Right to Non-discrimination on exercising rights
19078,DB_127,"If you are a California resident, the California Consumer Privacy Act, (“CCPA”) provides you with specific rights regarding your personal information, including:",Description of Right to Know PI sold / shared
19147,DB_128,The right to delete Personal Data.,Description of Right to Delete
19179,DB_128,You have the right to be notified which categories of Personal Data are being collected and the purposes for which the Personal Data is being used.,Description of Right to Know PI Collected
19193,DB_128,"You may also contact Us to request access to, correct, or delete any personal information that You have provided to Us.\n\nPlease note, however, that We may need to retain certain information when we have a legal obligation or lawful basis to do so.",Description of Right to Delete
19265,DB_129,"Dun & Bradstreet shares information with third party service providers, such as credit card processors, auditors, attorneys, consultants, live help/chat providers and contractors, in order to support Dun & Bradstreet's Internet websites and business operations.",Categories of Personal Information Shared / Disclosed
19266,DB_129,Dun & Bradstreet contractually requires that these recipients only use the information for the intended purpose of the disclosure and that they destroy or return the information when it is no longer needed.,Categories of Personal Information Shared / Disclosed
19302,DB_129,The use of third-party cookies and other tracking technologies is not covered by our privacy policy.,Categories of Personal Information Shared / Disclosed
19415,DB_129,"We may deny your deletion request if retaining the information is necessary for us or our service providers to:\n\nComplete the transaction for which we collected the personal information, provide a good or service that you requested, take actions reasonably anticipated within the context of our ongoing business relationship with you, or otherwise perform our contract with you.\nDetect security incidents, protect against malicious, deceptive, fraudulent, or illegal activity, or prosecute those responsible for such activities.\nDebug products to identify and repair errors that impair existing intended functionality.\nExercise free speech, ensure the right of another consumer to exercise their free speech rights, or exercise another right provided for by law.\nComply with the California Electronic Communications Privacy Act (Cal.",Description of Right to Delete
19515,DB_129,The business or commercial purpose for selling personal information. ||| 1: Our Purpose for selling personal information is to continually improve our AI platform and enable companies to engage their buyers with 1-to-1 omni-channel experience and make B2B marketing as personalized as B2C marketing.,Categories of Personal Information Sold
19518,DB_129,"This Privacy Notice was previously updated July 1, 2020.",Updated Privacy Policy
19522,DB_130,The right to limit the use of your “sensitive” personal information;,Description of Right to Limit use of PI
19530,DB_130,The right to correct or amend my personal information\nYou may have the right to correct or rectify inaccurate or incomplete personal information that we have on file about you.,Description of Right to Correct Information
19532,DB_130,"The right to limit the use of my “sensitive” personal information\nYou may have the right to limit our use of your “sensitive” personal information. “Sensitive” personal information may include information revealing your racial or ethnic origin, religious or philosophical beliefs, political opinions, or union membership; genetic data; biometric data for the purpose of uniquely identifying you; information concerning your health, sex life, or sexual orientation; information revealing your precise geolocation; and information revealing certain sensitive identification numbers (e.g., social security number, passport number) or financial information (e.g., bank account number in combination with a password).",Description of Right to Limit use of PI
19535,DB_130,"Depending on the jurisdiction, a “sale” might encompass our business selling, renting, releasing, disclosing, disseminating, making available, transferring, or otherwise communicating orally, in writing, or by electronic or other means, your personal information to a third party for monetary or other valuable consideration.",Description of Right to Opt-out of sale of PI
19559,DB_130,"Depending on your jurisdiction, you may have certain rights in relation to the processing of your personal data or personal information.",Description of Right to Know PI Collected
19568,DB_130,"They do not store directly personal information, but are based on uniquely identifying your browser and internet device",Categories of Personal Information Sold
19606,DB_131,"Right to Correct – If you find your information is inaccurate, you may have it corrected.",Description of Right to Correct Information
19610,DB_131,Right to Delete — You have the right to request the deletion of your personal data collected or maintained by us subject to certain exceptions permitted by law.,Description of Right to Delete
19613,DB_131,We do not use the fact that you have exercised or requested to exercise any CCPA rights for any purpose other than facilitating a response to your request.,Description of Right to Non-discrimination on exercising rights
19692,DB_132,We may collect your Personal Information or data from third parties if you give permission to those third parties to share your information with us.,Categories of Personal Information Collected
19721,DB_132,"The Right to Correction\nThe right to correct inaccuracies in your Personal Information, taking into account the nature of the Personal Information and the purposes of the processing of the Personal Information.",Description of Right to Correct Information
19724,DB_132,The Right to Control Over Sensitive Information\nThe right to exercise control over the use and disclosure of certain sensitive information.,Description of Right to Limit use of PI
19725,DB_132,"The Right to Non-Discrimination\nThe right not to receive retaliatory or discriminatory treatment for exercising any of the rights described above.However, please note that if the exercise of the rights described above limits our ability to process Personal Information (such as in the case of a deletion request), we may no longer be able to provide you our products or services or engage with you in the same manner.In addition, the exercise of the rights described above may result in a different price, rate, or quality level of product or service where that difference is reasonably related to the impact the right has on our relationship or is otherwise permitted by law.",Description of Right to Non-discrimination on exercising rights
19755,DB_132,"In addition, if you want to reject cookies across all your browsers and devices, you will need to do so on each browser on each device you actively use.",Methods to exercise rights
19805,DB_132,"When you interact with our Site through various social media, such as when you click on the social media icon on the Site, follow us on a social media Site, or post a comment to one of our pages, we may receive information from the social network such as your profile information, profile picture, gender, username, user ID associated with your social media account, age range, language, country, and any other information you permit the social network to share with third partie",Categories of Personal Information Sold
19828,DB_132,We may also sell Identifiers and Commercial Information to our Enterprise Customers and our Business Partners.,Categories of Personal Information Sold
19940,DB_133,"At all times, you are bound by the then-current version of the Privacy Policy and all applicable laws.",Updated Privacy Policy
19941,DB_133,We highly recommend that you review this Privacy Policy from time to time.,Updated Privacy Policy
19954,DB_133,The California Privacy Act entitles California residents to direct that a business that sells or shares Personal Information about the Consumer to third parties not to sell and/or share the Consumer’s Personal Information.,Description of Right to Opt-out of sale of PI
19955,DB_133,Right to Have the Use and Disclosure of Sensitive Personal Information Limited (“Right to Limit).,Description of Right to Limit use of PI
19956,DB_133,"The California Privacy Act entitles California residents to direct that a business that collects Sensitive Personal Information about the Consumer to limit its use of the Consumer’s Sensitive Personal Information to that use which is necessary to perform the services or provide the goods reasonably expected by an average Consumer who requests those goods or services, except that this Right to Limit is not applicable to certain such uses permitted by the California Privacy Act.",Description of Right to Limit use of PI
20011,DB_133,"Shared/Sold/Disclosed: Third Parties, including vehicle dealers, that can provide the Consumer with the products, services or information that the Consumer has requested; Other digital marketing services companies that purchase Consumer Requests from AutoWeb for sale, disclosure or transfer to such Third Party’s customers; Advertiser clients to assess the effectiveness of advertising campaigns we have provided for them; Third Party vendors and suppliers of products and services in which the Consumer has expressed an interest or about which a Consumer has requested information; Service Providers and Contractors; Third Parties that may wish to send the Consumer email, postal mail or SMS/text messages containing advertising or marketing materials regarding products or services that the Third Parties or their customers believe Consumers may find of interest.",Categories of Personal Information Sold
20019,DB_133,"Market products or services offered by Third Parties to Consumers, primarily vehicles and automotive-related products and services",Categories of Personal Information Sold
20035,DB_133,"Those Third Parties who receive your Personal Information prior to your opt-out will remain able to send you communications, subject to their privacy policies and practices.",Description of Right to Opt-out of sale of PI
20037,DB_133,"Consumers can opt out of delivery of interest-based advertising to the Consumer by multiple companies by visiting www.aboutads.info/choices, www.networkadvertising.org/managing/opt_out.asp and www.evidon.com.",Description of Right to Opt-out of sale of PI
20044,DB_133,"California residents who wish to request deletion of their Personal Information in compliance with the California Privacy Act should submit their requests as provided below under the section entitled “Submission of Requests To Exercise California Privacy Rights--Requests to Know, Requests to Delete and Requests to Correct” below.",Methods to exercise rights
20048,DB_133,"The California Privacy Act entitles California residents to direct that a business that collects Sensitive Personal Information about the Consumer to limit its use of the Consumer’s Sensitive Personal Information to that use which is necessary to perform the services or provide the goods reasonably expected by an average Consumer who requests those goods or services, except that this Right to Limit is not applicable to certain such uses permitted by the California Privacy Act",Description of Right to Limit use of PI
20053,DB_134,"As a general matter, we will not disclose any of the Personal Information you provide us through our Site to any third parties.",Categories of Personal Information Shared / Disclosed
20075,DB_134,You have the right to request that we delete the Personal Information we have about you.,Description of Right to Delete
20076,DB_134,"Please note that upon receipt of a valid request to delete from you, we will delete any Personal Information we have about you in our Licensed Data and in our Client Data.",Description of Right to Delete
20079,DB_134,You have the right to request that we correct inaccurate Personal Information.,Description of Right to Correct Information
20081,DB_134,You have the right to limit our use and disclosure of your Sensitive Personal information.,Description of Right to Limit use of PI
20082,DB_134,You also have the right not to be discriminated against for exercising any of the rights listed above.,Description of Right to Non-discrimination on exercising rights
20113,DB_134,How We Disclose Personal Information inConnection with the Services,Categories of Personal Information Shared / Disclosed
20130,DB_135,The categories of sources from which the personal information is collected.,Description of Right to Know PI Collected
20132,DB_135,The categories of third parties with whom the business shares personal information.,Description of Right to Know PI sold / shared
20150,DB_135,"Because we respect your right to privacy, you can choose not to allow some types of cookies.",Description of Right to Limit use of PI
20151,DB_135,Click on the different category headings to find out more and change our default settings.,Description of Right to Limit use of PI
20152,DB_135,"However, blocking some types of cookies may impact your experience of the site and the services we are able to offer.",Description of Right to Limit use of PI
20168,DB_135,Do we disclose any information to outside parties?,Description of Right to Know PI sold / shared
20174,DB_135,These cookies enable the website to provide enhanced functionality and personalisation,Description of Right to Know PI Collected
20208,DB_136,"If a user's personally identifiable information changes (such as your zip code), or if a user no longer desires our service, we will endeavor to provide a way to correct, update that user's personal data provided to us.",Description of Right to Correct Information
20212,DB_136,"In addition, the CCPA provides you the right to access and delete Personal Data for California residents",Description of Right to Delete
20224,DB_136,"If a user's personally identifiable information changes (such as your zip code), or if a user no longer desires our service, we will endeavor to provide a way to correct, update that user's personal data provided to us",Description of Right to Correct Information
20290,DB_137,The Tracking Technologies remember the websites you visit and that information is shared with other parties such as advertisers and/or publishers.,Categories of Personal Information Collected
20452,DB_138,"in case: (i) the personal data is no longer necessary in relation to the purposes for which it was collected or otherwise processed; (ii) the data subject withdraws consent to which the processing is based according to point (a) of Article 6(1) of the GDPR, or point (a) of Article 9(2) of the GDPR, and where there is no other legal ground for the processing; (iii) the data subject objects to the processing pursuant to Article 21(1) of the GDPR and there are no overriding legitimate grounds for the processing, or the data subject objects to the processing pursuant to Article 21(2) of the GDPR; (iv) the personal data have been unlawfully processed; (v) the personal data have been collected in relation to the offer of information society services referred to in Article 8(1) of the GDPR.",Description of Right to Delete
20455,DB_138,"(d) to request that company restrict the processing of your information in cases when: (i) the accuracy of the personal data is contested by the data subject, for a period enabling the controller to verify the accuracy of the personal data; (ii) the processing is unlawful and the data subject opposes the erasure of the personal data and requests instead the restriction of their use instead; (iii) the controller no longer needs the personal data for the purposes of the processing, but they are required by the data subject for the establishment, exercise or defense of legal claims (iv) the data subject has objected to processing pursuant to Article 21(1) of the GDPR pending the verification whether the legitimate grounds of the controller override those of the data subject.",Description of Right to Limit use of PI
20458,DB_138,(f) to object to the processing of your information for certain purposes; and,Description of Right to Limit use of PI
20500,DB_138,"Penal Code § 1546 seq.).\nEngage in public or peer-reviewed scientific, historical, or statistical research in the public interest that adheres to all other applicable ethics and privacy laws, when the information’s deletion may likely render impossible or seriously impair the research’s achievement, if you previously provided informed consent.\nEnable solely internal uses that are reasonably aligned with consumer expectations based on your relationship with us.\nComply with a legal obligation.\nMake other internal and lawful uses of that information that are compatible with the context in which you provided it.",Description of Right to Delete
20546,DB_138,The above laws may not apply to each of you in each scenario and are supplied here for your reference.,Updated Privacy Policy
20549,DB_138,"We may also save your information to facilitate new product orders or process returns.\nTo provide, support, personalize, and develop our Websites, products, and services.\nTo create, maintain, customize, and secure your account with us.\nTo process your requests, purchases, transactions, and payments and prevent transactional fraud.\nTo provide you with support and to respond to your inquiries, including to investigate and address your concerns and monitor and improve our responses.\nTo personalize your Website experience and to deliver content and product and service offerings relevant to your interests, including targeted offers and ads through our Websites, third-party sites, and via email or text message (with your consent, where required by law).\nTo help maintain the safety, security, and integrity of our Websites, products and services, databases and other technology assets, and business.\nFor testing, research, analysis, and product development, including to develop and improve our Websites, products, and services.\nTo respond to law enforcement requests and as required by applicable law, court order, or governmental regulations.\nAs described to you when collecting your personal information or as otherwise set forth in the CCPA.\nTo evaluate or conduct a merger, divestiture, restructuring, reorganization, dissolution, or other sale or transfer of some or all of Media Direct, Inc.’s assets, whether as a going concern or as part of bankruptcy, liquidation, or similar proceeding, in which personal information held by Media Direct, Inc. about our Website users is among the assets transferred.\n \n\nMedia Direct, Inc. will not collect additional categories of personal information or use the personal information we collected for materially different, unrelated, or incompatible purposes without providing you notice.",Categories of Personal Information Collected
20570,DB_138,"the recipients or categories of recipients to whom the personal data have been or will be disclosed, in particular recipients in third countries or international organizations; (iv) where possible, the envisaged period for which the personal data will be stored, or, if not possible, the criteria used to determine that period;",Description of Right to Know PI sold / shared
20576,DB_138,An employee of Digdev shall promptly ensure that the erasure request is complied with immediately,Description of Right to Delete
20585,DB_138,"If we sold or disclosed your personal information for a business purpose, two separate lists disclosing:\nsales, identifying the personal information categories that each category of recipient purchased; and\ndisclosures for a business purpose, identifying the personal information categories that each category of recipient obtained.",Description of Right to Know PI sold / shared
20590,DB_138,We mark it on our databases as “Do Not Share.”,Description of Right to Limit use of PI
20607,DB_139,"However, certain features of the Site may not work if you delete or disable cookies.\n\nWe use the following types of cookies:\n\nSession Cookies: Session cookies keep track of you or your information as you move from page to page within the Site and are typically deleted once you close your browser.",Categories of Personal Information Collected
20660,DB_139,Right to Opt-Out from the Sale of Personal Information\nYou have the right to direct us not to sell your Personal Information to Third Parties.,Description of Right to Opt-out of sale of PI
20664,DB_139,Right of Restriction\nYou have the right to request that we limit the use of your sensitive personal information.,Description of Right to Limit use of PI
20669,DB_139,Non-Discrimination Notice\nWe will not discriminate against any consumer for exercising their privacy rights under law or this Privacy Policy.,Description of Right to Non-discrimination on exercising rights
20670,DB_139,California “Do Not Track” Disclosure\nDo Not Track is a web browser privacy preference that causes the web browser to broadcast a signal to websites requesting that a user’s activity not be tracked.,Description of Right to Know PI Collected
20735,DB_139,Service our clients’ accounts;,Description of Right to Know PI Collected
20741,DB_139,"We may establish a relationship with other businesses to provide services to us which may include corporate affiliates (“Service Providers”), including for:",Description of Right to Know PI sold / shared
20744,DB_139,Business analytics (both marketing and non-marketing related);,Description of Right to Know PI sold / shared
20749,DB_139,We only provide our Service Providers with the information necessary for them to perform these services on our behalf.,Description of Right to Know PI sold / shared
20750,DB_139,Service Providers are prohibited from using Personal Information other than as specified by us.,Description of Right to Know PI sold / shared
20752,DB_139,We may share or sell your Personal Information with other companies who do not provide services to us (“Third Parties”) such as companies that market and/or sell products and services to consumers and/or businesses and the service providers for those companies.,Description of Right to Know PI sold / shared
20756,DB_139,PRIVACY POLICY CHANGES\nThis Privacy Policy is subject to change.,Updated Privacy Policy
20758,DB_139,Changes to this Privacy Policy will be posted on this Site and will be effective immediately upon posting,Updated Privacy Policy
20762,DB_139,You will be deemed to have been made aware of and have accepted the changes by your continued use of our Site or Services.,Updated Privacy Policy
20780,DB_139,"Generally, we retain Personal Information for approximately thirteen (13) months after our relationship with you has ended, but the term for which we retain your Personal Information may be longer or shorter.",Categories of Personal Information Collected
20781,DB_139,"Non-Discrimination Notice\nWe will not discriminate against any consumer for exercising their privacy rights under law or this Privacy Policy.\n\nFinancial Incentive Notice\nWe do not offer financial incentives, price differences, or service differences related to the collection, retention or sale of personal information.",Description of Right to Non-discrimination on exercising rights
20815,DB_140,Do Not Sell My Personal Information\nThe CCPA requires businesses to provide a web page where consumers can opt out of the “sale” of their Personal Information.,Description of Right to Opt-out of sale of PI
20817,DB_140,California Civil Code Section 1798.83\nCalifornia Civil Code Section 1798.83 permits California residents who have provided personal information to us to request certain information regarding our disclosure of such personal information to Third Party Companies for their marketing purposes.,Description of Right to Know PI sold / shared
20847,DB_140,"Right to Request Deletion of Personal Information\n\nYou have the right to request that we delete any of your Personal Information that we collected from you or is maintained by us, subject to certain exceptions, including if we need the Personal Information for a reason related to our business, such as:\n\nproviding services to you;\ndetecting and resolving issues related to security or functionality;\ncomplying with legal obligations;\nexercising free speech or ensuring another’s exercise of free speech; or\nusing the information for internal purposes that a consumer might reasonably expect;\nfulfilling an enforceable governmental request or otherwise conform with the requirements of law or legal process;\nprotecting or defending our legal rights or property, the Site, our employees or others;\nresponding to an investigation of fraud or illegal activity regarding a specific user of the Site, even without a subpoena, warrant or court order;\nwe are involved in a merger, acquisition, or the sale of all or a portion of our assets, but such Personally Identifiable Information will be governed by this Privacy Policy for California Residents unless you consent to a new Privacy Policy.\nAfter we receive and confirm your verifiable consumer request, we will delete your Personal Information from our records within the time period required by the CCPA, unless an exception applies.",Description of Right to Delete
20952,DB_140,"If we sold your Personal Information, or disclosed your Personal Information for a business purpose, two separate lists disclosing:\nSales, identifying the Personal Information categories that each category of recipient purchased; and\nDisclosures for a business purpose, identifying the Personal Information categories that each category of recipient obtained.",Description of Right to Know PI sold / shared
20953,DB_140,"Right to Request Deletion of Personal Information\nYou have the right to request that we delete any of your Personal Information that we collected from you or is maintained by us, subject to certain exceptions, including if we need the Personal Information for a reason related to our business, such as:\n\nproviding services to you;\ndetecting and resolving issues related to security or functionality;\ncomplying with legal obligations;\nexercising free speech or ensuring another’s exercise of free speech; or\nusing the information for internal purposes that a consumer might reasonably expect;\nfulfilling an enforceable governmental request or otherwise conform with the requirements of law or legal process;\nprotecting or defending our legal rights or property, the Site, our employees or others;\nresponding to an investigation of fraud or illegal activity regarding a specific user of the Site, even without a subpoena, warrant or court order;\nwe are involved in a merger, acquisition, or the sale of all or a portion of our assets, but such Personally Identifiable Information will be governed by this Privacy Policy for California Residents unless you consent to a new Privacy Policy.",Description of Right to Delete
20999,DB_141,"You have the right to know and see what data we have collected about you over the last 12 months preceding your request, including:\n\nCategories of personal information we have collected about you;\nCategories of sources from which the personal information is collected;\nBusiness or commercial purpose for collecting your personal information; and\nSpecific pieces of personal information we have collected about you.",Description of Right to Know PI Collected
21008,DB_141,You have the right to not be discriminated against for exercising any of the rights listed above.,Description of Right to Non-discrimination on exercising rights
21035,DB_141,"If you would like to opt-out of receiving promotional or marketing material from us in the future, please follow the opt-out instructions located at the bottom of each promotional or marketing email communication, or click here",Methods to exercise rights
21078,DB_141,"We share the information we collect on the Website with our vendors and service providers for the purpose of verifying data and where such access is incidental to their providing us services, such as phone number verification services and email service providers.",Categories of Personal Information Sold
21080,DB_141,"If we should ever file for bankruptcy or have our assets sold to or merged with another entity, information that we receive from you through this website may be treated as an asset of the Company and may be transferred to the fullest extent permitted by law.",Categories of Personal Information Sold
21089,DB_141,Code § 1798.83 permits customers of All Web Leads who are California residents to request certain information regarding and/or opt-out of our disclosure of personal information to third parties for their direct marketing purposes,Description of Right to Limit use of PI
21150,DB_142,"Last Modified: Jan 24, 2023",Updated Privacy Policy
21177,DB_142,"Right to nondiscrimination.\n\nWe do not deny, charge different prices for, or provide a different level of quality of goods or services if you choose to exercise these rights.",Description of Right to Non-discrimination on exercising rights
21189,DB_142,"We will then request certain information about you, including your device identifier (and we may request a screen shot of that identifier).",Methods to exercise rights
21191,DB_142,"Where you have requested that we delete personal information that we have collected from you, we will seek to confirm whether your request is for an “opt out” or a “deletion”: because “opt out” or “do not sell” rights enable us to maintain your information for “suppression” purposes – i.e., to prevent us from selling information about you in the future (which is what many consumers requesting “deletion” actually desire to occur), we try to explain this in order to ensure we are meeting consumers’ preferences.",Description of Right to Opt-out of sale of PI
21247,DB_143,There are numerous types of cookies:,Categories of Personal Information Collected
21254,DB_143,The right to be informed,Description of Right to Know PI Collected
21255,DB_143,The right of access,Description of Right to Know PI Collected
21256,DB_143,The right of rectification,Description of Right to Know PI Collected
21257,DB_143,The right to restrict processing,Description of Right to Know PI Collected
21260,DB_143,The right not to be subject to automated decision-making,Description of Right to Know PI Collected
21263,DB_143,"As we apply techniques such as data minimization (not processing more data than what is needed), we consider it would be against the spirit of the law to hold data allowing us to identify you in case you want to exercise your right to erasure",Description of Right to Delete
21272,DB_143,"Right to equal services and prices: The CCPA prohibits businesses from discriminating against consumers by denying goods or services, charging a different price or rate for goods or services, providing a different level or quality of goods or services, or suggesting that they will do any of these things based upon a consumer’s exercise of any CCPA rights.",Description of Right to Non-discrimination on exercising rights
21277,DB_143,California data subjects who would like to make a CCPA access or deletion request may write to us by email to privacy@fifty.io with your specific request and any relevant details to exercise those rights or they may also call us on our toll free CCPA privacy hotline at 1-833-335-0880 and we will respond within 45 days as per the law.,Methods to exercise rights
21281,DB_143,"Fifty Intelligence and insights conducts bespoke studies of user audiences for our clients by processing data from several online platforms such as Twitter, and helps clients understand their segments, analyse trends, shed light on new products, services, emerging categories etc.",Categories of Personal Information Shared / Disclosed
21360,DB_144,Dstillery thinks about the data we process in terms of whether or not the data may be used by Dstillery to identify a data subject.,Categories of Personal Information Collected
21371,DB_144,"As noted above, in some places, such as the State of California and the EU, certain Non-PII such as cookie IDs and IP addresses are considered personal information.",Categories of Personal Information Collected
21390,DB_144,"Dstillery’s technology uses “network neighbor” data to help our clients deliver relevant digital advertisements on websites and mobile apps. “Network neighbors” are generally two or more people that visit the same website pages, utilize the same wifi network or use the same mobile apps.",Categories of Personal Information Collected
21396,DB_144,"We also obtain data from third-party partners, including Cuebiq.",Categories of Personal Information Collected
21401,DB_144,"If you wish to not have this information used for the purpose of serving you targeted ads, you may opt-out by clicking here.",Methods to exercise rights
21422,DB_144,"Please note that if you delete, block, or otherwise restrict cookies, or if you use a different computer or Internet browser, you will need to renew your opt-out choice.",Methods to exercise rights
21424,DB_144,And Dstillery participates in the DAA AppChoices mobile opt-out application as part of honoring the DAA Code for the Mobile Environment.,Description of Right to Limit use of PI
21426,DB_144,"Similarly, when our systems indicate that a user of a device has opted-out from Dstillery via AppChoices, our technology won’t use your data to target ads on mobile applications for that device.",Description of Right to Limit use of PI
21472,DB_144,Dstillery’s data protection officer may be contacted at dpo@dstillery.com.,Methods to exercise rights
21488,DB_144,"If you’d like to adjust your choices regarding the use of precise location data by third parties such as Dstillery, you may do so via your device settings",Methods to exercise rights
21657,DB_145,Opt Out Rights under California Consumer Privacy Act,Categories of Personal Information Sold
21658,DB_145,LoopMe does not sell your personal information for money.,Categories of Personal Information Sold
21671,DB_145,Link different devices - we may infer or determine which different devices are used by the same User or the same household for one or more of the above purposes.,Categories of Personal Information Collected
21717,DB_145,"You can request to exercise your information, access and deletion rights by:\ncalling us toll free on 1-866-I-OPT-OUT and entering service code 815# to leave us a message.\nemailing privacy@loopme.com\nsending a request by mail to LoopMe Limited, 107 Cheapside, EC2V 6DN, Attn: Privacy\nsubmitting a request by completing the webform found here.",Methods to exercise rights
21722,DB_145,"Effective March 17, 2022 to July 25, 2022",Updated Privacy Policy
21727,DB_146,Build and manage business-to-business relationships,Categories of Personal Information Collected
21824,DB_146,"Changes to this Privacy Policy\nFrom time to time, we may update this Privacy Policy.",Updated Privacy Policy
21831,DB_146,"As we have described elsewhere in this Privacy Notice, in order to “opt out” of our databases – which means we will no longer “sell” and will instead suppress the information we have associated with you, please see Section 13.",Description of Right to Opt-out of sale of PI
21839,DB_146,"This may include, at any given time, our provision of datasets, data “appends” (connecting data across datasets), data “scoring” (providing inferences about potential consumer behavior), data hygiene services (helping Clients to evaluate, validate and correct personal information they hold), and security and anti-fraud services (helping Clients to identify potentially fraudulent activity).\nHelping our Clients identify and understand their consumers better, by providing insights about them and managing loyalty programs, as well as providing financial and other scoring products.\nAssisting our Clients with use our Services to provide their consumers and prospects with better service, improved offerings, and special promotions, for instance, advising on which consumers or prospective consumers are most likely to be interested (or disinterested) in certain offers.\nOnline targeting, for example:\n\nCreating or helping to create defined audience segments based on common demographics and/or shared (actual or inferred) interests or preferences (e.g., households with prospective students).",Categories of Personal Information Collected
21883,DB_146,We may also cooperate with law enforcement agencies in any official investigation and we may disclose any Information to the requesting agency in doing so.,Description of Right to Know PI sold / shared
21888,DB_146,"We refer to it here as “targeted” advertising. (It is also referred to as “cross-context” advertising under California law.) (This “opt out” right is required in some states, but again, we endeavor to extend this right to all consumers.)\n\nWe do not directly control the sending or initiation of targeted advertising, which is generally performed with cookies and similar technologies.",Description of Right to Limit use of PI
21925,DB_147,Request an update or correction of your Personal Data so that it is always accurate.,Description of Right to Correct Information
21927,DB_147,"Restrict the processing of your Personal Data, for example, if you have contested the accuracy of your Personal Data, and for a period of time that is sufficient to allow us to verify its accuracy.",Description of Right to Limit use of PI
21928,DB_147,"Object to the processing on specific grounds relating to your particular situation, in the event and to the extent that we process your Personal Data based on our legitimate interests.",Description of Right to Limit use of PI
21938,DB_147,You have the right to access specific information i.e. you may request that we disclose certain information to you about our collection and use of your personal information over the past 12 months.,Description of Right to Know PI Collected
21950,DB_147,We will furthermore give you more detailed information on the processes on our Website.,Updated Privacy Policy
21959,DB_147,Compliance with our legal or regulatory obligations\n\nto determine the legal requirements for processing of your Personal Data (based on your location such as your country)\nto respond to your requests related to your data subject rights and to allow you to use such rights\nto comply with our legal obligations (e.g. tax and accounting obligations)\nto inform you about any changes to this Privacy Notice\nPlease see the section with service specific information below for a more detailed description of the purposes for which we process your Personal Data.,Categories of Personal Information Collected
21964,DB_147,"To the extent permitted by applicable data protection laws and regulations, you have the following rights in relation to your Personal Data:\n\nAccess the Personal Data we hold about you, including information such as the source and categories of data, the processing purposes, the recipients (or categories thereof), and the respective retention period.",Description of Right to Know PI Collected
21966,DB_147,"\nRestrict the processing of your Personal Data, for example, if you have contested the accuracy of your Personal Data, and for a period of time that is sufficient to allow us to verify its accuracy.",Description of Right to Limit use of PI
21968,DB_147,Please note that this will not affect the lawfulness of data processing based on consent granted prior to its withdrawal.,Description of Right to Limit use of PI
21976,DB_147,to inform you about any changes to this Privacy Notice,Description of Right to Limit use of PI
21983,DB_147,You have the right to access specific information i.e. you may request that we disclose certain information to you about our collection and use of your personal information over the past 12 months.\n\nYou have the right to know.,Description of Right to Know PI Collected
22112,DB_148,For information on how to enable GPC see https://globalprivacycontrol.org/faq,Methods to exercise rights
22115,DB_148,Opt out of targeted advertising,Description of Right to Limit use of PI
22116,DB_148,"With targeted advertising, you receive ads and offers that are more likely to be useful to you.",Description of Right to Limit use of PI
22122,DB_148,Opt out of targeted advertising in a browser,Description of Right to Limit use of PI
22126,DB_148,"If you clear your cookies, or if you use a different browser or device, you will need to renew your opt-out choice.",Description of Right to Limit use of PI
22129,DB_148,Opt out of targeted advertising in the mobile application environment,Description of Right to Limit use of PI
22130,DB_148,"You may opt out in mobile app environments using the “AppChoices” mobile application, where applicable, which you can download to your mobile device from your App Store or via the DAA AppChoices page here.",Description of Right to Limit use of PI
22131,DB_148,Other ways to opt out of targeted advertising,Description of Right to Limit use of PI
22132,DB_148,You may learn more about targeted advertising and opt out of targeted advertising from MediaMath and other online advertising companies that are also members of applicable self-regulatory organizations by visiting their opt-out links:,Description of Right to Limit use of PI
22133,DB_148,NAI (browser) – http://optout.networkadvertising.org/,Description of Right to Limit use of PI
22135,DB_148,DAA Canada (browser) – http://youradchoices.ca/choices,Description of Right to Limit use of PI
22136,DB_148,EDAA (browser) – http://www.youronlinechoices.com/,Description of Right to Limit use of PI
22137,DB_148,DAA AppChoices page (mobile) – http://www.aboutads.info/appchoices,Description of Right to Limit use of PI
22138,DB_148,Other ways to limit ad tracking in the mobile and OTT TV device application environment,Description of Right to Limit use of PI
22164,DB_148,"If you interact with these features, doing so will result in certain personal data being provided to the relevant third party such as IP address and your browser’s technical information, as well as the URL of the content which you are seeking to share.",Categories of Personal Information Shared / Disclosed
22184,DB_148,To segment (group) you with similar individuals;,Categories of Personal Information Collected
22197,DB_148,Bid Request and Impression Data; and,Categories of Personal Information Shared / Disclosed
22210,DB_148,providing mechanisms to honor user choices;,Categories of Personal Information Shared / Disclosed
22241,DB_148,"We will retain all other categories of personal data that we collect or receive on the Platform, including Bid Request Data and Impression Data, Pixel Data and Other Client Data, and Third-Party Segment Data and Other Third-Party Data, for no longer than thirteen months.",Categories of Personal Information Collected
22270,DB_148,"If you would like to exercise any of your rights in respect to your personal data, please submit a request using the Access Request form available.",Methods to exercise rights
22315,DB_148,"Our disclosure of personal data from the Platform or Website\nWe disclose the following categories of personal data to the following categories of third parties for the business and commercial purposes set out above in Section 4 and Section 6:\n\nTo our affiliates in connection with our business operations that are based in our regional offices in the UK, Spain, France, Germany, Singapore, Brazil, Japan, Mexico and Australia:\nMediaMath ID;\nPixel Data and Other Client Data;\nBid Request and Impression Data; and\nThird-Party Segment Data and Other Third-Party Data.\nTo our clients and resellers in connection with providing them with our digital advertising media and data management services and products:\nMediaMath ID;\nPixel Data and Other Client Data;\nBid Request and Impression Data; and\nThird-Party Segment Data and Other Third-Party Data.\nAt our clients’ direction, we disclose client Pixel Data and Other Client Data to the third parties that they designate.\nTo our audience partners in connection with creating custom advertiser client Segments based on advertiser client-supplied seed data (i.e. data about the advertiser client’s existing customers) or other data:\nMediaMath ID;\nPixel Data and Other Client Data;\nThird-Party Segments; and\nImpression Data.\nTo a limited number of audience partners in connection with audience creation or modelling:\nBid Request Data\nTo our Cookie Sync partners in connection with synchronizing MediaMath cookie IDs with third-party partners’ IDs:\nMediaMath IDs;\nPixel Data;\nImpression Data; and\nOther Third-Party Data (specifically third-party IDs),\nTo a number of parties (referred to in this Policy as subcontractors) that help us provide the services requested by our clients.",Categories of Personal Information Shared / Disclosed
22325,DB_148,Restrict: restrict certain processing of your personal data,Description of Right to Limit use of PI
22327,DB_148,"\nRight to know about your personal information which we collect, use, disclose, sell and/or share for the 12-month period prior to the request date.",Description of Right to Know PI Collected
22330,DB_148,the categories of third parties with whom we share or to whom we have shared or sold your personal information in the prior 12 months\nthe categories of personal information that have been provided to such third parties in the prior 12 months.,Description of Right to Know PI sold / shared
22362,DB_149,All changes shall be effective from the date of publication unless otherwise provided in the notification.,Updated Privacy Policy
22394,DB_149,"To learn more about interest-based advertising and how you may be able to opt-out of some of this advertising, you may wish to visit the Digital Advertising Alliance’s (DAA) resources and/or the Network Advertising Initiative’s (NAI) online resources, atwww.aboutads.info/choices or http://www.networkadvertising.org/choices/ and you can opt-out of receiving some interest-based advertisements on mobile apps by visitinghttp://www.aboutads.info/appchoices",Description of Right to Opt-out of sale of PI
22401,DB_149,"As described in our Privacy Policy, we share personal information with third parties for business purposes or we may sell your personal information to third parties, subject to your right to opt-out of those sales (see The Right to Opt-Out of Personal Information Sales below).",Description of Right to Opt-out of sale of PI
22441,DB_149,"To learn more about interest-based advertising and how you may be able to opt-out of some of this advertising, you may wish to visit the Digital Advertising Alliance’s (DAA) resources and/or the Network Advertising Initiative’s (NAI) online resources, atwww.aboutads.info/choices or http://www.networkadvertising.org/choices/ and you can opt-out of receiving some interest-based advertisements on mobile apps by visitinghttp://www.aboutads.info/appchoices.",Methods to exercise rights
22452,DB_149,"Recipients of Personal Information\nAs described in our Privacy Policy, we share personal information with third parties for business purposes or we may sell your personal information to third parties, subject to your right to opt-out of those sales (see The Right to Opt-Out of Personal Information Sales below). \nWe disclose your personal information to the following categories of third parties: \n\nOur service providers: We engage a number of third-party service providers that perform business or operational services for us or on our behalfs, such as website hosting, infrastructure provisioning, IT services, customer service, email delivery services, marketing and advertising services, and other similar services, subject to contractual terms restricting the collection, use and disclosure of your personal information for any other commercial purpose. \n\nThird parties at your request.",Categories of Personal Information Shared / Disclosed
22454,DB_149,"We may share personal information with SentiLink customers who have engaged us to provide services, subject to those businesses obtaining your consent where they are required by law to do so. \n\nBusinesses as needed to provide Services.",Categories of Personal Information Shared / Disclosed
22461,DB_149,Businesses as needed to provide Services.,Categories of Personal Information Sold
22491,DB_149,The Right to Non-Discrimination\n\nYou have the right not to receive discriminatory treatment for exercising these rights.,Description of Right to Non-discrimination on exercising rights
22497,DB_149,Financial Incentives\n\nWe do not offer financial incentives or price or service differences to consumers in exchange for the retention or sale of a consumer’s personal information:,Description of Right to Non-discrimination on exercising rights
22528,DB_150,The right to request that we delete the personal information we have collected from you or maintain about you.,Description of Right to Delete
22594,DB_150,"We may be required (by law or otherwise) to keep certain information for a limited period of time, in which case we will comply with your request only after we have fulfilled such requirements.",Categories of Personal Information Collected
22595,DB_150,"We may work with third party advertising companies (“Ad Companies”) that gather information about your visits to the Website and elsewhere on the Internet, including in mobile apps on your devices.",Categories of Personal Information Collected
22612,DB_150,"By visiting https://www.privacyrights.info or https://optout.privacyrights.info , you can opt out from sales of this type of personal information by businesses that participate in the DAA CCPA Opt Out tool program.",Methods to exercise rights
22691,DB_151,Deletion Requests\nYou have a right to request that we delete your personal information that we have collected.,Description of Right to Delete
22712,DB_151,"As permitted by law, we have determined that various aspects of our business, such as the volume of consumer data we process, how our systems utilize and analyze the data, and the number of sources of that data, do not permit us to practicably receive and give effect to consumer-provided requests to limit processing of sensitive data.",Description of Right to Limit use of PI
22721,DB_151,"If you are a California resident and are associated with one of our vendors, partners or service providers, please email privacy@wiland.com (or call our toll-free number below) if you wish to request to opt out of this usage, and specify in your message the Wiland vendor, partner or service provider with which you are associated.",Methods to exercise rights
22735,DB_151,"The chart below describes the verification we use for particular requests based on who is submitting the request and what is being requested, and instructions in each of our privacy choices web forms listed above give specific details on what must be submitted and how to submit it.\n\nWhat are you requesting?",Methods to exercise rights
22741,DB_151,"You may download a copy of this form, here.\nD – Submit Wiland’s permission form for family members, signed by the individual and by you.",Methods to exercise rights
22743,DB_151,"Additional documentation is required for this type of submission, as described above.",Methods to exercise rights
22756,DB_151,"If you wish to submit an appeal of our decision about a privacy choice you believe you correctly submitted, you must send an email to privacy@wiland.com and use “Appeal of Privacy Decision” as the subject line.",Methods to exercise rights
22801,DB_151,"Limit the Processing of Data Defined As Sensitive in Some States\nAs discussed above, we do not process data historically defined as highly-sensitive in the United States.",Description of Right to Limit use of PI
22820,DB_152,you may submit such re,Description of Right to Opt-out of sale of PI
22890,DB_152,"Online identifiers, consumer interaction with websites and inferences about website visitors",Categories of Personal Information Sold
22895,DB_152,The categories of sources for the personal information we collected about you.,Description of Right to Know PI Collected
22903,DB_152,"Prevent, detect and investigate security incidents, protect against malicious, deceptive, fraudulent, or illegal activity, or prosecute those responsible for such activities.",Description of Right to Delete
22904,DB_152,Debug products to identify and repair errors that impair existing intended functionality.,Description of Right to Delete
22912,DB_152,Right to Correct Your Inaccurate Personal Information,Description of Right to Correct Information
22913,DB_152,"You have the right to request that we correct any inaccurate personal information about you, taking into account the nature of the personal information and the purposes of processing your personal information.",Description of Right to Correct Information
22914,DB_152,"Once we receive and verify your consumer request, we will use commercially reasonable efforts to correct your inaccurate personal information from our records, unless it is impossible or involves a disproportionate effort.",Description of Right to Correct Information
22926,DB_152,We will not discriminate against you for exercising any of your Applicable Data Privacy Laws rights.,Description of Right to Non-discrimination on exercising rights
22942,DB_152,Making a verifiable consumer request does not require you to create an account with us.,Methods to exercise rights
22944,DB_152,Changes to this Privacy Notice,Updated Privacy Policy
23014,DB_152,What Information Do We Share?,Description of Right to Know PI sold / shared
23026,DB_152,The NAI’s opt-out tool to opt-out of our collection of data online for IBA and the placement of interest based ads.,Description of Right to Opt-out of sale of PI
23138,DB_152,"Right to Correct Your Inaccurate Personal Information\n\nYou have the right to request that we correct any inaccurate personal information about you, taking into account the nature of the personal information and the purposes of processing your personal information.",Description of Right to Correct Information
23139,DB_152,"Right to Opt Out of the Sale or Sharing of Your Personal Information\n\nThe CCPA defines “sale” broadly, and it may include our sharing information that we have about you, such as a cookie ID or IP address, with third party advertising partners who may use this information, on our behalf, to help us deliver advertising on the WebMD Sites as well as on third party websites.",Description of Right to Opt-out of sale of PI
23143,DB_152,"Unless permitted by the Applicable Data Privacy Laws, we will not:\n\nDeny you goods or services.\nCharge you different prices or rates for goods or services, including through granting discounts or other benefits, or imposing penalties.\nProvide you a different level or quality of goods or services.\nSuggest that you may receive a different price or rate for goods or services or a different level or quality of goods or services.",Description of Right to Non-discrimination on exercising rights
23200,DB_153,Please note that none of our choice mechanisms will opt you out of all advertising.,Description of Right to Limit use of PI
23201,DB_153,You will continue to receive generic ads but they won’t be targeted by us and we will remove opted out browsers or devices from our ad targeting system.,Description of Right to Limit use of PI
23202,DB_153,Your opt-out choice will be applied only to the browser or device that has opted out.,Description of Right to Limit use of PI
23204,DB_153,Code § 1798.80(e));\n(c) protected class characteristics;\n(d) commercial information;\n(e) internet activity information;\n(f) geolocation data/precise geolocation information; and\n(g) inferences drawn from personal information to create a consumer profile.,Categories of Personal Information Sold
23205,DB_153,"Disclosure of Personal Information\n\nAccording to the definitions and terms included in the CCPA, in the past 12 months, InMarket has disclosed for business purposes some consumer personal information that falls within these categories:\n\n(a) personal identifiers, which we disclosed to some customers, customers’ vendors, Third Party Partners, and our vendors and service providers for the purpose of auditing compliance with advertising specifications and agreements; detecting security issues; logging and debugging errors; performing services for InMarket, including storing records, transaction fulfillment, processing payments, advertising and marketing services, analytics services, and related services; internal research for technological development; and activities to improve and enhance InMarket’s services;\n(b) protected personal information under the California Customer Records statute (Cal.",Categories of Personal Information Shared / Disclosed
23213,DB_153,"CCPA: Right to Delete\nYou have the right to request that we delete your personal information, subject to certain exceptions.",Description of Right to Delete
23271,DB_153,Sale of Personal Information,Categories of Personal Information Sold
23276,DB_153,(f) geolocation data/precise geolocation information; and,Categories of Personal Information Sold
23293,DB_153,"If you believe we have collected such information, please contact us immediately at privacy@inmarket.com.",Description of Right to Know PI Collected
23305,DB_153,Please note that these choice mechanisms won’t impact previously collected precise geolocation information.\n(c) Connected TV/Over the Top Streaming (“CTV/OTT”).,Methods to exercise rights
23314,DB_153,"If you wish to opt-out, stop submitting additional information and please submit a “Do Not Sell My Personal Information” request or a “Delete My Personal Information” request as described below this Privacy Policy.",Methods to exercise rights
23403,DB_154,"In this case, we may disclose your information to the prospective seller or buyer of such business or assets or to the entity with whom we merge.",Categories of Personal Information Shared / Disclosed
23443,DB_154,"Exercising Access, Data Portability, and Deletion Rights\n‍To exercise the access,data portability, and deletion rights described above, please submit a verifiable consumer request to us by either:\n\nCalling us at + 1 (855) WALLAH1 or +1 (855) 925-5241 or by emailing us at privacy@mediawallah.com",Methods to exercise rights
23476,DB_154,Please visit the Network Advertising Initiative’s Mobile Choices Page located at https://www.networkadvertising.org/mobile-choices# for additional detailed instructions on how to use the advertising choice mechanisms for various devices.\nIndustry opt-outs\n\nSome of our clients and partners participate in the industry opt-out tools of the Network Advertising Initiative (NAI) or the Digital Advertising Alliance (DAA).,Methods to exercise rights
23514,DB_154,"Unless permitted by the CCPA,we will not:\n\nDeny you goods or services;\nCharge you different prices or rates for goods or services, including through granting discounts or other benefits, or imposing penalties;\nProvide you a different level or quality of goods or services; or\nSuggest that you may receive a different price or rate for goods or services or a different level or quality of goods or services\nHowever, we may offer you certain financial incentives permitted by CCPA that can result in different prices, rates or quality levels.",Description of Right to Non-discrimination on exercising rights
23524,DB_155,"Such notice may take various forms, such as updating the date on the top of the policy, adding a statement to our website, sending you an email, or providing an on-screen notification on your Smart TV.",Updated Privacy Policy
23540,DB_155,"Information from Integrated Services: We collect information when you visit or use third-party websites and apps that use our Integrated Services, including through cookies and other technologies described above.",Categories of Personal Information Collected
23559,DB_155,This means you have the right to request that we:\n\nInform you of the personal information we collect (and provide you with a copy of your personal information) and how we use i,Description of Right to Know PI sold / shared
23560,DB_155,Disclose to you what personal information of yours we have shared or sold to third parties.,Description of Right to Know PI sold / shared
23562,DB_155,Correct any errors in that information.,Description of Right to Correct Information
23586,DB_155,"Our cookies are generally set to expire thirteen (13) months from the last time our systems encounter a particular computer or device.\nInformation from Integrated Services: We collect information when you visit or use third-party websites and apps that use our Integrated Services, including through cookies and other technologies described above.",Categories of Personal Information Collected
23593,DB_155,Retention of Information\nWe will generally retain your personal information for as long as is needed to fulfill the purposes outlined in this Privacy Policy.,Categories of Personal Information Collected
23612,DB_155,"If you cannot find them or your TV manufacturer has not enabled them, please contact us at privacy@samba.tv with your TV manufacturer and model number and we will attempt to provide you with more detailed instructions on where to locate these features.",Methods to exercise rights
23614,DB_155,"If you prefer, you can usually choose to set your browser to remove or reject browser cookies or to clear local storage.",Methods to exercise rights
23624,DB_156,"California consumers have statutory rights to request us to disclose what personal information we collect, use, disclose and “sell”.",Description of Right to Know PI sold / shared
23653,DB_156,"Information about the device(s) you use to access the Website, including MAC address, IP address, browser type and version, time zone setting, browser plug-in types and versions, operating system and platform, device type, and device identifiers;",Categories of Personal Information Collected
23730,DB_156,"Pursuing Rights Under the CCPA\n\nOnce again, we will not discriminate against you in any way if you choose to exercise your rights under the CCPA.",Description of Right to Non-discrimination on exercising rights
23733,DB_156,"If we update or otherwise amend this CCPA notice, we will amend the Effective Date of this Privacy Policy and – if the change is substantial – also via e-mail or information on our Website.",Updated Privacy Policy
23791,DB_156,"We will never voluntarily share your e-mail data or any data originating from API integrations to third parties unless doing so will be necessary to provide and improve these features of Services, comply with applicable laws such as to respond lawful requests of legal authorities that we will carefully verify, or as part of a merger, acquisition, or sale of assets.\n\nPlease note that Growbots will not allow humans to read this data unless any of the following occurs: (i) we have your affirmative consent for specific messages to be read or analyzed by our tech support or developers, particularly to solve any issues with the Services do advise you on using our Services and basically any other help you may request from us, (ii) it is necessary for security purposes such as investigating abuse, (iii) to comply with applicable law, or (iv) for the Services’ internal operations, provided that the data have been aggregated and anonymized prior to any such operation.",Categories of Personal Information Shared / Disclosed
23797,DB_156,"Notwithstanding the above, you may also request from us certain information regarding our disclosure of Personal Information to third parties for their direct marketing purposes.",Description of Right to Know PI sold / shared
23833,DB_157,Information Security\nMobilewalla is committed to safeguarding the confidentiality of personal information it collects and its Clients’ business data.,Categories of Personal Information Shared / Disclosed
23854,DB_157,"ensure internal quality control and identify and repair any errors or bugs,",Categories of Personal Information Collected
23888,DB_157,"If Mobilewalla is involved in a merger, acquisition, financing due diligence, or sale of all or a portion of its assets, as part of such transaction.",Categories of Personal Information Shared / Disclosed
23975,DB_157,withdraw your consent where you have consented to processing;,Description of Right to Limit use of PI
24045,DB_158,Cognism clients\nWe may share personal data with our clients or their customers as part of the offering of our services.,Categories of Personal Information Sold
24064,DB_158,categories of personal information collected about you (see paragraph 2)\ncategories of sources from which the personal information was collected (see paragraph 2)\npurposes for collecting and selling personal information (see paragraph 5)\ncategories of third parties with whom we share personal information (see paragraph 4),Description of Right to Know PI Collected
24087,DB_158,"If you do not wish for your personal data to be used in the Cognism Database for the purposes set out above, please fill in your details here or contact us using the above contact details.",Methods to exercise rights
24100,DB_158,categories of personal information collected about you (see paragraph 2)\ncategories of sources from which the personal information was collected (see paragraph 2),Description of Right to Know PI Collected
24103,DB_158,(fill in your details here: Do Not Sell My Info);,Methods to exercise rights
24130,DB_159,"Our partners may link the hashed or obfuscated personal information we share with them to the cookie stored on your browser or device, and they may collect information such as your browser or operating system type and version, and demographic or inferred-interest information.",Categories of Personal Information Shared / Disclosed
24140,DB_159,are placed on the user’s end device and may also be placed on behalf advertisers and partners cooperating with us;,Categories of Personal Information Shared / Disclosed
24152,DB_159,We may update this policy from time to time by publishing a latest version on our website.,Updated Privacy Policy
24163,DB_159,"We do not collect, use and process sensitive data (such as data about political opinion, religion, health etc.).\n",Categories of Personal Information Sold
24225,DB_160,There are several ways that you may exercise choices about how information about you is used to market to you.\n\na.,Categories of Personal Information Collected
24272,DB_160,Last updated: March 20/2023,Updated Privacy Policy
24332,DB_160,"You can also submit a sale opt-out request by emailing us at optout@statsocial.com, in which case we will provide you with a mail-in (or email-in) form to fill out.",Methods to exercise rights
24400,DB_161,"We would also share your personal information with third parties if we undergo bankruptcy or liquidation, in the course of such proceedings.\nFor legal purposes: We will share your personal information where we are legally required to do so, such as in response to court orders, law enforcement or legal process, including for national security purposes; to establish, protect, or exercise our legal rights; as required to enforce our terms of use or other contracts; to defend against legal claims or demands; to detect, investigate, prevent, or take action against illegal activities, fraud, or situations involving potential threats to the rights, property, or personal safety of any person; or to comply with the requirements of any applicable law.\nWith service providers: In the preceding twelve (12) months, we have disclosed your identifiers, payment information, and internet and other electronic network activity information with service providers that assist us in providing our Services.",Categories of Personal Information Shared / Disclosed
24402,DB_161,"For a sale: In the past twelve (12) months, Catalyze AI has engaged in the following sales of personal information under the California Consumer Privacy Act (CCPA):\nCatalyze AI uses certain analytics cookies on the Online Services.",Categories of Personal Information Sold
24411,DB_161,"Right to deletion: You have the right to request the deletion of your personal information that we collect or maintain, subject to certain exceptions.",Description of Right to Delete
24435,DB_161,"We use this personal information to assess and manage your application, to communicate with you, and as necessary to comply with the law.\nContact us: When you contact us, we collect your identifiers (name, email address) and any other information you choose to include in your correspondence",Categories of Personal Information Sold
24447,DB_161,"In the event of a corporate reorganization: In the event that we enter into, or intend to enter into, a transaction that alters the structure of our organization, such as a reorganization, merger, acquisition, sale, joint venture, assignment, consolidation, transfer, change of control, or other disposition of all or any portion of our assets, we would share your personal information with third parties, including the buyer or target (and their agents and advisors) for the purpose of facilitating and completing the transaction.",Categories of Personal Information Sold
24449,DB_161,"With service providers: In the preceding twelve (12) months, we have disclosed your identifiers, payment information, and internet and other electronic network activity information with service providers that assist us in providing our Services.",Categories of Personal Information Sold
24488,DB_162,"Categories of third parties to whom personal information was sold, by category",Description of Right to Know PI Collected
24499,DB_162,"If you have a grayhairsoftware.com account, you might also receive an alert informing you of these changes",Updated Privacy Policy
24508,DB_162,Right to opt-out of communications – You have the right to opt-out of marketing communications.,Description of Right to Opt-out of sale of PI
24528,DB_163,(Effective as of 1 January 2023),Updated Privacy Policy
24541,DB_163,"We may also disclose your Personal Information to Third Parties if we’re under a duty to disclose or share your Personal Information in order to comply with any legal obligation, or in order to enforce or apply our terms of use and other agreements; or to protect our rights, property, or safety, or those of our customers or others with whom we are under a contractual obligation.",Categories of Personal Information Shared / Disclosed
24551,DB_163,We commit to you that we will not discriminate against you as a result of your choosing to exercise any of your rights under law.,Description of Right to Non-discrimination on exercising rights
24600,DB_163,Contact Us\nWe commit to resolve complaints about privacy and our collection or use of Personal Information.,Methods to exercise rights
24645,DB_164,We are not responsible for the privacy practices or the content of such websites.,Categories of Personal Information Collected
24747,DB_164,"In the case that your credit card, user name, or password is lost, stolen, or used without permission, promptly contact PrivateRecords to update the Personal Information we have on file for you",Description of Right to Correct Information
24766,DB_164,"Exercising Access, Data Portability, and Deletion Rights\n\nTo exercise the access, data portability, and deletion rights described above, please submit a verifiable consumer request to us by either:\n\nCalling us at (888) 270-9304\nVisiting www.privaterecords.net\nE-mailing us here\nMailing your request to us at Private Records LLC, ATTN: PrivateRecords Privacy, 1317 Edgewater Dr #1255, Orlando, FL 32804, United States",Methods to exercise rights
24768,DB_164,Consumers who opt-in to personal information sales may opt-out of future sales at any time.,Description of Right to Opt-out of sale of PI
24782,DB_164,"We may use or disclose the personal information we collect for one or more of the following business purposes:\n\nOperate, maintain and improve the Site and its services;\nEnable you to access and use the Site;\nSend you notices, updates, security alerts and support and other messages;\nTo provide you with email alerts and other notices concerning our products or services that may be of interest to you.\nProvide and deliver the services and features you request, process and complete transactions, and send you related information, including purchase confirmations and invoices;\nRespond to your comments, questions, and requests and provide customer service and support;\nMonitor and analyze trends, usage, and activities in connection with the Site and services it provides and for marketing or advertising purposes;\nInvestigate and prevent suspicious or fraudulent transactions, unauthorized use of the Site and other illegal activities;\nPersonalize and improve the Site, and provide content, features, and/or advertisements that match your interests and preferences;\nLink or combine with other information we receive from third parties to help understand your needs and provide you with better service;\nWe use your Financial Data only to verify your qualifications for certain products or services and to bill you for products and services.",Categories of Personal Information Sold
24785,DB_164,"Sales of Personal Information\n\nIn the preceding twelve (12) months, PrivateRecords has sold personal information.",Categories of Personal Information Sold
24787,DB_164,The categories of personal information we collected about you.\nThe categories of sources for the personal information we collected about you.\nOur business or commercial purpose for collecting or selling that personal information.,Description of Right to Know PI Collected
24840,DB_165,Right to Non-Discrimination for the Exercise of a Consumer’s Privacy Rights: You have a right not to receive discriminatory treatment by us for the exercise of your privacy rights as conferred by the CCPA.,Description of Right to Non-discrimination on exercising rights
24938,DB_166,Right to Correct Inaccurate Information: You may have the right to request that a business correct inaccurate personal information that it maintains about you.,Description of Right to Correct Information
24969,DB_166,You may be able to set your browser to warn you before accepting certain cookies or to refuse certain cookie,Description of Right to Opt-out of sale of PI
24975,DB_166,"For instance, we share the Information with tech and customer support providers, marketing and advertising providers, other data providers (such as to enhance or verify our Information), security vendors, payment vendors (as to our business to business information), and other companies that help us deliver or develop Services.",Categories of Personal Information Sold
25007,DB_166,"YOUR RIGHTS AND CHOICES\n\nWithout being discriminated against for exercising these rights, you may have the right to request that we disclose what personal information we collect from you, to delete that information, and to opt-out of the sale of your personal information, subject to certain restrictions",Description of Right to Know PI sold / shared
25008,DB_166,Right to Limit Use of Disclosure of Sensitive Information: You may have the right to request that the business limit the use and disclosure of your sensitive personal information,Description of Right to Limit use of PI
25049,DB_167,Atlantic Fox collects User Personal Information for its own business purposes only.,Categories of Personal Information Shared / Disclosed
25060,DB_167,We will not discriminate against you for exercising your data privacy rights.,Description of Right to Non-discrimination on exercising rights
25097,DB_167,"We also collect information about use of our website and Services, including information about the pages visited, the time spent on our website or using the Services, the Services used, and other similar information.\n\n",Categories of Personal Information Sold
25149,DB_167,"In response to your verifiable request, we will disclose:",Description of Right to Know PI sold / shared
25150,DB_167,Our business or commercial purpose for collecting and sharing your Personal Information\nThe categories of third parties with whom we share that Personal Information,Description of Right to Know PI sold / shared
25152,DB_167,The specific pieces of Personal Information we have collected about you,Description of Right to Know PI Collected
25210,DB_168,Cookie data is stored securely on these suppliers’ servers.,Categories of Personal Information Shared / Disclosed
25310,DB_168,"You can request information about our collection, use and disclosure of your Personal Data over the past twelve (12) months concerning: (i) the categories of Personal Data we collected about you, (ii) the business or commercial purpose for collecting your Personal Data, (iii) the categories of sources from which your Personal Data is collected,",Description of Right to Know PI Collected
25311,DB_168,the categories of third parties with whom we share your Personal Data.,Description of Right to Know PI sold / shared
25312,DB_168,"the business or commercial purpose for collecting your Personal Data,",Description of Right to Know PI sold / shared
25318,DB_169,Moody’s may from time to time update this Privacy Policy.,Updated Privacy Policy
25370,DB_169,"Any information collected as part of such verification is subject to the privacy notice of the third-party service provider.\n\n(3) Third-party cookies setters – We use third parties for performance, functional, and, in some cases, targeting cookies.",Categories of Personal Information Shared / Disclosed
25396,DB_169,"You can request to limit a use or disclosure of sensitive personal information if expressly stated in a privacy policy or statement applicable to a specific Moody’s affiliate’s website, product or service.",Description of Right to Limit use of PI
25414,DB_169,We believe functional Cookies add value to the user experience.,Categories of Personal Information Collected
25439,DB_169,• You can request to correct any inaccurate Personal Data we maintain about you.,Description of Right to Correct Information
25441,DB_169,"• You can request that we delete your Personal Data, subject to certain exceptions.",Description of Right to Delete
25457,DB_169,You can request to receive a copy of your Personal Data in a commonly used and machine-readable format.,Description of Right to Know PI Collected
25484,DB_170,"Request to KnowA request that a business disclose personal information that it has collected about the consumer the since January 01, 2022 (see details below)",Description of Right to Know PI Collected
25487,DB_170,"Where Social Catfish believes you will not be negatively impacted by the deletion of the data you wish corrected, we will simply delete the inaccurate data in response to Requests to Correct.",Description of Right to Correct Information
25488,DB_170,Request to Opt-Out A request that a business not sell the consumer’s personal information to third parties.,Description of Right to Opt-out of sale of PI
25492,DB_170,You may submit a Request to Correct through our Request to Correct Form or sending an email to CCPARequest@socialcatfish.com.,Methods to exercise rights
25494,DB_170,Non-Discrimination You have the right to not be discriminated against or receive discriminatory treatment for exercising your CCPA/CPRA rights.,Description of Right to Non-discrimination on exercising rights
25495,DB_170,We will not discriminate against you for exercising any of your CCPA/CPRA rights.,Description of Right to Non-discrimination on exercising rights
25558,DB_170,"A Request to Know covers personal information that Social Catfish has collected about the consumer since January 01, 2022, including : (1) Specific pieces of personal information that a business has collected about the consumer; (2) Categories of personal information it has collected about the consumer; (3) Categories of sources from which the personal information is collected",Description of Right to Know PI Collected
25561,DB_170,How\nYou may submit a Request to Delete through our Request for Deletion Form or sending an email to CCPARequest@socialcatfish.com.,Methods to exercise rights
25602,DB_171,"Sharing In Event of a Corporate Transaction: We may also share personal information in the event of a major corporate transaction, including for example a merger, investment, acquisition, reorganization, consolidation, bankruptcy, liquidation, or sale of some or all of our assets, or for purposes of due diligence connected with any",Categories of Personal Information Sold
25611,DB_171,"If you ask us to delete it, you may no longer be able to access or use our Services.",Description of Right to Delete
25614,DB_171,"If you would like to opt out, you may do so as outlined on the following page: Do Not Sell My Personal Information",Methods to exercise rights
25626,DB_171,"For instance, we share the Information with tech and customer support providers, marketing and advertising providers, other data providers (such as to enhance or verify our Information), security vendors, payment vendors (as to our business to business information), and other companies help us deliver or develop Services.\nCorporate transfers: If Wodwo, its stock or its significant assets are acquired by or merged into another entity, our information will be transferred to that entity.",Categories of Personal Information Sold
25711,DB_172,It could also include sharing information if a government agency or investigatory body requests.,Categories of Personal Information Shared / Disclosed
25717,DB_172,"Analytics and Performance\n\nThese cookies allow us to optimize performance by collecting information on how users interact with our websites, including which pages are visited most, as well as other analytical data.",Categories of Personal Information Collected
25729,DB_172,"If we change our privacy policy, we will post the new policy on our website after each change.",Updated Privacy Policy
25731,DB_172,Visitors can contact us to correct inaccuracies on all the information we maintain,Description of Right to Correct Information
25737,DB_172,"Opting-Out of Your Data being Sold to Third Parties or Accessing Your Personal Information:\nWe collect your personal information such as full name, postal address, email address, phone number, ip address, mobileID and cookie for targeted advertising and identity resolution.",Categories of Personal Information Shared / Disclosed
25748,DB_172,"We inform you that, complying with the requirements and the guarantees provided under the law, your data could be transferred to Countries outside the European Economic Union that could not guarantee a level of privacy and personal data protection equal to the level of protection guaranteed by European privacy laws, but as Controller we take the utmost account of the right to security and protection of personal data of our Users, therefore we will process such transfers with all due care and guarantees.",Categories of Personal Information Shared / Disclosed
25779,DB_173,Privacy Policy changes will be updated and noted on the Privacy Policy page.,Updated Privacy Policy
25817,DB_173,"Penal Code § 1546 seq.).\nEngage in public or peer-reviewed scientific, historical, or statistical research in the public interest that adheres to all other applicable ethics and privacy laws, when the information’s deletion may likely render impossible or seriously impair the research’s achievement, if you previously provided informed consent.\nEnable solely internal uses that are reasonably aligned with consumer expectations based on your relationship with us.\nComply with a legal obligation.\nMake other internal and lawful uses of that information that are compatible with the context in which you provided it.",Description of Right to Delete
25834,DB_173,"Upon written request visitors may change the following: contact information, financial information, unique identifiers, transaction information, and communications that the visitor/subscriber has directed to the site.",Description of Right to Correct Information
25850,DB_173,"In addition, BusinessWatch Network uses various third-party service providers and third party provided services that use cookies which uses sophisticated cookie technology to measure site traffic and visitor behavior in aggregate.",Categories of Personal Information Sold
25879,DB_174,"You have the right to request that we correct inaccurate personal information we maintain about you, taking into account the nature of the personal information and purpose for which it is processed.",Description of Right to Correct Information
25880,DB_174,"Once we receive and confirm your verifiable request, we will use commercially reasonable efforts to correct the requested personal information within our records as required by the California Requirements.",Description of Right to Correct Information
25891,DB_174,the categories of third parties to which we disclose personal information for a business purpose;,Description of Right to Know PI sold / shared
25905,DB_174,RIGHT TO KNOW & ACCESS FOR HEALTH CARE PROVIDERS\nYou have the right to request that we disclose the following information to you with respect to the preceding 12 months or a longer period as applicable under the California Requirements:\n\nthe categories of personal information collected about you;\nthe categories of sources from which the personal information is collected; \nthe purposes for collecting or disclosing personal information;,Description of Right to Know PI Collected
25907,DB_174,You have the right to request that we disclose the following information to you with respect to the preceding 12 months or a longer period as applicable under the California Requirements:,Description of Right to Limit use of PI
25908,DB_174,"the purposes for collecting or disclosing personal information;\nthe categories of third parties to which we disclose personal information for a business purpose;\nthe categories of personal information we have “sold” and, if applicable, the categories of third parties to which we sold personal information;",Description of Right to Limit use of PI
25966,DB_175,"You may also request that we “delete” any personal information that we collected directly from you, such as if you are a customer of ours, or interacted with us at a trade show.",Description of Right to Delete
26000,DB_175,"If we, or all, or substantially all of our assets or stock are purchased by another entity (such as in a merger, consolidation, restructuring, the sale of stock and/or assets, or other corporate change or financing transaction), the Information in our possession will likely be transferred to the successor entity.",Categories of Personal Information Sold
26020,DB_175,California residents may exercise their California access rights by going to our Privacy Portal within the “Do Not Sell My Personal Information” page or email us at info@HealthWiseData.com,Methods to exercise rights
26038,DB_175,Your right to “opt out” of the sale of your personal information\n\nCalifornia residents have the right to opt-out of the “sale” of their personal information.,Description of Right to Opt-out of sale of PI
26050,DB_176,"However, we do not “sell” Business Data as defined by the CCPA.",Categories of Personal Information Sold
26055,DB_176,"In some cases, we combine information with other information as part of such sale. \n\n‍",Categories of Personal Information Sold
26057,DB_176,You have the right to request that we delete any of the personal information we have collected or maintain about you.,Description of Right to Delete
26060,DB_176,You may exercise your rights by submitting a request to our Data Protection Officer at privacy@AdAdapted.com or (313) 744-3383.,Methods to exercise rights
26067,DB_176,"If we make any revisions to this Privacy Policy, we will revise the “Last Updated” date below.",Updated Privacy Policy
26083,DB_176,Providing Services to Publisher Partners,Categories of Personal Information Sold
26093,DB_176,"information was collected or sold, provided to you in a reasonably portable format if you have a password-protected account.",Description of Right to Know PI Collected
26105,DB_176,Our Uses of Personal Information\nOur use of personal information depends on the type of information and is limited to the purposes described in this Privacy Policy (or through other applicable notice) and any other purpose that you may intend or direct through your interactions with us. \n\n‍,Categories of Personal Information Sold
26116,DB_176,"This Privacy Notice was Last Updated: February 9, 2021, at 09:02 UTC.",Updated Privacy Policy
26119,DB_177,"Upon such changes, we will alert you to any such changes by placing a notice on the Findem website, by sending you an email and/or by some other means.",Updated Privacy Policy
26152,DB_177,"If your deletion request is subject to one of these exceptions, we may deny your deletion request.",Description of Right to Delete
26153,DB_177,You have the right to request that we correct any inaccurate Personal Data we have collected about you.,Description of Right to Correct Information
26155,DB_177,"If your correction request is subject to one of these exceptions, we may deny your request.",Description of Right to Correct Information
26163,DB_177,You have the right to opt-out of the sale of your Personal Data.,Description of Right to Opt-out of sale of PI
26170,DB_177,"We Will Not Discriminate Against You for Exercising Your Rights Under the CPRA\n\nWe will not discriminate against you for exercising your rights under the CPRA.\nWe will not deny you our goods or services, charge you different prices or rates, or provide you a lower quality of goods and services if you exercise your rights under the CPRA.",Description of Right to Non-discrimination on exercising rights
26172,DB_177,You may submit a Valid Request using the following methods:\n\nEmail us at: privacy@findem.ai \nSubmit a form at this address: https://www.findem.ai/do-not-sell,Methods to exercise rights
26173,DB_177,"Please note that if you’ve opted not to receive legal notice emails from us (or you haven’t provided us with your email address), those legal notices will still govern your use of the Services, and you are still responsible for reading and understanding them.",Updated Privacy Policy
26174,DB_177,"If you use the Services after any changes to the Privacy Policy have been posted, that means you agree to all of the changes.",Updated Privacy Policy
26188,DB_177,"They include:\n\nHosting, technology and communication providers.\nSecurity and fraud prevention consultants like, Vanta and TAC Security, for compliance and auditing purposes.\nPayment processors.\n- Our payment processing partner, Stripe, Inc, which collects your voluntarily-provided payment card information necessary to process your paymen",Categories of Personal Information Sold
26213,DB_177,"In response, we will provide you with the following information:\n\nThe categories of Personal Data that we have collected about you.\nThe categories of sources from which that Personal Data was collected.\nThe business or commercial purpose for collecting or selling your Personal Data.\nThe categories of third parties with whom we have shared your Personal Data.\nThe specific pieces of Personal Data that we have collected about you.\nIf we have disclosed your Personal Data to any third parties for a business purpose over the past 12 months, we will identify the categories of Personal Data shared with each category of third party recipient.",Description of Right to Know PI sold / shared
26215,DB_177,Correction\nYou have the right to request that we correct any inaccurate Personal Data we have collected about you.,Description of Right to Correct Information
26216,DB_177,"We sell your Personal Data, subject to your right to opt-out of these sales.",Categories of Personal Information Sold
26236,DB_177,"When we process data due to contractual necessity, failure to provide such Personal Data will result in your inability to use some or all portions of the Services that require such data. \n- Profile or Contact Data\n- Payment Data\n- Commercial Data\nLegitimate Interest: We process the following categories of Personal Data when we believe it furthers the legitimate interest of us or third parties: \n- Profile or Contact Data\n- Payment Data\n- Commercial Data\n- Device/IP Data\n- Web Analytics\n- Social Network Data\n- Consumer Demographic Data\n- Professional or Employment-Related Data\n- Geolocation Data\n- Categories of Data Considered “Sensitive” Under the California Privacy Rights Act and the Virginia Consumer Data Protection Act\n- Inferences Drawn From Other Personal Data Collected\n- Other Identifying Information that You Voluntarily Choose to Provide\n- Other\n- We may also de-identify or anonymize Personal Data to further our legitimate interests.\nExamples of these legitimate interests include (as described in more detail above):\n- Providing, customizing and improving the Services.\n- Marketing the Services.\n- Corresponding with you.\n- Meeting legal requirements and enforcing legal terms.\n- Completing corporate transactions. \nConsent: In some cases, we process Personal Data based on the consent you expressly grant t",Categories of Personal Information Collected
26254,DB_177,"In response, we will provide you with the following information:\n\nThe categories of Personal Data that we have collected about you.\nThe categories of sources from which that Personal Data was collected.\nThe business or commercial purpose for collecting or selling your Personal Data.",Description of Right to Know PI Collected
26255,DB_177,"In response, we will provide you with the following information:",Description of Right to Know PI sold / shared
26258,DB_177,Personal Data Sales Opt-Out and Opt-In,Description of Right to Opt-out of sale of PI
26314,DB_178,Access to your Personal Information,Description of Right to Correct Information
26315,DB_178,"If you are a registered user of our website, you may review and update this information at any time on www.blackbaud.com.",Description of Right to Correct Information
26342,DB_178,"The most recent version of the Policy is reflected by the version date located at the bottom of this Policy.\n\nLast updated December 20, 2022",Updated Privacy Policy
26344,DB_178,"To exercise any of your privacy rights, please see our Data Subject Rights Requests page at https://www.blackbaud.com/company/Data-Subject-Rights-Request , or call our toll-free number at +1 844-532-0022.",Methods to exercise rights
26345,DB_178,Blackbaud may update this Policy at any time and from time to time and we will post any changes to this page.,Updated Privacy Policy
26355,DB_178,"f you are a registered user of our website, you may review and update this information at any time on www.blackbaud.com.",Description of Right to Correct Information
26368,DB_178,the right to access a copy of your data,Description of Right to Know PI Collected
26387,DB_179,The business purposes for which we’ve shared their personal information,Description of Right to Know PI sold / shared
26388,DB_179,The categories of third parties with whom we’ve shared their personal information,Description of Right to Know PI sold / shared
26393,DB_179,You can also call (877) 652-5002 to speak with a CCPA (California Consumer Privacy Act) compliance specialist about opting out or removing your information from our database.,Methods to exercise rights
26424,DB_179,"In addition, please note that the CCPA does not require us to delete personal information that we need to maintain for certain purposes.",Description of Right to Delete
26458,DB_179,"Racial and ethnic origins, religious or philosophical beliefs, union memberships.",Categories of Personal Information Collected
26515,DB_180,"We will maintain the minimum amount of information necessary for this purpose, and will not share this information with employers, recruiters or other users of our services",Description of Right to Delete
26586,DB_180,"Some personal information included in this category may overlap with other categories.\n\nName, phone number\n\nC.",Categories of Personal Information Sold
26588,DB_180,"Commercial information.\n\nRecords of personal property, products or services purchased, obtained, or considered, or other purchasing or consuming histories or tendencies.\n\nNOT COLLECTED\n\nE.",Categories of Personal Information Sold
26596,DB_180,"Personal Information We Sold for the Preceding 12 Months\n\nIf you are a Candidate, we share the Non-user Personal Information described above with our customers, through HTM’s paid services, so that they may reach out to you for career opportunities that you may have interest in, and which may better fit to your professional background.",Categories of Personal Information Sold
26602,DB_180,"If we decide to change this Privacy Policy, we will inform you by posting the revised Privacy Policy on the Sites",Updated Privacy Policy
26628,DB_180,"This Privacy Policy also explains your choices for managing your information preferences, including opting out of certain uses of your Personal Information.",Description of Right to Limit use of PI
26637,DB_180,Please see our Cookie Policy for further information about these third parties and the cookies they may use.,Categories of Personal Information Shared / Disclosed
26642,DB_180,or request that we no longer use it.,Description of Right to Limit use of PI
26655,DB_180,and specific piece of information collected by HTM.,Description of Right to Know PI Collected
26656,DB_180,"Right to Delete Information: Provides you the right to request HTM delete your Personal Information that HTM collected, upon a verifiable request, unless such Personal information was collected for the purpose of completing a transaction involving you; detecting security related incidents or illegal activities; debugging or fixing errors; protecting other consumers’ rights or other rights protected by law; preventing criminal offenses; engaging in scientific, historical or statistical reach in the public interest; internal uses that are reasonably aligned with your expectation; or compliance with a legal obligation.",Description of Right to Delete
26659,DB_180,Any disclosures we provide will only cover the 12-month period preceding the verifiable consumer request's receipt.,Methods to exercise rights
26681,DB_181,ZoomInfo allows any person to claim their Professional Profile and to update the information listed about them in their Professional Profile,Description of Right to Correct Information
26690,DB_181,ZoomInfo may aggregate collected information about our users in a form that does not allow users to be personally identified for the purpose of understanding our customer base and enhancing the Site and the Services that we and our strategic partners and customers can provide you.,Description of Right to Know PI Collected
26732,DB_181,"An authorized individual can verify their ZoomInfo Business Profile to update its company description, industry, company location, and more",Description of Right to Correct Information
26867,DB_181,Disclosures for Legal Reasons .,Description of Right to Know PI sold / shared
26871,DB_181,"Google Analytics uses cookies or other tracking technologies to help us analyze how users interact with and use the Site, compile reports on the Site’s activity, and provide other services related to Site activity and usage",Description of Right to Know PI sold / shared
26900,DB_181,"ZoomInfo will, whenever possible, obtain confidentiality agreements from any service provider to whom Customer Information is disclosed and ensure any recipient service providers are committed to employing appropriate technological security measures.",Categories of Personal Information Shared / Disclosed
26922,DB_181,"In using ZoomInfo’s Integrations, such as ZoomInfo’s SFNA and web browser extensions, Business Information from ZoomInfo may be disclosed to a customer’s CRM, MAT, or sales enablement software as requested or directed by our customers.\n\nDisclosures for Legal Reasons .",Categories of Personal Information Shared / Disclosed
26924,DB_181,"If our company or substantially all of our assets are acquired, or in the event of a merger or bankruptcy, information about you and/or information you provide to ZoomInfo may be among the transferred assets.",Categories of Personal Information Shared / Disclosed
26939,DB_181,"An authorized individual can verify their ZoomInfo Business Profile to update its company description, industry, company location, and more.",Description of Right to Correct Information
26940,DB_181,"The company summaries are created automatically by ZoomInfo’s software based on the information we find on those documents and from other sources such as our affiliates, partners, or service providers.\n\nAs a company policy, ZoomInfo does not remove company information from our search engine.",Description of Right to Delete
26946,DB_181,"Changes to this Policy\nZoomInfo reserves the right to modify this Policy from time to time, so please review it regularly.",Updated Privacy Policy
26969,DB_181,Individuals who no longer wish to receive our newsletter and promotional communications may opt-out of receiving them by following the instructions included in each newsletter or communication or by visiting /unsubscribe .,Description of Right to Limit use of PI
26975,DB_182,"Your personal information is shared throughout Oracle’s organization and sold or shared to third parties such as Oracle Advertising customers and partners, service providers, and others as described in Section 9.",Description of Right to Know PI sold / shared
26992,DB_182,"For example, to respond to a request from a regulator or to defend a legal claim.",Description of Right to Know PI sold / shared
27000,DB_182,We may share personal information with or sell personal information to the following third parties for a commercial purpose: third-party service providers as necessary to perform Oracle Advertising services on behalf of Oracle.,Description of Right to Know PI sold / shared
27011,DB_182,Oracle offers multiple ways for you to opt out of third party sharing or selling and object to our use of information about you: Do Not Track.,Description of Right to Opt-out of sale of PI
27020,DB_182,"If you believe your personal information has been used in a way that is not consistent with the Privacy Policy or your choices, or if you have further questions, comments, or suggestions related to this Privacy Policy, or if you wish to exercise your right to access to your offline personal information as described in Section 13 above, please contact the Global Data Protection Officer by filling out an inquiry form .",Methods to exercise rights
27028,DB_182,WHAT ARE YOUR PRIVACY RIGHTS?,Description of Right to Know PI Collected
27050,DB_182,"a) To help enable Oracle Advertising customers and partners to market products and services to you based on your interests\n\n\nMore specifically, Oracle can process information about you: i.",Description of Right to Know PI sold / shared
27051,DB_182,For online interest-based advertising delivered through Oracle Advertising partners that display online advertising to you on behalf of Oracle Advertising customers,Description of Right to Know PI sold / shared
27064,DB_182,We may process personal information for Oracle’s own research and development purposes.,Description of Right to Know PI Collected
27087,DB_182,"As noted above, Oracle Advertising does not create interest segments that reflect sensitive medical conditions",Description of Right to Know PI Collected
27093,DB_182,The most up-to-date version can be found on this website .,Updated Privacy Policy
27100,DB_182,The Oracle Advertising opt-out will prevent Oracle from delivering third-party audiences to connected devices such as smart televisions or streaming devices,Description of Right to Opt-out of sale of PI
27112,DB_182,"Most browsers also provide functionality that lets you opt-out of all advertising cookies, including Oracle cookies.",Methods to exercise rights
27116,DB_182,"For a complete picture of the segments associated with all of your browsers and devices, we therefore recommend using these different browsers and devices when accessing the Registry",Description of Right to Know PI sold / shared
27123,DB_182,We will respond to your request consistent with applicable law unless such data is only retained for legal and compliance purposes.,Description of Right to Know PI Collected
27154,DB_182,"For a complete picture of the segments associated with all of your browsers and devices, we therefore recommend using these different browsers and devices when accessing the Registry.",Description of Right to Know PI Collected
27161,DB_182,and object to our use of your personal information for online behavioral marketing and advertising purposes,Description of Right to Limit use of PI
27162,DB_182,delete or correct your personal information,Description of Right to Correct Information
27164,DB_182,or access your personal information,Description of Right to Know PI Collected
27170,DB_182,"The marketing professional uses Oracle Advertising services to see how many display or videos ads were viewed, and whether the ads were clicked on and a purchase was made.",Categories of Personal Information Sold
27171,DB_182,"Example: if you have previously indicated an interest in travel to Hawaii, when you visit a travel company’s website it can display tailored offers for Hawaiian vacations on their homepage.",Categories of Personal Information Sold
27175,DB_182,The travel company is able to display vacation offers to you (via a de-identified cookie ID) on these different devices.,Categories of Personal Information Sold
27181,DB_182,"We can collect usage and systems operations data from Oracle Advertising services for security and operations management to help keep Oracle, customer, and partner networks and systems, as well as our products and services, secure.",Categories of Personal Information Sold
27188,DB_182,"Oracle does not use persistent, unique identifiers to revive a previously opted-out profile or deleted cookie.",Description of Right to Opt-out of sale of PI
27192,DB_182,and the categories of third parties to whom we sold or otherwise disclosed personal information,Description of Right to Know PI sold / shared
27193,DB_182,delete personal information we collected from you or correct inaccurate personal information about you,Description of Right to Delete
27200,DB_183,The law also requires a business that receives a verifiable consumer request to direct its service providers to delete the personal information from their records.,Description of Right to Delete
27203,DB_183,New Right to Opt-Out,Description of Right to Opt-out of sale of PI
27206,DB_183,The CCPA prohibits covered businesses from discriminating against consumers for exercising any of their rights created by the law.,Description of Right to Non-discrimination on exercising rights
27212,DB_183,"Your choice regarding cookies on this site\nWe use cookies to enable core website functionality, and to improve your experience by providing insights into how the site is being used.",Description of Right to Know PI Collected
27218,DB_183,"The CCPA provides consumers with the right to request the categories of personal information and the specific pieces of personal information, that the business has collected about the specific consumer, and a business must notify consumers of this right.",Description of Right to Know PI Collected
27226,DB_184,"We may work with third parties, including Google Analytics, who collect information about your use of our Website, other websites, and/or online services over time for non-advertising purposes",Description of Right to Know PI sold / shared
27250,DB_184,We store your information for as long as is reasonably necessary for the purposes listed above or as required by applicable local law.,Description of Right to Know PI Collected
27252,DB_184,"To exercise your choices about your personal information, including choices which may not be listed above, please visit our Data Subject Rights Page.",Methods to exercise rights
27259,DB_184,What is market research?,Description of Right to Know PI sold / shared
27260,DB_184,Market research is an organized effort to gather information about markets and customers.,Description of Right to Know PI sold / shared
27261,DB_184,"With the use of ScorecardResearch tags and surveys, Comscore’s market research group collects and analyzes information to provide products and services to companies around the world.",Description of Right to Know PI sold / shared
27322,DB_184,You may also continue to receive interest-based advertising from other companies.,Description of Right to Opt-out of sale of PI
27335,DB_184,"However, you will not be required to create an account with us to submit a request or have it fulfilled.",Methods to exercise rights
27340,DB_184,We reserve the right to modify or update this Policy periodically.,Updated Privacy Policy
27362,DB_185,We may sell or disclose information we collect:,Description of Right to Know PI sold / shared
27374,DB_185,"Once we receive and confirm your verifiable request, we will delete your personal information records, unless an exception applies.",Description of Right to Delete
27405,DB_185,"We (or third parties we engage) may use cookies or similar technologies in the Site to analyze trends, administer the Site, track users’ movements within the Site, and to gather demographic information automatically regarding your use of the Site through the use of cookie",Description of Right to Know PI sold / shared
27440,DB_185,"However, you may change your mind and opt back into personal information sales at any time",Description of Right to Opt-out of sale of PI
27461,DB_185,The date this policy was last revised is identified at the top of the page.,Updated Privacy Policy
27482,DB_185,"With respect to the Site, certain cookies are necessary for us to operate and disabling any such cookies may result in the inability to use or access the Site.",Categories of Personal Information Collected
27543,DB_186,HOW DO WE USE PERSONAL INFORMATION?,Description of Right to Know PI Collected
27585,DB_186,WILL PERSONAL INFORMATION BE SHARED WITH ANYONE?,Description of Right to Know PI sold / shared
27586,DB_186,We may process data or share personal information in the following situations:,Description of Right to Know PI sold / shared
27591,DB_186,"Examples include: data analysis, email delivery, hosting services, customer service and marketing efforts.",Description of Right to Know PI sold / shared
27593,DB_186,"Stripe may use your payment data in accordance with its privacy policy, https://stripe.com/privacy.",Description of Right to Know PI sold / shared
27604,DB_186,"For compliance, fraud prevention and safety.",Description of Right to Know PI sold / shared
27609,DB_186,Cookies and similar technologies.,Description of Right to Know PI Collected
27612,DB_186,"If you choose to remove cookies or reject cookies, this could affect certain features or services of our Website/Services/Product.",Description of Right to Know PI Collected
27613,DB_186,Opting out of email marketing.,Description of Right to Opt-out of sale of PI
27614,DB_186,Business Contacts can unsubscribe from our marketing email list at any time by clicking on the unsubscribe link in the emails that we send or by contacting us.,Description of Right to Opt-out of sale of PI
27624,DB_186,"If you choose to opt-out of targeted advertisements, you will still see advertisements online but they may not be relevant to you.",Description of Right to Opt-out of sale of PI
27649,DB_186,Your California privacy rights.,Description of Right to Know PI Collected
27658,DB_186,"Whether we’ve sold your Personal Information, and if so, the categories of Personal Information received by each category of third party recipient.",Description of Right to Know PI Collected
27665,DB_186,This means that we will not penalize you for exercising your rights by taking actions such as denying you services; increasing the price/rate of services; decreasing service quality; or suggesting that we may penalize you as described above for exercising your rights.,Description of Right to Non-discrimination on exercising rights
27693,DB_186,Categories of third parties to whom we may “sell” the PI,Description of Right to Know PI sold / shared
27718,DB_186,"If you choose to connect to the Website/Services/Product via a third-party platform, you may have the ability to limit the information that we may obtain from the third-party at the time you login to the Website/Services/Product using the third-party’s authentication service or otherwise connect your account",Description of Right to Limit use of PI
27791,DB_186,"When you use the Website/Services/Product, the personal information we have collected (such as contact details, and employment) will be shared with the third parties that you designate to receive such information. \n\nVendors, Consultants and Other Third-Party Service Providers (collectively, Service-related third-party vendors).",Categories of Personal Information Shared / Disclosed
27795,DB_186,We do not control the third party’s use of your personal information.\n\nBusiness Transfers.,Categories of Personal Information Shared / Disclosed
27803,DB_186,DO WE MAKE UPDATES TO THIS PRIVACY POLICY? \nWe reserve the right to update this Privacy Policy from time to time.,Updated Privacy Policy
27804,DB_186,We encourage you to review this Privacy Policy frequently to be informed of how we are protecting your information. \n\nAny modifications to this Privacy Policy will be effective upon our posting the new policy and/or upon implementation of the new changes on the Website/Services/Product (or as otherwise indicated at the time of posting).,Updated Privacy Policy
27832,DB_186,"We hope you take some time to read through it carefully, as it is important.",Updated Privacy Policy
27905,DB_187,"If you prefer to submit a written request, please mail your request to the following address:",Methods to exercise rights
27909,DB_187,Recent Updates to Policies,Updated Privacy Policy
27921,DB_187,"Updated: May 15, 2018",Updated Privacy Policy
27927,DB_187,"Updated: August 26, 2011",Updated Privacy Policy
27940,DB_187,The AutoCheck consumer privacy policy has been updated.,Updated Privacy Policy
27944,DB_187,"""In the """"Permission email"""" section, language was updated to outline how email addresses are shared and used.""",Updated Privacy Policy
27955,DB_187,"Updated: March 7, 2003",Updated Privacy Policy
27961,DB_187,"Updated: February 10, 2003",Updated Privacy Policy
27969,DB_187,"Updated: March 8, 2002",Updated Privacy Policy
27972,DB_187,Please visit our AutoCheck privacy policy for more information.,Updated Privacy Policy
27974,DB_187,"The prices established for these products are not established, controlled, or approved by the U.S.",Updated Privacy Policy
28002,DB_187,"In the commercial, Experian retains the commercial users' credit card information for billing purposes only.\n\nUpdated: March 11, 2003\n\nThe Online Personal Credit Reports policy was updated to state that information other than credit report information may be used for authentication.\n\nUpdated: March 7, 2003\n\nePIN+ is a Web-based relational database system for reporting relevant delivery status about a piece of mail as it moves through the U.S.",Updated Privacy Policy
28008,DB_187,Policy Details\nExperian may periodically change its privacy policies as new products and services are offered or as its existing products and services evolve to meet customer needs.,Updated Privacy Policy
28041,DB_188,MaxMind does not disclose information collected through geoip-js.com or js.maxmind.com among customers,Description of Right to Know PI Collected
28049,DB_188,We collect and use information for our legitimate interests and for business and commercial purposes in accordance with the practices described in this Privacy Policy.,Description of Right to Know PI Collected
28055,DB_188,MaxMind uses the information we collect about you for a variety of website administration and customization purposes.,Description of Right to Know PI Collected
28058,DB_188,"The MaxMind services, including the minFraud service, use IP addresses to help organizations detect and prevent fraudulent activity.",Description of Right to Know PI Collected
28064,DB_188,"If you receive IP geolocation data from us that you believe is incorrect, you can submit a data correction request to us through our website at https://www.maxmind.com/en/geoip-data-correction-request, by email at correction@maxmind.com, or through a secure URL that is set up by your company and that shares IP geolocation data",Methods to exercise rights
28068,DB_188,Some of our lawful bases for processing your information stem from our customers on whose behalf we provide services.,Description of Right to Know PI Collected
28069,DB_188,MaxMind uses information that does not identify you for any purpose except as prohibited by applicable law.,Description of Right to Know PI Collected
28073,DB_188,The categories of sources to whom we disclose information include the following:,Description of Right to Know PI sold / shared
28074,DB_188,"We provide your information to our service providers, and contractors for the purpose of delivering services to you as well as for purposes related to Services administration and operation, including conducting analytics and helping us with sales tax compliance.",Description of Right to Know PI sold / shared
28084,DB_188,Vendors and Other Parties,Description of Right to Know PI sold / shared
28085,DB_188,"We may disclose your information to vendors and other parties for purposes of providing you with marketing, measuring and improving our Service, and advertising effectiveness, and enabling other enhancements.",Description of Right to Know PI sold / shared
28087,DB_188,"MaxMind integrates with the service Have I Been Pwned to verify whether your account password has previously appeared in a third party data breach, which may allow MaxMind to evaluate the strength of the password, provide a warning, and/or block the password outright.",Description of Right to Know PI sold / shared
28088,DB_188,We are not responsible for the effectiveness or accuracy of their information.,Description of Right to Know PI sold / shared
28116,DB_188,Opt-Out of Email Communications,Description of Right to Limit use of PI
28118,DB_188,"""In addition, certain email communications we send to you, such as newsletters and promotional announcements, contain a clearly worded """"Opt-Out"""" or """"Unsubscribe"""" link allowing you to withdraw your permission for future mailings.""",Description of Right to Limit use of PI
28119,DB_188,You may also opt-out of email marketing communications by contacting us at privacy@maxmind.com with your request.,Description of Right to Limit use of PI
28150,DB_188,The categories of personal information we have collected about you;,Description of Right to Know PI Collected
28152,DB_188,The categories of personal information about you we disclosed for a business purpose or sold or shared;,Description of Right to Know PI Collected
28155,DB_188,The specific pieces of personal information we have collected about you.,Description of Right to Know PI Collected
28168,DB_188,"""To the extent """"sale"""" under the CCPA is interpreted to include the disclosure of MaxMind’s databases as set out in the """"How MaxMind Discloses Information"""" section MaxMind will comply with applicable law as to such activity.""",Description of Right to Opt-out of sale of PI
28175,DB_188,A cookie is a file stored on your device that may be used to identify an individual as a unique user by storing certain personal preferences and user data,Description of Right to Know PI Collected
28213,DB_188,The categories of personal information we have collected about you;\nThe categories of sources from which the personal information was collected;,Description of Right to Know PI Collected
28214,DB_188,The categories of personal information we have collected about you;\nThe categories of sources from which the personal information was collected;\nThe categories of personal information about you we disclosed for a business purpose or sold or shared;\nThe categories of third parties to whom the personal information was disclosed for a business purpose or sold or shared;\nThe business or commercial purpose for collecting or selling or sharing the personal information,Description of Right to Know PI sold / shared
28215,DB_188,The categories of third parties to whom the personal information was disclosed for a business purpose or sold or shared;\nThe business or commercial purpose for collecting or selling or sharing the personal information; and\nThe specific pieces of personal information we have collected about you.,Description of Right to Know PI Collected
28233,DB_188,"CONTACT FOR ADDITIONAL INFORMATION, OPTING OUT, DATA ACCESS AND CORRECTION, AND DISPUTES\nIf you have any questions or complaints about this Privacy Policy, or you wish to exercise your opt-out rights hereunder or access or correct data applicable to you, please contact us:\n\nBy email: privacy@maxmind.com\n\nBy mail:\n\nPrivacy Agent\nLegal Department\nMaxMind, Inc.\n51 Pleasant Street #1020\nMalden, MA 02148\nU.S.A.",Methods to exercise rights
28237,DB_188,"We will refer your request to that customer, and will support them to the extent required by applicable law in responding to your request.",Methods to exercise rights
28238,DB_188,"""California's """"Shine the Light"""" law permits customers who are California residents to request certain details about how a business shares their personal information as defined by """"Shine the Light"""" with third parties (and in some cases affiliates) for those third parties' or affiliates' own direct marketing purposes.""",Description of Right to Know PI sold / shared
28240,DB_188,"""Any such inquiry must include """"California Privacy Rights Request"""" in the first line of the description and include your name, street address, city, state, and ZIP code.""",Methods to exercise rights
28247,DB_189,Disclaimer: These Consumer Privacy Rights notices are written with the purpose of satisfying consumer notice requirements imposed by applicable consumer privacy legislation and regulations.,Description of Right to Know PI Collected
28250,DB_189,"The precise meaning, construction and interpretation of such terms and phrases shall be determined by the text of the applicable legislation, regulations, or court rulings.",Description of Right to Know PI Collected
28252,DB_189,"The applicability of consumer privacy legislation and regulations differs based on a number of factors, and may vary depending on the jurisdiction, the residence of the consumer, the particular nature of the data element, as well as, the specific carve-outs, preemptions, limits and exceptions provided by law.",Description of Right to Know PI Collected
28276,DB_189,See further: CA CIV CODE 1798.105 1798.140,Description of Right to Delete
28278,DB_189,A request for correction of personal information must be a “verifiable consumer request” as defined by CPRA.,Description of Right to Correct Information
28288,DB_189,"See further: CA CA CIV CODE 1798.120, 1798.135, 1798.140",Description of Right to Opt-out of sale of PI
28291,DB_189,"See further: CA CIV CODE 1798.121, 1798.140",Description of Right to Limit use of PI
28303,DB_189,The CCPA also provides that a business shall not discriminate against a consumer because the consumer exercised any of the consumer’s rights under the CCPA.,Description of Right to Non-discrimination on exercising rights
28377,DB_189,"Targeted advertising provides choices, competitive offers and convenience – qualities sought and valued by many consumers.",Description of Right to Limit use of PI
28378,DB_189,"However, you can choose not to receive targeted advertising from Melissa by opting out.",Description of Right to Limit use of PI
28385,DB_189,Opting Out of Direct Mail,Description of Right to Limit use of PI
28387,DB_189,"When you register with this service, your name will be put on a “delete” file and made available to direct-mail marketers and organizations.",Description of Right to Limit use of PI
28396,DB_189,Responsible marketing companies respect your choice to not receive direct mail advertising.,Description of Right to Know PI sold / shared
28397,DB_189,"DMA members, as a condition of membership, are required to suppress the names and addresses of individuals who have notified the DMA that they do not want to receive advertising by mail.",Description of Right to Know PI sold / shared
28398,DB_189,"As a DMA member, Melissa subscribes to and suppresses any name and address on the DMAChoice mail preference service file from its direct mail marketing efforts.",Description of Right to Know PI sold / shared
28400,DB_189,This Cookie Policy explains how we use cookies and your consent regarding our cookies.,Description of Right to Know PI Collected
28411,DB_189,These cookies are essential for our services to function properly.,Description of Right to Know PI Collected
28425,DB_189,"Whenever you submit information via this site, you consent to the collection, use and disclosure of that information in accordance with this Privacy Statement.",Description of Right to Know PI Collected
28429,DB_189,Personally Identifiable Information Collection and General Use,Description of Right to Know PI Collected
28444,DB_189,"Melissa takes appropriate steps to protect personal data from loss, misuse, and unauthorized access, disclosure, alteration, or destruction, whether in transmission or storage.",Description of Right to Know PI Collected
28449,DB_189,"Right to Correct\nA California resident has right to request a business that maintains inaccurate personal information about the consumer correct such inaccurate personal information, taking into account the nature of the personal information and the purposes of the processing of the personal information.\n\nA request for correction of personal information must be a “verifiable consumer request” as defined by CPRA.",Description of Right to Correct Information
28454,DB_189,"Right Limit Use and Disclosure of Sensitive Personal Information\nA California resident has the right t to direct a business that collects “sensitive personal information” about the consumer to limit its use of the consumer’s “sensitive personal information” to that use which is necessary to perform the services or provide the goods reasonably expected by an average consumer who requests those goods or services.\n\nSee further: CA CIV CODE 1798.121, 1798.140",Description of Right to Limit use of PI
28458,DB_189,See further: CA CIV CODE 1798.125.,Description of Right to Non-discrimination on exercising rights
28474,DB_189,"Right to Opt-Out of Sale of Personal Information\nA California resident has the right, at any time, to direct a business that sells or shares personal information about the consumer to third parties not to sell the consumer’s personal information.",Description of Right to Opt-out of sale of PI
28487,DB_189,Changes to this Privacy Policy\nMelissa may update this privacy policy as necessary and shall post notifications regarding such updates on its corporate website.\n\n,Updated Privacy Policy
28497,DB_190,"Questions, comments and requests regarding this Privacy Policy are welcomed and should be addressed in the first instance to privacy@outbrain.com or by mail to Outbrain Inc., 111 West 19th Street, 3rd Floor, New York, NY 10011, USA, Attn: Privacy Questions.",Methods to exercise rights
28520,DB_190,(c) How we may share information,Description of Right to Know PI sold / shared
28527,DB_190,Please contact support@outbrain.com to remove your comment.,Description of Right to Know PI sold / shared
28528,DB_190,Using Third Party Services on Our Sites,Description of Right to Know PI sold / shared
28529,DB_190,Our Sites contain links to other websites that we do not own or operate.,Description of Right to Know PI sold / shared
28530,DB_190,"We do not control, recommend or endorse the content, products, services, privacy policies or practices of these third party websites.",Description of Right to Know PI sold / shared
28531,DB_190,"For example, on Our Sites you will notice clickable icons which take you to the Outbrain Facebook page or the Outbrain LinkedIn page.",Description of Right to Know PI sold / shared
28532,DB_190,"If you choose to click on these links, you should know that these sites are not owned or operated by Outbrain and therefore these third party websites may send their own cookies to your device and they may independently collect personal data.",Description of Right to Know PI sold / shared
28533,DB_190,It is therefore important that you get familiar with the privacy policies of these third party websites.,Description of Right to Know PI sold / shared
28584,DB_190,Any such collection shall be governed by such third parties privacy policy.,Description of Right to Know PI sold / shared
28588,DB_190,As these cookies and/or pixels are added at the sole discretion of our advertisers you will be subject to that advertiser’s privacy notice and/or privacy policy.,Description of Right to Know PI Collected
28608,DB_190,"Like Outbrain’s opt out, these opt outs do not mean you will no longer receive any advertising, the advertisements will just not be tailored to you.",Description of Right to Opt-out of sale of PI
28612,DB_190,You will still see Outbrain recommendations.,Description of Right to Opt-out of sale of PI
28620,DB_190,Your opt out from Outbrain’s personalized recommendations is effective immediately.,Description of Right to Opt-out of sale of PI
28625,DB_190,"However, the “Intelligent Tracking Prevention” feature in iOS11 may impact the persistence of cookies across websites post a 24 hour window.",Description of Right to Opt-out of sale of PI
28628,DB_190,Even though you have opted out of Outbrain’s personalised recommendations your local storage will not be automatically cleared and therefore you need to clear this at a browser level in addition to your opt out.,Description of Right to Opt-out of sale of PI
28665,DB_190,Outbrain has a dedicated security team.,Description of Right to Know PI Collected
28668,DB_190,Business Partners have access to certain password-protected features of the Amplify or Engage service.,Description of Right to Know PI sold / shared
28669,DB_190,Business Partners are responsible for keeping this password confidential and for ensuring the same for their employees and/or their agents.,Description of Right to Know PI sold / shared
28670,DB_190,"Please remember that, unfortunately, the transmission of information via the internet is never completely secure.",Description of Right to Know PI sold / shared
28702,DB_190,The categories of third parties with whom we share Personal Information.,Description of Right to Know PI sold / shared
28709,DB_190,You can request a copy of the Personal Information that we have collected about you during the past 12 months.,Description of Right to Know PI Collected
28711,DB_190,"If we sell your Personal Information, you can opt-out.",Description of Right to Opt-out of sale of PI
28716,DB_190,This means that we will not penalize you for exercising your rights by taking actions such as denying you services; increasing the price/rate of services; decreasing service quality; or suggesting that we may penalize you as described above for exercising your rights.,Description of Right to Non-discrimination on exercising rights
28729,DB_190,"This is because we allow them to collect information from our website users (e.g., online identifiers and browsing activity) so they can help serve ads more likely to interest you",Description of Right to Opt-out of sale of PI
28744,DB_190,8. “Do Not Track” Disclosure,Description of Right to Know PI Collected
28745,DB_190,Some browsers transmit Do Not Track (DNT) signals to websites.,Description of Right to Know PI Collected
28774,DB_190,"Whether we have disclosed your Personal Information for a business purpose, and if so, the categories of Personal Information received by each category of third party recipient.\nWhether we’ve sold your Personal Information, and if so, the categories of Personal Information received by each category of third party recipient.",Description of Right to Know PI sold / shared
28825,DB_191,The specific pieces of personal information we collected about you (also called a data portability request).,Description of Right to Know PI Collected
28829,DB_191,"Once we receive and confirm your verifiable consumer request (see Exercising Access, Data Portability, and Deletion Rights ), we will delete (and direct our service providers to delete) your personal information from our records, unless an exception applies.",Description of Right to Delete
28840,DB_191,"Non-Discrimination: We will not discriminate against you for exercising any of your rights, including, but not limited to, by Denying you goods or services; Charging you different prices or rates for goods or services, including through granting discounts or other benefits, or imposing penalties; Providing you a different level or quality of goods or services; or Suggesting that you may receive a different price or rate for goods or services or a different level or quality of goods or services.",Description of Right to Non-discrimination on exercising rights
28853,DB_191,"Privacy Policy Updates: We reserve the right, at our discretion, to change, modify, add, or remove portions from this Privacy Policy at any time by posting the modified policy on this page, provided that any such modifications will only be applied prospectively.",Updated Privacy Policy
28854,DB_191,We encourage you to periodically review the Website for the latest information on our privacy practices.,Updated Privacy Policy
28960,DB_192,"You will need to flip a toggle or take other action, such as submitting a form, as described in the Your Privacy Choices webpage.",Methods to exercise rights
28961,DB_192,"Toggle settings are generally browser-, Service-, and device-specific and may reset if cookies are cleared.",Methods to exercise rights
28969,DB_192,We will post any changes to this Policy on our Services.,Updated Privacy Policy
28971,DB_192,Do Not Sell My Personal Information,Description of Right to Opt-out of sale of PI
28973,DB_192,"""Under the CCPA, a """"sale"""" can mean sharing personal information with a third party for anything of value, even if no money is exchanged""",Description of Right to Opt-out of sale of PI
28978,DB_192,You can also submit this request by calling 1-800-883-7323.,Methods to exercise rights
28981,DB_192,"If you opt out, your personal information will continue to be shared if the transfer does not constitute a sale, such as transfers to our service providers.",Categories of Personal Information Sold
29050,DB_192,"""We may """"sell"""" or """"share"""" for cross-contextual behavioral advertising your personal information (as these terms are defined under applicable local law""",Categories of Personal Information Sold
29072,DB_192,"""As may be required under applicable local law, below is a chart that describes our business and commercial purposes for processing your personal information, as well as the categories of third parties to whom we may disclose, """"sell,"""" or """"share"""" for cross-contextual behavioral advertising (as those terms are defined under applicable law) the categories of personal information described above for our business and commercial purposes""",Categories of Personal Information Sold
29079,DB_192,object to our use of your personal information,Description of Right to Limit use of PI
29091,DB_192,"You can also submit this request by calling 1-800-883-7323.\n\nTo opt out of both types of sales, please move the “Sell My Personal Information On This Site Using Cookies” toggle to the left, submit the CCPA Sale Opt Out Form, and press “Confirm my Choices.”",Methods to exercise rights
29112,DB_193,"You have the right to request the deletion of your personal information that we have collected and retained, subject to certain exceptions.",Description of Right to Delete
29118,DB_193,"If the personal information we hold about you is inaccurate or incomplete, you are entitled to have it corrected or completed.",Description of Right to Correct Information
29119,DB_193,We will not discriminate against you for exercising any of your privacy rights.,Description of Right to Non-discrimination on exercising rights
29136,DB_193,"Find your Android Advertising ID: if at any time you want to know your Android Advertising ID, you can find it at the bottom of the ‘Ads’ section referred to above.",Methods to exercise rights
29229,DB_193,Why we share this Personal Data,Categories of Personal Information Shared / Disclosed
29262,DB_193,"Opting-out on Mobile.\niOS:\n\nGo to ‘Settings’\nScroll down to ‘Privacy’\nScroll down to ‘Advertising’\nShift the ‘Limit Ad Tracking’ slider to the right.\nReset your iOS Advertising Identifier: if at any time you wish to reset your iOS Advertising Identifier, which will disassociate that Mobile Advertising ID (and any data collected using that Mobile Advertising ID) from your device and cause us to start afresh, you can do so by replacing the final step with “Click on ‘Reset Advertising Identifier’”.\n\nAndroid:\n\nGo to ‘Settings’\nScroll down and click on ‘Google’\nScroll down and click on ‘Ads’\nShift the ‘Opt out of Ads Personalization’ slider to the right.\nReset your Android Advertising ID: if at any time you wish to reset your Android Advertising ID, which will disassociate that Mobile Advertising ID (and any data collected using that Mobile Advertising ID) from your device and cause us to start afresh, you can do so by replacing the final step with “Click on ‘Reset advertising id’”.\n\nFind your Android Advertising ID: if at any time you want to know your Android Advertising ID, you can find it at the bottom of the ‘Ads’ section referred to above.",Methods to exercise rights
29267,DB_193,"You have the right to request, no more than twice in a 12-month period, disclosure of the personal information about you that we collect, use, disclose and sell during the preceding year, which shall include as follows:\n\n• The categories of personal information that we’ve collected and sold about you, or shared for a business purpose with our service providers.\n\n• The categories of sources from which we collected such information.",Description of Right to Know PI Collected
29269,DB_193,"You have the right to request, no more than twice in a 12-month period, disclosure of the personal information about you that we collect, use, disclose and sell during the preceding year, which shall include as follows:\n\n• The categories of personal information that we’ve collected and sold about you, or shared for a business purpose with our service providers.",Description of Right to Know PI sold / shared
29270,DB_193,The categories of third parties with whom we’ve shared that personal information and to whom we’ve sold that personal information.,Description of Right to Know PI sold / shared
29271,DB_193,"The specific pieces of personal information we collected about you in a format that is easily understandable, and to the extent technically feasible, in a structured, commonly used, machine-readable format.",Description of Right to Know PI Collected
29276,DB_193,"For clarity, under CPRA personal information does not include de-identified or aggregated consumer information.",Description of Right to Limit use of PI
29294,DB_194,"Effective Date: January 1, 2020",Updated Privacy Policy
29338,DB_194,"The CCPA prohibits discrimination against California consumers for exercising their rights under the CCPA and imposes requirements on any financial incentives offered to California consumers related to their personal information, unless the different prices, rates, or quality of goods or services are reasonably related to the value of the consumer’s data.",Description of Right to Non-discrimination on exercising rights
29401,DB_194,"For more information about Do Not Track signals, please click here.",Description of Right to Correct Information
29402,DB_194,"You may, however, disable certain tracking as discussed in the Cookies and Other Tracking Mechanisms section above (e.g., by disabling cookies).",Description of Right to Correct Information
29424,DB_194,Performance and Functionality Cookies\nPerformance and Functionality Cookies\nPerformance and Functionality Cookies\nThese cookies are used to enhance the performance and functionality of our websites but are non-essential to their use.,Categories of Personal Information Collected
29439,DB_194,"We may disclose information to comply with applicable legal or regulatory obligations, including as part of a judicial proceeding; in response to a subpoena, warrant, court order, or other legal process; or as part of an investigation or request from law enforcement or a government official.\n‍\n‍Aggregate and De-Identified Information.",Categories of Personal Information Shared / Disclosed
29513,DB_195,"Debugging to identify and repair errors that impair existing intended functionality of our products, content, services and websites.",Categories of Personal Information Collected
29516,DB_195,We may use Publisher contact information to invite you to take part in market research.,Categories of Personal Information Collected
29523,DB_195,"We may also use Non-Personal Information on Readers’ activities collected from Publisher websites (such as page views, use of ad blocking technology, and search queries) to provide aggregate information to Publishers so that they can improve their content and optimize advertising revenue.",Categories of Personal Information Collected
29539,DB_195,Your opt-out choice will apply to the browser or device where you make the choice.,Description of Right to Opt-out of sale of PI
29540,DB_195,This means that Sovrn will not deliver Interest-based Advertising to this browser or device and we will not otherwise use or transfer data collected on this browser or device for Interest-based Advertising.,Description of Right to Opt-out of sale of PI
29545,DB_195,Opting Out of Sovrn’s Affiliate Marketing,Description of Right to Opt-out of sale of PI
29609,DB_195,You can ask us to correct inaccurate personal information that we maintain about you,Description of Right to Correct Information
29610,DB_195,"If we “sell” or “share” your personal information, you can opt-out.",Description of Right to Opt-out of sale of PI
29614,DB_195,"You can request to exercise your access, deletion, or correction rights by:",Methods to exercise rights
29643,DB_195,Changes in this Privacy Policy,Updated Privacy Policy
29699,DB_195,"If our cookie is already set on a browser, we recognize a returning Reader and log data using the existing cookie.",Categories of Personal Information Collected
29744,DB_195,"Some of our business partners (for example, Google Analytics) may set or use their own cookies on our Publisher websites or through Sovrn Services where Sovrn has no access to or control over these cookies.",Categories of Personal Information Sold
29784,DB_195,"When a DNT signal is recognized, no Personal Information is collected or stored by Sovrn Services.",Categories of Personal Information Collected
29792,DB_195,"The following summarizes the personal information we collect, or have collected, by reference to the categories specified under California privacy law.",Categories of Personal Information Collected
29797,DB_195,"The business or commercial purpose for collecting, selling, or sharing personal information\nThe categories of third parties with whom we disclose personal information",Description of Right to Know PI sold / shared
29803,DB_195,"Revision Log\nSection Revision summary Version\nThroughout Updated Privacy Policy for required disclosures under new US state privacy laws in effect Jan 1 2023, and for general readability January, 2023\nOur Commitment to Good Advertising Practices & How to Opt Out Added information related to our integration with the European Interactive Digital Advertising Alliance (EDAA) YourOnlineChoices program August, 2022\nThroughout Revised email addresses throughout to reduce spam August, 2022\nExercising California Consumer Rights Replaced toll-free number with new toll-free number August, 2022\nEntire Policy Consolidated Website and Service Privacy Policies, reordered sections, and updated internal links.",Updated Privacy Policy
29804,DB_195,"April, 2021\nInformation We Collect Added ‘Universal ID’ to the list of Personal Information types April, 2021\nPersonal Data Rights (throughout) Separation of UK from EU personal data rights as a result of the enactment of the UK GDPR February, 2021\nPersonal Data Rights: Questions or Complaints Addition of EU representative as a result of the UK’s exit from the EU February, 2021\nRevision Log New section added for clarity of changes over time February, 2021",Updated Privacy Policy
29816,DB_196,"As explain in more detail below, we process personal information that we receive directly from you when you provide it to us, such as when you sign up for our Services, or indirectly, such as through automated technologies (e.g., cookies) or from third parties.",Categories of Personal Information Collected
29880,DB_196,Marketing and social media partners,Categories of Personal Information Shared / Disclosed
29910,DB_196,We may retain certain information about you as required by law or for legitimate business purposes after you delete your account.,Description of Right to Delete
29914,DB_196,"If you opt-out of promotional communications, we may still send you non-promotional communications, such as information about your account and/or transactions, or your use of the Services.",Description of Right to Opt-out of sale of PI
29946,DB_196,"According to this broad definition, in the year before this section was last updated, we may have sold the following categories of personal information to third parties:",Categories of Personal Information Sold
29949,DB_196,Advertising Partners – these third parties help us advertise our Services,Categories of Personal Information Sold
29950,DB_196,Opting-out of Sales of Personal Information,Description of Right to Opt-out of sale of PI
29956,DB_196,You have the right to request that UpLead disclose certain information to you about our collection and use of your personal information over the past 12 months,Description of Right to Know PI sold / shared
29957,DB_196,"You have the right to request that UpLead delete any of your personal information that we collected from you and retained, subject to certain exceptions",Description of Right to Delete
29961,DB_196,We will not discriminate against you in a manner prohibited by the CCPA because you exercise your CCPA rights,Description of Right to Non-discrimination on exercising rights
29990,DB_196,"Categories of Information We Collect\nWithin the last twelve (12) months, UpLead has collected the following categories of personal information (as defined in the CCPA) from or about Consumers (note that the lettered categories are according to lettering in the CCPA):\n\nA.",Categories of Personal Information Collected
30080,DB_196,Sale of Personal Information,Categories of Personal Information Sold
30091,DB_196,"However, if we make changes that we believe will materially impact this Privacy Policy or your rights, we will promptly notify you of those changes.",Updated Privacy Policy
30138,DB_196,"You may also adjust your preferences through your account settings if you have an UpLead account, or send an email to privacy@uplead.com.",Methods to exercise rights
30139,DB_196,"You have choices about how to protect and limit the collection, use, and sharing of information about you.",Description of Right to Limit use of PI
30160,DB_196,"Inferences drawn from other personal information\nThe third parties to whom we may sell personal information are:\n\nOur Customers\nSocial Media Platforms – these third parties maintain networks connecting individuals and organizations – such as Facebook, LinkedIn, or Twitter\nAdvertising Partners – these third parties help us advertise our Services\nPromotional Partners",Categories of Personal Information Sold
30172,DB_196,"We will provide a list of the categories of personal information disclosed to such third parties for their direct marketing purposes during the immediately preceding calendar year, along with the names and addresses or these third parties.",Description of Right to Know PI sold / shared
30219,DB_197,"From January 1, 2020, you can exercise this right through the “Do Not Sell My Personal Information” link in the footer of our PeopleFinders Applications",Methods to exercise rights
30270,DB_197,Non-Discrimination: You have the right to not be discriminated against for exercising any of these rights.,Description of Right to Non-discrimination on exercising rights
30277,DB_197,"If you do not consent, your personal information will be used as agreed to under the terms of the Privacy Policy in effect at the time we obtained that information.",Updated Privacy Policy
30278,DB_197,"By accessing the PeopleFinders Applications after the revised Privacy Policy has been posted, you are deemed to consent to our then-current Privacy Policy.",Updated Privacy Policy
30294,DB_197,Opt-Out: You have the right to opt out of the sale of your personal information to third parties.,Description of Right to Opt-out of sale of PI
30308,DB_197,We may send you promotional emails regarding special offers about our Services.,Categories of Personal Information Collected
30351,DB_197,"Unless otherwise required by law, we will only accept such requests directly from the individual whose information is being opted-out, or from a registered authorized agent, and we reserve the right to require verification of identity and may reject opt-out requests except as prohibited by applicable law.",Description of Right to Limit use of PI
30390,DB_198,"During the last year, SimioCloud has disclosed personal information to service providers (e.g., cloud computing and storage vendors; security contractors, consultants and analysis providers), for SimioCloud’s own operational business purpose",Categories of Personal Information Sold
30391,DB_198,"Right To Delete and Correct Personal Information\nPursuant to the CCPA, California consumers have a right to request deletion and correction of personal information about them that SimioCloud has collected or maintained.",Description of Right to Delete
30396,DB_198,"Right to Limit Use of Sensitive Personal Information\nSimioCloud may use Sensitive Personal Information as a part of its marketing and advertising products.\n\nPursuant to the CCPA, California consumers have a right to request a business limit use of “sensitive personal information” about them that SimioCloud has collected or maintained.",Description of Right to Limit use of PI
30400,DB_198,Right To Non-Discrimination\nThe CCPA protects California consumers who exercise their rights from discrimination.,Description of Right to Non-discrimination on exercising rights
30401,DB_198,"SimioCloud will not discriminate against consumers who request access to personal information about them, request deletion, or request that SimioCloud opt them out of future sales.",Description of Right to Non-discrimination on exercising rights
30419,DB_198,Consumers who wish to opt-out of the SimioCloud products and services directly with SimioCloud may complete and submit an opt-out request form by clicking https://www.simiocloud.com/optout/.,Methods to exercise rights
30426,DB_198,"If we are unable to satisfactorily verify your identity, we will be unable to fulfill your right to know request.",Methods to exercise rights
30429,DB_198,SimioCloud does not sell personal information to individual consumers.,Categories of Personal Information Sold
30486,DB_199,"The right to delete your personal information, when possible.",Description of Right to Delete
30488,DB_199,The right to limit use and disclosure of sensitive personal information.\n,Description of Right to Limit use of PI
30608,DB_199,"If you are a consumer in the state of Virginia and the Consumer Data Protection Act (CDPA) applies to you, you may exercise the following rights:\n\nThe right to confirm whether or nt Audiencerate is processing your data, and access to your personal data.\nThe right to correct inaccuracies in your personal data.\nThe right to your personal data.\nThe right to obtain a copy of your personal data.\nThe right to opt-out of the processing of the personal data for purposes of targeted advertising, the sale of personal data or profiling in furtherance of decisions that produce legal or similarly significant effects concerning the consumer.",Updated Privacy Policy
30636,DB_199,Right to rectify any inaccurate personal data.,Description of Right to Correct Information
30638,DB_199,Right to request the limitation of the processing of your personal data.,Description of Right to Limit use of PI
30656,DB_199,"There are several options to manage, disable and remove the cookies.\n\n(1) Modify your browser settings\n\nPlease follow the instructions provided by your browser’s producer to discover how to manage, disable or remove all the cookies (technical, analytics and profiling):\n\n• Explorer: https://support.microsoft.com/en-us/topic/delete-and-manage-cookies-168dab11-0753-043d-7c16-ede5947fc64d \n\n• Chrome: https://support.google.com/chrome/answer/95647?hl=en \n\n• Firefox: https://support.mozilla.org/en-US/kb/websites-say-cookies-are-blocked-unblock-them#w_clear-all-cookies-and-the-cache \n\n• Safari: https://support.apple.com/guide/safari \n\n• Opera: https://help.opera.com/en/latest/web-preferences/\n\nPlease be careful in making your choice.",Methods to exercise rights
30659,DB_199,"In order to ensure that the information provided is always up to date and free of errors, you must notify Audiencerate as soon as possible of any changes to your personal data by sending an e-mail to the e-mail address privacy@audiencerate.com.",Methods to exercise rights
30667,DB_200,This website page (www.netwisedata.com/privacy) will always contain the most up-to-date version of the Privacy Policy.,Updated Privacy Policy
30682,DB_200,"Safety, Security & Compliance with law: We may disclose any information we deem necessary to comply with any applicable law, regulation, legal process or governmental request in order to enforce our rights or to protect the safety and security of our Website.\n\n",Categories of Personal Information Shared / Disclosed
30716,DB_200,"Suite 202\nBoca Raton, FL 33432\niv.",Methods to exercise rights
30791,DB_200,"We maintain data on businesses for every region on Earth, including GDPR regulated countries.",Categories of Personal Information Collected
30839,DB_201,You can opt-out of having made your activity on the Service available to Google Analytics by installing the Google Analytics opt-out browser add-on,Methods to exercise rights
30850,DB_201,"We and Our third-party vendors use cookies to inform, optimize and serve ads based on Your past visits to our Service.\n\nBing Ads Remarketing\n\nBing Ads remarketing service is provided by Microsoft Inc.",Categories of Personal Information Sold
30873,DB_201,You also have the right to request the deletion of Your Personal Data that have been collected in the past 12 months.,Description of Right to Delete
30875,DB_201,"You have the right not to be discriminated against for exercising any of Your Consumer’s rights, including by:\n\nDenying goods or services to You\nCharging different prices or rates for goods or services, including the use of discounts or other benefits or imposing penalties\nProviding a different level or quality of goods or services to You\nSuggesting that You will receive a different price or rate for goods or services or a different level or quality of goods or services.",Description of Right to Non-discrimination on exercising rights
30877,DB_201,Changes to this Privacy Policy\nWe may update our Privacy Policy from time to time.,Updated Privacy Policy
30879,DB_201,Changes to this Privacy Policy are effective when they are posted on this page.,Updated Privacy Policy
30905,DB_201,The right to access / the right to request.,Description of Right to Know PI sold / shared
30937,DB_201,The specific pieces of Personal Data we collected about You,Description of Right to Know PI Collected
30985,DB_202,"For Android devices, select the “Opt-out of Interest-Based Ads” or “Opt out of Ads Personalization” in the Ads section of the Google Settings App.",Methods to exercise rights
31005,DB_202,Right to Request Deletion.,Description of Right to Delete
31017,DB_202,"o Charging you different prices or rates for goods or services, including through granting discounts or other benefits, or imposing penalties.",Description of Right to Non-discrimination on exercising rights
31044,DB_202,"How do I know if Datonics collects data on a website I visit?\n\nWe require our partner websites to inform Users about their privacy and information collection practices, including whether or not the website partners with third parties like Datonics to collect and use data for advertising purposes, and a way to opt out from the use of such data for targeted advertising purposes by Datonics.",Categories of Personal Information Collected
31045,DB_202,"For example, we may provide attributes and behavioral data to our clients so that they can associate it with their email marketing database and enhance the data they already have about you.\n\nWe may grant our partner websites and advertising partners access to reports that aggregate information about the ads presented by the Datonics system.",Categories of Personal Information Shared / Disclosed
31047,DB_202,"Does Datonics sell my personal information to other parties?\n\nDatonics may sell your personal information to third parties, subject to your right to opt-out of those sales (See “What other rights do I have to my personal information?”).\n\nIn the preceding twelve (12) months, Datonics has sold the categories of personal information in the chart set forth above.",Categories of Personal Information Sold
31059,DB_202,You have the right to request any or all of the following:\n\no The categories of personal information we collected about you.\n\no The categories of sources from which the personal information is collected.\n\no Our business or commercial purpose for collecting or selling that personal information.,Description of Right to Know PI Collected
31060,DB_202,The categories of third parties with whom we share that personal information.,Description of Right to Know PI sold / shared
31072,DB_203,"You have the right to request that we advise you what Personal Information we collect, use, disclose, and sell that belongs to you",Description of Right to Know PI sold / shared
31110,DB_203,"As such, we will not deny you goods or services, charge you different prices or rates for goods or services, or deny you discounts or other benefits; nor will we provide you a different level or quality of goods or services or recommend a different level or quality of goods or services.",Description of Right to Non-discrimination on exercising rights
31112,DB_203,"If you are requesting a product or service, this is an exemption from this right, and we will process your request.",Description of Right to Opt-out of sale of PI
31132,DB_203,"Authorized Agent.\n\nOnly you or a person registered with the California Secretary of State that you authorize to act on your behalf, may make a verifiable consumer request related to your Personal Information.",Methods to exercise rights
31179,DB_204,"California residents may exercise the following rights via our webform at CCPA, by emailing us at ccpa@greatlakeslists.com .",Methods to exercise rights
31182,DB_204,You have the right to request that we delete Personal Information that we have collected from you.,Description of Right to Delete
31198,DB_204,These cookies and other technologies may be used to track you across devices.,Categories of Personal Information Collected
31202,DB_204,"Pursuant to the California Consumer Privacy Act of 2018, below is a summary of the Personal Information we collected from consumers, the sources from which we collected the Personal Information, the business or commercial purpose for which the Personal Information was collected and the categories of third parties with whom we share consumer Personal Information.",Description of Right to Know PI Collected
31206,DB_204,"We will not discriminate against you, in any manner prohibited by applicable law, for exercising these rights.",Description of Right to Non-discrimination on exercising rights
31284,DB_205,"You may review and under certain circumstances, update your Personal Information by contacting us at privacy@hellofyllo.com",Description of Right to Know PI Collected
31292,DB_205,"In addition, information collected from end-users may be used in aggregate form to, among other things, determine the total number of end-users who are using our Services, prepare utilization reports for our Partners (as defined below), diagnose and fix compatibility problems or other problems with our Services, and perform statistical analyses to enable us to build higher quality, more useful online Services",Categories of Personal Information Collected
31298,DB_205,"Affiliates: We may share your Personal Information with our Affiliates. “Affiliates” means any entity controlled by, controlling, or under common control with Fyllo.",Categories of Personal Information Shared / Disclosed
31314,DB_205,"Fyllo collects information in three ways: information you give to us, information that we automatically gather from your use of our Service, and information obtained from third parties, each as more specifically described below.",Categories of Personal Information Collected
31361,DB_205,We may revise this Privacy Policy from time to time.,Updated Privacy Policy
31412,DB_206,CHANGE TO THIS PRIVACY POLICY.\n\n We have the right to make material changes to this Privacy Policy.,Updated Privacy Policy
31430,DB_206,"We may deny your deletion request if retaining the information is necessary for us or our service provider(s) to: (1) Detect security incidents, protect against malicious, deceptive, fraudulent, or illegal activity, or prosecute those responsible for such activities. (2) Debug our systems or identify and repair errors that impair existing intended functionality; (3) Comply with a legal obligation.",Description of Right to Delete
31466,DB_206,"Personal and Sensitive Information\n\nFirst and Last Name, Address, Telephone or Mobile Number, IP address",Categories of Personal Information Collected
31502,DB_207,"To understand your activity and preferences over time \nWe may use the data we collect (whether directly or from our partners) to learn about your online activity across sites, apps, and devices over time and infer information about your online and real-world preferences (e.g., we may know that Internet user ABC123 is a female in the New York Metro area interested in buying new shoes)\n",Categories of Personal Information Shared / Disclosed
31511,DB_207,"Service providers\nWe share certain data with contracted vendors, subject to data use restrictions, so that they can perform functions on our behalf, such as fraud and malware prevention, identification of invalid traffic, and data storage and hosting; a list of our service providers is available here\nAffiliates and potential acquirers\nWe may share data amongst affiliate companies in the OpenX group for the purposes described in this Privacy Policy; a list of our affiliates is available here \nWe may also share data in connection with an actual or proposed sale or transfer of all or a part of our business or assets, corporate merger, consolidation, or bankruptcy, including with our advisers and any prospective purchaser’s advisers and with the new owners of the business",Categories of Personal Information Sold
31542,DB_207,The right to correct inaccuracies related to the personal data we have collected from or about you.,Description of Right to Correct Information
31569,DB_207,"We may also share data in connection with an actual or proposed sale or transfer of all or a part of our business or assets, corporate merger, consolidation, or bankruptcy, including with our advisers and any prospective purchaser’s advisers and with the new owners of the business",Categories of Personal Information Sold
31572,DB_207,You can request to opt out of our interest-based advertising services – and the interest-based advertising services of other companies that adhere to the principles and framework listed above – by taking the steps listed below,Description of Right to Opt-out of sale of PI
31576,DB_207,"Some browsers block third-party cookies by default, and you may need to change your browser settings to accept third-party cookies before opting out.",Methods to exercise rights
31594,DB_207,"We don’t know your name, but we do know your online identifier.\nNone of the data we collect or share about you via our Ad Exchange is connected to your clear-text name, contact information, or other information that could directly identify you as an individual.",Categories of Personal Information Collected
31654,DB_208,"Right to Delete\nAs a California resident, you have the right to request that Strata delete any personal information we have collected or maintain.",Description of Right to Delete
31660,DB_209,"Effective Date: May 28, 2019",Updated Privacy Policy
31763,DB_210,"CHANGES TO THIS PRIVACY POLICY\nOver time, we may update this Privacy Policy to align with changes in the Platform, our business and/or Privacy Laws.",Updated Privacy Policy
31765,DB_210,"Last Updated Date: February 9, 2023",Updated Privacy Policy
31770,DB_210,Consumers have the right to know the categories of Personal Information disclosed about them for a business purpose and the categories of persons to whom each category of Personal Information was disclosed,Description of Right to Know PI Collected
31771,DB_210,"Right to Know About Personal Information Sold or Shared: Consumers have the right to know the categories of Personal Information sold about them, the categories of third parties to whom each category of Personal Information was sold and the purpose for doing so.",Description of Right to Know PI sold / shared
31777,DB_210,The CCPA allows businesses to retain Personal Information for certain purposes even when a deletion request is received,Description of Right to Delete
31781,DB_210,Salutary Data does not collect Sensitive Personal Information.,Description of Right to Limit use of PI
31795,DB_210,"Requests to Delete, Correct and to Know\n\nIf you wish to exercise your right to delete, correct and / or know (as described above), you may do so by calling Salutary Data at the following toll-free telephone number 1-866-451-4868 or alternatively via our website form",Description of Right to Know PI Collected
31798,DB_210,"Right to Opt-Out of Sale of Your Personal Information\n\nIf you wish to exercise your right to opt-out of the sale of your Personal Information, please click here:",Description of Right to Opt-out of sale of PI
31814,DB_210,Some of the information we collect via cookies may be considered Personal Information beyond California.,Categories of Personal Information Collected
31844,DB_210,"Right to Know Before Collection of Personal Information: At or before the point your Personal Information is collected we must inform you of the following:\nThe categories of Personal Information to be collected and the purposes for which they are collected or used;\nThe categories of Sensitive Personal Information to be collected and the purposes for which the information is collected and used;\nWhether Personal Information and/or Sensitive Personal Information is sold or shared;\nThe length of time Salutary Data intends to retain each category of Personal Information (including Sensitive Personal Information) collected or, if that is not possible, the criteria used to determine that period.",Description of Right to Know PI Collected
31880,DB_210,Personal Identifiers Y Service Providers \nverifying the accuracy of information\nauditing interactions and transactions;\nprocessing interactions and transactions;\nmanaging interactions and transactions;\nperforming services;\nquality assurance;\nsecurity; and\ndebugging,Categories of Personal Information Shared / Disclosed
31888,DB_210,Salutary Data does not share Personal Information as that term is defined in the CCPA.,Categories of Personal Information Sold
31892,DB_210,"Characteristics of protected classification and other sensitive information: N \nCommercial Information N \nProfessional or Employment-related Information Y Data Brokers\nEnd User Businesses \nData Brokers license Personal Information from Salutary Data in order to sub-license / resell the Personal Information to end user businesses for their use in sales and marketing to commercial buyers, recruiting, analytics and other business activities.\nEnd user businesses license Personal Information for their use in sales and marketing to commercial buyers, recruiting, analytics and other business activity.",Categories of Personal Information Sold
31920,DB_210,The categories of Personal Information to be collected and the purposes for which they are collected or used;\nThe categories of Sensitive Personal Information to be collected and the purposes for which the information is collected and used;\nWhether Personal Information and/or Sensitive Personal Information is sold or shared;,Description of Right to Know PI sold / shared
31930,DB_210,0: Category of Personal Information ||| 1: Is the Personal Information Disclosed to Third Parties for a Business Operations Purpose ||| 2: Category of Third Parties to Whom Disclosed ||| 3: For what Purpose\n\n0: Personal Identifiers ||| 1: Y ||| 2: Service Providers ||| 3: verifying the accuracy of information auditing interactions and transactions; processing interactions and transactions; managing interactions and transactions; performing services; quality assurance; security; and debugging\n\n0: Electronic Network Activity ||| 1: Y ||| 2: Service Providers ||| 3: auditing interactions and transactions; processing interactions and transactions; managing interactions and transactions; performing services; quality assurance; security; and debugging\n\n0: Characteristics of protected classification and other sensitive information: ||| 1: Y ||| 2: Service Providers ||| 3: auditing interactions and transactions; processing interactions and transactions; managing interactions and transactions; performing services; quality assurance; security; and debugging\n\n0: Commercial Information ||| 1: Y ||| 2: Service Providers ||| 3: auditing interactions and transactions; processing interactions and transactions; managing interactions and transactions; performing services; quality assurance; security; and debugging\n\n0: Professional or Employment-related Information ||| 1: Y ||| 2: Service Providers ||| 3: verifying the accuracy of information auditing interactions and transactions; processing interactions and transactions; managing interactions and transactions; performing services; quality assurance; and security\n\n,Categories of Personal Information Sold
31935,DB_210,"Category of Personal Information Is Personal Information Sold to Third Parties Category of Third Parties to Whom Sold For what Purpose\nPersonal Identifiers Y Data Brokers\nEnd User Businesses\nThird Parties \nData Brokers license Personal Information from Salutary Data in order to sub-license / resell the Personal Information to end user businesses for their use in sales and marketing to commercial buyers, recruiting, analytics and other business activities.\nEnd user businesses license Personal Information for their use in sales and marketing to commercial buyers, recruiting, analytics and other business activity.\nGoogle Analytics collects information regarding visitors to our Website and provides aggregated, statistical information back to Salutary Data regarding Website visits.",Categories of Personal Information Shared / Disclosed
31969,DB_211,The right to not be discriminated against for exercising their CCPA privacy rights;,Description of Right to Non-discrimination on exercising rights
31973,DB_211,"Please note, however, that any right to request correction is limited by the legal rights of Data Delivers and its suppliers relating to content within the data, including without limitation legally protected rights related to freedom of speech.",Description of Right to Correct Information
32008,DB_211,"We make our partners guarantee the information is only used to provide their services to us;\nour clients, for their analytics, profiling and/or marketing purposes;",Categories of Personal Information Sold
32022,DB_211,The right to know the categories of personal information we have collected about them and the categories of sources from which we got the information;,Description of Right to Know PI Collected
32024,DB_211,"You may opt out of receiving any, or all, of these communications from us by following the unsubscribe link or instructions provided in any email we send or by contacting us.",Methods to exercise rights
32070,DB_212,"These may include the right (i) to request access and obtain a copy of your personal information, (ii) to request rectification or erasure; (iii) to restrict the processing of your personal information; and (iv) if applicable, to data portability",Description of Right to Correct Information
32098,DB_212,Right to Non-Discrimination for the Exercise of a Consumer’s Privacy Rights\n \nWe will not discriminate against you if you exercise your privacy rights.,Description of Right to Non-discrimination on exercising rights
32124,DB_212,To send you marketing and promotional communications.,Categories of Personal Information Sold
32126,DB_212,Legitimate Interests: We may process your data when it is reasonably necessary to achieve our legitimate business interests.,Categories of Personal Information Sold
32128,DB_212,We have contracts in place with our data processors which are designed to help safeguard your personal information.,Categories of Personal Information Shared / Disclosed
32132,DB_212,"We may share or transfer your information in connection with, or during negotiations of, any merger, sale of company assets, financing, or acquisition of all or a portion of our business to another company.",Categories of Personal Information Sold
32139,DB_212,"If you are accessing our Website from outside the United States, please be aware that your information may be transferred to, stored, and processed by us in our facilities and by those third parties with whom we may share your personal information (see “WILL YOUR INFORMATION BE SHARED WITH ANYONE?” above), in the United States, and other countries.",Categories of Personal Information Shared / Disclosed
32170,DB_212,We will respond to your request within sixty (60) days.\n,Methods to exercise rights
32198,DB_212,"In accordance with applicable law, we are not obligated to provide or delete consumer information that is de-identified in response to a consumer request or to re-identify individual data to verify a consumer request.",Description of Right to Know PI Collected
32283,DB_213,"Our service providers may include, for example, providers of: technology; support for our Clients; business operations; web or database hosting; billing; accounting; physical or information security; marketing and advertising; data management, validation, enhancement or hygiene; or providers that otherwise assist us with providing, developing, maintaining, or improving our Services.\n",Categories of Personal Information Sold
32285,DB_213,"These rights are subject to certain limitations, although you will not be discriminated against for exercising any of these rights",Description of Right to Non-discrimination on exercising rights
32288,DB_213,"Right to Request Deletion of Your Personal Information:\nIf we have collected personal information from you, you may request that we delete such personal information.",Description of Right to Delete
32289,DB_213,"If you choose to exercise your right to deletion, there are certain circumstances under which we many nevertheless retain personal information as permitted by law, such as:\nTo defend against fraudulent activity directed towards our business, systems, or users.\nTo detect and fix technical issues that affect existing system functions (e.g., for de-bugging).\nAs necessary for the protection of the free speech or other rights of us (or others).\nTo assist with law enforcement requests made pursuant to lawful process.\nFor certain scientific or historical research purposes.\nFor our own internal purposes, provided they are reasonably related to your relationship with us.\nTo comply with our legal obligations.\nPlease note that we require certain information in order to provide our Services to you.",Description of Right to Delete
32290,DB_213,"If you ask us to delete that information, it may prevent you from being able to access or use our Services.",Description of Right to Delete
32293,DB_213,"If you do not wish location data associated with your device to be used in the ways we describe above, we suggest that you make a request to opt out of sales of your information as detailed above",Description of Right to Opt-out of sale of PI
32302,DB_213,"Right to Non-Discrimination:\nIf you elect to exercise your CCPA, CPA, CTDPA, UCPA, or VCDPA rights, we will not deny, charge different prices for, or provide a different level of quality of goods or services for that reason.\n",Description of Right to Non-discrimination on exercising rights
32332,DB_213,Operating systems and platforms,Categories of Personal Information Shared / Disclosed
32350,DB_213,"Right to Non-Discrimination:\nIf you elect to exercise your CCPA, CPA, CTDPA, UCPA, or VCDPA rights, we will not deny, charge different prices for, or provide a different level of quality of goods or services for that reason.",Description of Right to Non-discrimination on exercising rights
32395,DB_213,We may share information we collect from your Device as follows:,Categories of Personal Information Shared / Disclosed
32397,DB_213,"Our Clients may include brand advertisers, data and technology platforms, advertising technology companies, and other organizations that study consumer behavior, provide tailored advertising, or study human movement patterns.",Categories of Personal Information Shared / Disclosed
32411,DB_213,"If a third party seeks to acquire or actually acquires our business or assets in whole or in part, we may disclose information we have collected in connection to that transaction (including without limitation during due diligence that may be undertaken in advance of possible sales).",Categories of Personal Information Shared / Disclosed
32430,DB_213,DO WE CURRENTLY COLLECT/USE THIS CATEGORY OF PERSONAL INFORMATION? ||| Yes ||| Yes ||| Yes ||| Yes ||| Yes,Categories of Personal Information Collected
32448,DB_213,that we disclose what personal information we collect from you,Description of Right to Know PI Collected
32450,DB_213,to opt out of our sale of their personal information,Description of Right to Opt-out of sale of PI
32453,DB_213,California or Virginia residents may opt out of the “sale” of their personal information.,Description of Right to Opt-out of sale of PI
32454,DB_213,"Colorado, Connecticut or Utah residents may opt out as well when their laws become effective. “Sale” is defined broadly by the CCPA, the CPA, and the CTDPA to include making personal information available in exchange for any “monetary or other valuable consideration.” “Sale” is defined under the UCPA and the VCDPA to mean the disclosure of personal data for “monetary consideration.”",Description of Right to Opt-out of sale of PI
32466,DB_213,"For our own internal purposes, provided they are reasonably related to your relationship with us.",Description of Right to Delete
32492,DB_214,You have the right to request deletion of all your personal information.,Description of Right to Delete
32493,DB_214,You have the right to request correction of your personal information.\n\n,Description of Right to Correct Information
32496,DB_214,You have the right to not be discriminated against for exercising any of your CCPA/CPRA-provided rights.,Description of Right to Non-discrimination on exercising rights
32499,DB_214,"Information Collected: \n\nSelf-reported Information (i.e. name, home address, previous address, email address, demographic info) \n\n​\n\nSource of Information Collected:\n\nProcessing Centers\n\nProvided directly via direct communication\n\nData Compiling Companies\n\n​\n\nPurpose of Information Collected:\n\nData Marketing/ Marketing Services\n\nAnalysis\n\nOnline Targeting\n\n",Categories of Personal Information Collected
32503,DB_214,"Access to Personal Information:\n\nYou have the right to know what specific personal information has been collected about you, the categories of sources from which the personal information has been collected, and the categories of third parties with whom your information is used, shared or sol",Description of Right to Know PI Collected
32523,DB_215,"Specifically, we provide threat intelligence services such as risk scoring, abuse and fraud prevention services, and other analytic and compliance services as they pertain to email marketing.\n\nWe may also use PII to help other data platforms perform cross-channel risk assessments and identity resolution.",Categories of Personal Information Shared / Disclosed
32536,DB_215,"To initiate a Right to Know request, submit your information using our California Privacy Rights Data Request Form or email us at privacy@emailindustries.com.",Methods to exercise rights
32547,DB_215,"We may use your PII for any business purpose, including to administer your account and provide you services, to send communications and administrative emails, to respond to your inquiries, and to send marketing and product update messages",Categories of Personal Information Sold
32558,DB_215,"""RIGHT TO OPT-OUT - You have the right to opt-out of the """"sale"""" of your personal information""",Description of Right to Opt-out of sale of PI
32561,DB_215,"Updated: January 1, 2020",Updated Privacy Policy
32583,DB_215,The California Consumer Privacy Act (CCPA) further gave California residents the right to know what PII a business has collected on them.,Description of Right to Know PI Collected
32596,DB_215,"Most of the information that we handle is not collected on this website, but rather through our network of websites, which include https://www.blackbox.email and https://www.alfredknows.com as well as relationships we have with other companies such as data suppliers, business partners, and our clients.",Categories of Personal Information Collected
32600,DB_215,"Once we receive and confirm the verifiable consumer “Right to Know” request, we will provide you with; (a) the categories of personal information it has collected about you; (b) the categories of sources from which the personal information is collected",Description of Right to Know PI Collected
32601,DB_215,the business or commercial purpose for collecting or selling personal information; (d) the categories of third parties with whom the business shares personal information;,Description of Right to Know PI sold / shared
32647,DB_217,We may collect signatures on forms used for identity verification purposes for California residents or their agents seeking to exercise individual rights.,Categories of Personal Information Collected
32672,DB_217,Please contact us using one of these methods if you wish to have an authorized agent make a request for individual rights on your behalf.\n\nVerification of Requests to Exercise Individ,Methods to exercise rights
32673,DB_217,Policy Against Discrimination\n\nCalifornia residents have a right not to receive discriminatory treatment by any business covered by the CCPA for the exercise of the privacy rights conferred by the CCPA.,Description of Right to Non-discrimination on exercising rights
32674,DB_217,"Accordingly, Heartbeat will not discriminate against individual California residents for exercising any of their rights under the CCPA, including by:\n\nDenying goods or services to the California resident\n\nCharging different prices or rates for goods or services, including through the use of discounts or other benefits or imposing penalties.\n\nProviding a different level or quality of goods or services\n\nSuggesting that the California resident will receive a different price or rate for goods or services or a different level or quality of goods or services",Description of Right to Non-discrimination on exercising rights
32727,DB_218,"Data Marketing Services:\n\nOur Services include providing marketinginformation to our customers, generally regarding which customers orprospective customers are most likely to be interested (or disinterested)in certain offers, or how to best contact or identify those customers.Similarly, we help our customers identify and understand theircustomers better, by providing insights about them.",Categories of Personal Information Shared / Disclosed
32744,DB_218,"Thus, if you browse the web from multiple browsers or devices, you will need to opt out from each browser and/or device, and for the same reason, if you change browsers or clear your browser cookie cache, you will need to perform this opt-out function again.",Methods to exercise rights
32777,DB_218,"Sharing In Event of a Corporate Transaction: We may also share personal information in the event of a major corporate transaction, including for example a merger, investment, acquisition, reorganization, consolidation, bankruptcy, liquidation, or sale of some or all of our\nassets, or for purposes of due diligence connected with any such transaction.\n• Sharing With Service Providers: We share any personal information we collect with our service providers, which may include (for instance) providers involved in tech or customer support, operations, web or data hosting, billing, accounting, security, marketing, data management, validation, enhancement or hygiene, or otherwise assisting us to provide, develop, maintain and improve our services.",Categories of Personal Information Sold
32788,DB_218,Your right to “opt out” of the sale of your personal information\nCalifornia residents have the right to opt-out of the “sale” of their personal information,Description of Right to Opt-out of sale of PI
32803,DB_218,"Last Updated December 14, 2021",Updated Privacy Policy
32825,DB_218,"“Sold” This Category of Personal Information in the Last 12 Months ||| Identifiers E.g., name; alias; postal address; mobile ad identifiers; IP address; telephone number; email address; social network handles ||| Characteristics of protected classifications under California or US law (inferenced or actual, including self-reported) E.g., race; color; religion; sex/gender; pregnancy, marital status; military or veteran status; national origin; ancestry; age (over 40) (may be inferenced, actual or self-reported) ||| Commercial or transactions information E.g., products or services purchased, obtained, or considered, or other purchasing or consuming histories or tendencies. ||| Internet or other electronic network activity information E.g., browsing history; online interests. ||| Professional or employment-related information E.g., current or past job history or job title. ||| Inference Data E.g., consumer information or preferences.",Categories of Personal Information Sold
32848,DB_218,"When you turn off cookies, pixel tags simply detect a given website visit.",Categories of Personal Information Collected
32863,DB_218,"California residents have the right to request that we disclose what personal information we collect from you, to delete that information, and to opt-out of the sale of your personal information, subject to certain restrictions and without being discriminated against for exercising these rights",Description of Right to Opt-out of sale of PI
32867,DB_218,Certain information may be exempt from such requests under applicable law.,Description of Right to Know PI Collected
32868,DB_218,"Right to request deletion of your personal information\nYou may also request that we “delete” any personal information that we collected directly from you, such as if you are a customer of ours, or interacted with us at a trade show.",Description of Right to Delete
32897,DB_219,"To make such a request, please send an e-mail to us at: privacy@contentgine.com or write to us at: Contentgine, 316 California Ave. #41, Reno, NV, 89509.",Methods to exercise rights
32903,DB_219,Right to Opt Out.,Description of Right to Opt-out of sale of PI
32956,DB_219,We share Personal Data with our service providers in relation to the following services they provide to us:,Categories of Personal Information Shared / Disclosed
32980,DB_219,We process your Personal Data on the basis of:\n\nyour consent (you may withdraw your consent at any time by [contacting us via the information in the “Contact Us” section below].,Categories of Personal Information Shared / Disclosed
32995,DB_219,"Category ||| Identifiers ||| Personal Information listed in the California Customer Records statute (which may overlap with other categories) ||| Characteristics of protected classifications ||| Geolocation data ||| Commercial information\n\nTypes of Information ||| Name, title, business email address, business address, business phone number, ||| Name, address, phone number ||| None ||| Business address ||| None\n\nCategories of recipients for a business purpose ||| Our affiliates, cloud storage providers, payment processors, security vendors, website hosting vendors ||| Our affiliates, cloud storage providers, payment processors, security vendors, website hosting vendors ||| Our affiliates, cloud storage providers ||| Our affiliates, cloud storage providers, payment processors, security vendors, website hosting vendors ||| Our affiliates, cloud storage providers, payment processors, security vendors, website hosting vendors",Categories of Personal Information Sold
32997,DB_219,Categories of recipients for selling ||| Customers (to provide the Lead Generation Services) ||| Customers (to provide the Lead Generation Services) ||| None ||| Customers (to provide the Lead Generation Services) ||| None,Categories of Personal Information Sold
33026,DB_220,The date of the last update can be found at the top of this Privacy Statement.,Updated Privacy Policy
33049,DB_220,"""Right to Know/Access: the right to request that a business/controller disclose to you, following your verifiable/authenticated consumer request, some or all of the following (based on your applicable US State Privacy Law):\nThe categories of Personal Data the business/controller has collected about you\nThe categories of sources from which the Personal Data is collected\nThe business or commercial purpose for collecting, selling, or (under CCPA) """"sharing"""" Personal Data\nThe categories of third parties with which the business/controller shares Personal Data\nThe specific pieces of Personal Data the business/controller has collected about you\nThe categories of Personal Data about you that the business/controller disclosed for a business purpose""",Description of Right to Know PI Collected
33051,DB_220,Right to Correct the right to request that the business/controller correct any inaccurate Personal Data that it has collected about you,Description of Right to Correct Information
33066,DB_220,"If we make changes that we believe are material, those changes will not be applied to information collected prior to the date the changes went into effect.",Updated Privacy Policy
33082,DB_220,"Collected Personal Data: we use such information to provide, operate, maintain, improve, and develop our products and services (including our Platform), including to create and reconcile ID5",Categories of Personal Information Collected
33086,DB_220,"""Disclosures for a Business Purpose"""": we disclose (and have disclosed during the 12 months prior to the """"Last Modified"""" date at the top of this Privacy Statement) each of the above categories of Personal Data for a """"business purpose"""" (as defined by CCPA) to """"service providers""""/""""processors"""" (each, as defined by the applicable US State Privacy Law) that perform certain services on our behalf, such as data center providers, hosting service providers, and data analytics providers, and anti-fraud, technology and security providers.""",Categories of Personal Information Shared / Disclosed
33104,DB_220,"""The categories of Personal Data about you that the business/controller disclosed for a business purpose\nIf the business/controller sells or (under CPRA) """"shares"""" your Personal Data:\nThe categories of Personal Data that the business/controller sold or (under CCPA) shared about you\nThe categories of third parties to which your Personal Data was sold or (under CCPA) shared, by category or categories of Personal Data for each category of third parties to which the Personal Data was sold\nThe business or commercial purpose for selling or (under CCPA) sharing Personal Data""",Description of Right to Know PI sold / shared
33106,DB_220,"Right to Know/Access: the right to request that a business/controller disclose to you, following your verifiable/authenticated consumer request, some or all of the following (based on your applicable US State Privacy Law):",Description of Right to Know PI sold / shared
33107,DB_220,"Right to Data Portability the right to be provided with a copy of the Personal Data about you that the business/controller processes by automated means in a portable and, to the extent technically feasible, readily usable format that allows you to transmit it to another party",Description of Right to Know PI Collected
33186,DB_221,"Therefore, we may share and disclose your personal data to other data processors:\n\nHotjar (Hotjar Ltd, Malta): to explore the user’s experience while using the Platform.",Categories of Personal Information Shared / Disclosed
33212,DB_221,"CHANGES TO THIS POLICY\nThis Policy may be changed from time to time due to the implementation of new technologies, laws’ requirements or for other purposes.",Updated Privacy Policy
33290,DB_221,Right to obtain information.,Description of Right to Know PI Collected
33348,DB_222,Most of the information we maintain is used in connection with making and servicing your loan or other Navient products and is therefore exempt from the CCPA.,Description of Right to Delete
33349,DB_222,Right to Correct Inaccurate Personal Information (“Right to Correct”)\n\nYou have the right to request correction of inaccurate personal information that we maintain about you or update the information we have on file.,Description of Right to Correct Information
33350,DB_222,Right to Opt-Out of Sale or Sharing Your Personal Information\n\nThe CCPA provides consumers with the right to opt out of the sale or sharing of their personal information.,Description of Right to Opt-out of sale of PI
33356,DB_222,We do not use sensitive personal information in any manner that requires offering a right to limit its use.,Description of Right to Limit use of PI
33380,DB_222,"If we make material changes to how we treat our users’ personal information, we will notify you through a notice on the Website home page.",Updated Privacy Policy
33414,DB_222,"Right to Know About Personal Information Collected, Disclosed, Or Sold (“Right to Know”)\n\nYou have the right to request to know what personal information we have collected about you, including:",Description of Right to Know PI sold / shared
33415,DB_222,"The business or commercial purpose for collecting or selling personal information\nThe categories of third parties to whom the personal information is shared, as defined above",Description of Right to Know PI sold / shared
33416,DB_222,The specific pieces of personal information collected about you that is permitted by law,Description of Right to Know PI Collected
33462,DB_223,"Our service providers are contractually required to use personal information only to provide their service to us, and are contractually prohibited from using or disclosing personal information for their own purposes.\n\n",Categories of Personal Information Sold
33471,DB_223,"If we are required by applicable data protection laws to obtain your consent to any material changes before they come into effect, then we will do so in accordance with law.",Updated Privacy Policy
33481,DB_223,"Along with your verified request, we will give you any categories of sources from which the personal information is collected; the purpose for collecting, selling, or sharing; and any categories of third parties with whom we share such personal information.\n\n",Description of Right to Know PI sold / shared
33488,DB_223,There are two ways to submit a “request to opt-out of the sale” of your personal information.,Methods to exercise rights
33490,DB_223,"Second, you can submit your request through the email at privacy@VentiveIQ.com.",Methods to exercise rights
33493,DB_223,"If you choose to exercise any of your rights under the CCPA, we will not differentiate our services as a result of your decision.",Description of Right to Non-discrimination on exercising rights
33510,DB_223,"IDENTIFIERS ||| DEMOGRAPHICS ||| GEOLOCATION DATA ||| DEVICE & SITE DATA ||| COMMERCIAL INFORMATION\n\nIP ADDRESS EMAIL ADDRESS NAME (FIRST AND LAST) MAILING ADDRESS UIDV2.0 PHONE NUMBER COOKIES, COOKIE IDS, AND OTHER SIMILAR ONLINE IDS= ||| AGE GENDER LANGUAGE EDUCATION EMPLOYMENT ETHNICITY HOMEOWNER HOUSEHOLD INCOME AND SIZE EMPLOYMENT RELATED INFORMATION INDUSTRY MARITAL STATUS PRESENCE AND NUMBER OF CHILDREN TIMEZONE ||| LATITUDE LONGITUDE TIMESTAMP COUNTRY CODE ADDRESS ALTITUDE SSID/WIFI ACCELEROMETER ||| DEVICE CHARACTERISTICS APP INSTALL DATA SITE VISITATION DATA TIMESTAMP PRIVACY SIGNALS AMBIENT SIGNALS ||| PURCHASE & TRANSACTION DATA",Categories of Personal Information Collected
33551,DB_224,"Under the California Consumer Privacy Act or CCPA and the new CPRA, California residents have certain rights regarding their personal information, including:\n\nThe right to know the categories of personal information we’ve collected about them and the categories of sources from which we got the information (see section A – The Types of Personal information collected and section C – Data Collected Through Third Parties);\nThe right to know the business purposes for which we’ve shared their personal information (see section B – Use of Personal Information);\nThe right to know the categories of third parties with whom we’ve shared their personal information (see section H – Share Information We Collect);",Description of Right to Know PI sold / shared
33553,DB_224,"The right to access the specific pieces of their personal information we’ve collected and to request that we delete personal information, subject to certain exceptions (see below",Description of Right to Know PI sold / shared
33556,DB_224,CPRA added the right to correct inaccurate personal information,Description of Right to Correct Information
33557,DB_224,CPRA added the right to limit the use and disclosure of sensitive personal information.,Description of Right to Limit use of PI
33576,DB_224,This cookie is used to check language of site.,Categories of Personal Information Collected
33578,DB_224,"You can find more information about (a) what we collect and sources of that information, (b) the business and commercial purposes for collecting that information,",Description of Right to Know PI Collected
33579,DB_224,"the business and commercial purposes for collecting that information, and (c) the categories of third parties with whom we share that information within the sections above.",Description of Right to Know PI sold / shared
33580,DB_224,The right to know the categories of personal information we’ve collected about them and the categories of sources from which we got the information (see section A – The Types of Personal information collected and section C – Data Collected Through Third Parties);,Description of Right to Know PI Collected
33584,DB_224,"To exercise the access, opt-out, do not sell and deletion rights described above, you may submit a verifiable consumer request to us by either:",Description of Right to Opt-out of sale of PI
33585,DB_224,"Retention and Deletion of Data\n\nWe will only retain your personal information for as long as necessary to fulfil the purpose we collected it for including the purposes of satisfying any legal, accounting, or reporting requirements.",Categories of Personal Information Collected
33662,DB_225,Your Right to Opt-Out\nYou have the right to opt out of Lightcast selling your personal information at any time.,Description of Right to Opt-out of sale of PI
33664,DB_225,"Your Other Rights Under the CCPA\nUnder the California Consumer Privacy Act, you have the following rights with respect to your data we collect:\n\nThe right to request what personal information (or what categories of personal information) of yours we have collected, used, disclosed, and sold within the 12 months preceding your request.",Description of Right to Know PI Collected
33665,DB_225,"Your Other Rights Under the CCPA\nUnder the California Consumer Privacy Act, you have the following rights with respect to your data we collect:\n\nThe right to request what personal information (or what categories of personal information) of yours we have collected, used, disclosed, and sold within the 12 months preceding your request.\n\n",Description of Right to Know PI sold / shared
33696,DB_225,"To opt-out of Google Analytics, visit https://tools.google.com/dlpage/gaoptout to install the browser add-on.\n\nPlease note that installing the Google Analytics opt-out browser add-on will only disable the use of Google Analytics and will not prevent data from being sent to the website itself or to other web analytics services.\n\nCustomer Organizations\nIf you use the Career Coach or Skills Match products, we will disclose your personal information to the Organization through which you are using the product.",Categories of Personal Information Shared / Disclosed
33707,DB_226,"CoStar Email Advertising Products\n\nAuction Marketing, First Rate, Investment Development and Third Party Advertising: We collect Personal Information from individuals whose details are on our Propex and Shopproperty database and who are most likely to be either a commercial or private investor.\nSecondary Corporate Marketing: We collect Personal Information from individuals whose details are on our Shopproperty or Propex databases.\nWeekly Property Marketing: We collect Personal Information from individuals whose details are on our Propex database and who are most likely to be either a commercial or private investor.\nRetail: We collect Personal Information from individuals whose details are on our Shopproperty database and who will be either commercial or private individuals.",Categories of Personal Information Collected
33754,DB_226,"If a material change will apply to Personal Information we have already collected, including any new purposes for which the Personal Information will be used or disclosed to which you have not previously consented, we will additionally seek your affirmative consent.",Updated Privacy Policy
33755,DB_226,"CoStar Information and Analytics\n\nThrough our CoStar information services (CoStar Property Professional®, CoStar COMPS Professional®, CoStar Tenant®, CoStar Suite® with Market Analytics, CoStar News, CoStar Connect®, Professional Directory™, CoStar Marketing Center™, CoStar Mobile™, CoStar Go®, CoStar Lease Analysis®, CoStar Lease Comps™, CoStar Property and CoStar For Sale™, Metropolis™) and analytics services (CoStar Portfolio Strategy™ and Investment Analysis™), we may additionally collect:\n\nCountry code, location name, and contact ID for CoStar News recipients\nBusiness history, investor type, prior companies, credentials, and phone call recordings related to agents that list properties for lease or sale through CoStar Suite® (“Listing Brokers”)\nPhone call and video conference recordings\nCoStar Brokerage Applications\n\nThrough CoStar Brokerage Applications, we may additionally collect information about deal commissions, compensation, and broker performance.\n\nSTR\n\nThrough our STR research services, we may where permitted by local laws and regulations collect additional information such as your gender, age, household income, post code, residency, presence of children in the household, highest level of education, race/ethnicity, and occupation to achieve our research objectives.\n\nThomas Daily\n\nThrough Thomas Daily, we may additionally collect contact history, company change, and conversation notes in connection with the TD Premium database service.\n\nCalifornia Residents\n\nWe collect Personal Information as defined by the California Consumer Privacy Act, which is information that identifies, relates to, describes, is reasonably capable of being associated with, or could reasonably be linked, directly or indirectly, with a particular consumer or household.",Categories of Personal Information Sold
33786,DB_226,"Note that if you make any Personal Information publicly available on the Services, anyone may see and use such information.",Categories of Personal Information Shared / Disclosed
33802,DB_226,"Requests to Know\n\nYou have the right to request that we disclose the following information:\n\nSpecific pieces of Personal Information CoStar has collected about you;\nCategories of Personal Information CoStar has collected about you, disclosed about you for a business purpose, or sold;\nCategories of sources from which the Personal Information is collected;\nCategories of third parties with whom CoStar shares or to whom CoStar sells Personal Information; and\nThe business or commercial purpose for collecting and selling and sharing Personal Information.",Description of Right to Know PI Collected
33805,DB_226,This Global Privacy Notice may be updated periodically to reflect changes in our privacy practices.\n\nWe will post changes on this page and identify the date the privacy notice was last revised at the top of the page.,Updated Privacy Policy
33827,DB_226,request that CoStar correct inaccurate or incomplete Personal Information,Description of Right to Correct Information
33835,DB_226,“Shine the Light” Request\n\nCalifornia residents may also have the right to request certain information regarding our disclosure of Personal Information to third parties for their direct marketing purposes.,Description of Right to Know PI sold / shared
33898,DB_227,he NAI provides educational content and opt-out tools to help Internet users learn about and address online behavioral marketing practices.,Description of Right to Opt-out of sale of PI
33899,DB_227,"Through the NAI's online options, you may opt out of particular NAI network members' behavioral advertising programs or you may opt out of all NAI network members' programs.",Description of Right to Opt-out of sale of PI
33972,DB_227,"Access, Correction, and Deletion \nTo help ensure data quality and accuracy, Dun & Bradstreet provides businesses organizations and business professionals with authorized access to information about their business and their professional contact information within the D&B databases and with an opportunity to review such information, correct verified inaccuracies, or delete any personal information within such business information if required by law",Description of Right to Correct Information
33976,DB_227,"MDR Products and Services\nTo help ensure data quality and accuracy, MDR Products and Services provides businesses, organizations, and professionals with access to their business information within MDR Products and Services’ databases and with an opportunity to correct verified inaccuracies",Description of Right to Correct Information
33993,DB_227,"Making CCPA Requests Over the Phone \nIf you would like to exercise your CCPA rights over the phone, please call us at 1-855-549-8900 and clearly state that you are a resident of the state of California and wish to exercise your CCPA rights.",Methods to exercise rights
34048,DB_227,"We collect personal information from website visitors and when you purchase products and services, apply for Dun & Bradstreet D-U-N-S® Numbers; subscribe to email newsletters and alerts, fill out a form to request additional information; participate in Community Forums; enter a contest; fill out a survey; access video content; receive free incentives.",Categories of Personal Information Sold
34137,DB_227,"The business or commercial purpose for selling personal information. ||| 1: Market Data Retrieval (MDR Products and Services), a Dun & Bradstreet (D&B) division, is the leading U.S. provider of marketing information and services for the K-12, higher education, library, early childhood, and related education markets.",Categories of Personal Information Sold
34139,DB_227,"Effective Date of this Privacy Notice: October 4, 2022.",Updated Privacy Policy
34160,DB_227,"To help ensure data quality and accuracy, MDR Products and Services provides businesses, organizations, and professionals with access to their business information within MDR Products and Services’ databases and with an opportunity to correct verified inaccuracies.",Description of Right to Correct Information
34170,DB_227,Refer to the additional details on these exceptions below.,Description of Right to Delete
34207,DB_227,The categories of third parties with whom we share personal information ||| The business or commercial purpose for sharing such personal information,Categories of Personal Information Shared / Disclosed
34266,DB_228,You may also click the unsubscribe link in the footer of any email.,Methods to exercise rights
34270,DB_228,Please note that we may disclose personal information that we collect about you when required by law or in the good faith belief that such action is necessary in order to comply with the law or legal process.,Categories of Personal Information Shared / Disclosed
34281,DB_228,California residents also have the right to request information about our sale or disclosure for business purposes of personal information to third parties,Description of Right to Know PI Collected
34289,DB_228,Policy Changes\nWe may modify this policy at any time by posting the modified terms on this page with an updated “Last Updated” date.,Updated Privacy Policy
34304,DB_228,We strive to maintain the accuracy of the information collected through the Web Site.,Description of Right to Know PI Collected
34306,DB_228,"Similarly, we permit and encourage you to correct inaccuracies in the information you submit to us through our Web Site.",Description of Right to Correct Information
34322,DB_228,The access and correction provisions of this Privacy Policy only apply to personal information collected from you through our Web Site referenced in the opening paragraph of this Privacy Policy.,Description of Right to Delete
34326,DB_228,"Additionally, California Civil Code Section 1798.83 permits visitors to our Web Site who are California residents to request certain information regarding our disclosure of personal information to third parties for their direct marketing purposes.",Description of Right to Know PI sold / shared
34381,DB_229,Changing or Deleting Your Information\n\nYou may update or correct information about yourself by making changes to your profile by emailing us at compliance@gbgplc.com,Description of Right to Correct Information
34389,DB_229,California users may request further information about our compliance with this law by contacting us via our webform or by writing to us at the address listed in the “How to Contact Us” section.,Methods to exercise rights
34391,DB_229,We will not reduce your rights under this Privacy Policy without your explicit consent.,Updated Privacy Policy
34396,DB_229,"You have the right to request that we delete Personal Data that we have collected from you, subject to certain exceptions.",Description of Right to Delete
34397,DB_229,Right to Correct.You have a right to request that we correct inaccurate Personal Data that we maintain on you.,Description of Right to Correct Information
34398,DB_229,Right to Opt Out.You have the right to opt out of the sale of your Personal Data.,Description of Right to Opt-out of sale of PI
34428,DB_229,"Sale of Personal Data\nSale of Personal Data\nUnder the California Consumer Privacy Act, you have the right to opt-out of the sale of your personal information to third parties.",Description of Right to Opt-out of sale of PI
34430,DB_229,ou may exercise your right to opt out of the sale of personal information by using this toggle switch,Methods to exercise rights
34436,DB_229,They help us to know which pages are the most and least popular and see how visitors move around the site.,Categories of Personal Information Collected
34472,DB_229,"For employees, we would collect this for standard and/or legally",Categories of Personal Information Collected
34499,DB_229,"We may dispute such demands when we believe, in our discretion, that the requests are overbroad, vague or lack proper authority, but we do not promise to challenge every demand.\n\nBusiness Transfers.",Categories of Personal Information Shared / Disclosed
34554,DB_230,California Civil Code Section 1798.83 permits California residents to request certain information regarding our disclosure of Personal Data to third parties for their direct marketing purposes.,Description of Right to Know PI sold / shared
34601,DB_230,"Last Updated: January 31, 2023",Updated Privacy Policy
34622,DB_230,"To request the disclosure of the business purpose for collecting or selling Personal Data; the categories of third parties with whom it is shared, and the categories of sources from which Personal Data is collected;",Description of Right to Know PI sold / shared
34626,DB_230,The specific pieces of Personal Data collected about you.,Description of Right to Know PI Collected
34628,DB_230,The categories of Personal Data we have sold or disclosed for a business purpose;,Description of Right to Know PI sold / shared
34658,WS_1,Limit the Use or Disclosure of Sensitive Personal Information.,Description of Right to Limit use of PI
34659,WS_1,You have the right to request that we limit our use or disclosure of Sensitive Personal Information (as defined by California law) about you to certain uses authorized by the CCPA.,Description of Right to Limit use of PI
34665,WS_1,"If you choose to exercise any of your rights, you have the right not to receive, and will not receive, discriminatory treatment by us.",Description of Right to Non-discrimination on exercising rights
34674,WS_1,"Internet and Other Electronic Network Activity Information: including, but not limited to, browsing history, search history, and information regarding your interaction with websites, applications or advertisements",Categories of Personal Information Sold
34680,WS_1,"How to Submit a Request\nSubmit an access request, or call us at 1-888-BEST BUY (1-888-237-8289).\nThe report you receive containing personal information we have on file will provide instructions on how to pursue correction of applicable information.\nSubmit a deletion request, or call us at 1-888-BEST BUY (1-888-237-8289).",Methods to exercise rights
34695,WS_1,"To the extent permitted by applicable law, we may charge a reasonable fee to comply with your request.",Description of Right to Non-discrimination on exercising rights
34786,WS_2,"If you are a Business Member in California and you do not want us to provide this information, you can contact us using the methods described in the “Your Privacy Choices” section below.\nCorporate transactions.",Categories of Personal Information Shared / Disclosed
34815,WS_2,Right to Restrict Use of Sensitive Personal Information\n\nCalifornia residents have the right to request that a business limit its processing of sensitive personal information under certain circumstances.,Description of Right to Limit use of PI
34816,WS_2,Right to Non-Discrimination\n\nYou have a right not to receive discriminatory treatment for the exercise of your privacy rights.,Description of Right to Non-discrimination on exercising rights
34858,WS_2,"Product improvement, development and research.",Categories of Personal Information Collected
34901,WS_2,Information you provide directly,Categories of Personal Information Sold
34902,WS_2,"When you visit our internet-based Services or use our apps, our web servers automatically log your Internet Protocol (IP) address and information about your device, including unique device identifiers (such as MAC address); device type; and your device’s operating system and version, browser type and language, and other software including type, version, language, settings, and configuration, and mobile network information",Categories of Personal Information Sold
34906,WS_2,You can opt out of receiving promotional materials from Costco by:,Description of Right to Opt-out of sale of PI
34910,WS_2,Calling Membership Services at 1-800-774-2678;,Methods to exercise rights
34974,WS_2,Submitting a request to opt out through Your Privacy Choices and/or opting out of digital trackers will not stop the use of previously disclosed personal information or stop all interest-based advertising.,Description of Right to Opt-out of sale of PI
34976,WS_2,California residents have the right to request that a business limit its processing of sensitive personal information under certain circumstances.,Description of Right to Limit use of PI
34978,WS_2,Provide goods or services requested by you or as reasonably expected;,Description of Right to Limit use of PI
34979,WS_2,"To prevent, detect, and investigate security incidents or otherwise protect our business or systems from fraud or other illegal activities; and to pursue legal action against parties involved in such activities;",Description of Right to Limit use of PI
34980,WS_2,"For short term, transient use to personalize your experience with our Services; and",Description of Right to Limit use of PI
34982,WS_2,"Accordingly, Costco does not offer an option to limit further processing of Sensitive Personal Information.",Description of Right to Limit use of PI
34993,WS_2,"If we make material changes to the Privacy Notice, we will provide notice or obtain consent regarding such changes as may be required by law.",Updated Privacy Policy
35031,WS_2,"However, Costco processes sensitive personal information only as permitted by California law and only to:\nProvide goods or services requested by you or as reasonably expected;\nTo prevent, detect, and investigate security incidents or otherwise protect our business or systems from fraud or other illegal activities; and to pursue legal action against parties involved in such activities;\nFor short term, transient use to personalize your experience with our Services; and\nTo ensure physical safety of our customers, guests, employees, and vendor personnel\nAccordingly, Costco does not offer an option to limit further processing of Sensitive Personal Information.",Description of Right to Limit use of PI
35119,WS_3,"Note that there are some reasons we will not be able to fully address your request, such as if we need to complete a transaction for you, to detect and protect against fraudulent and illegal activity, to exercise our rights, for our internal purposes, or to comply with a legal obligation.",Description of Right to Delete
35123,WS_3,"How to Submit a Request\n\nTo take advantage of the privacy rights available to you based on your state of residence, please click here or visit the How to Contact Us section below for additional information on how to contact us.",Methods to exercise rights
35143,WS_3,"""Categories of Personal Information Disclosed\n\nIn the last 12 months, we have disclosed the following categories of """"personal information"""" for a """"business purpose"""" to support the purposes for which Kohl’s uses personal information described above under “How We Use Your Personal Information” (such as with our service providers who are restricted from using your personal information outside the scope of their services for us):\n\nIdentifiers;\nCharacteristics of protected classifications under California or Federal law;\nCommercial or Payment Information;\nEvent Information;\nInternet or other electronic network activity information;\nGeolocation information;\nAudio, electronic, visual, thermal, olfactory, or similar information;\nInferences drawn from the above; and\nSensitive personal information.\nThe categories of service providers to whom we disclose this information may include billing service providers, email/SMS service providers, customer service and intelligence platforms, campaign optimization service providers, cloud storage providers, network security and fraud protection services, and CCTV providers.""",Categories of Personal Information Shared / Disclosed
35220,WS_3,We may disclose your information in the following ways:,Categories of Personal Information Shared / Disclosed
35252,WS_3,"At your direction, we may also disclose your Personal Information such as commercial or payment information to facilitate your purchase and participation in a loyalty program at a branded store within our Stores, such as Sephora at Kohl’s.",Categories of Personal Information Shared / Disclosed
35324,WS_4,"In such cases, we aggregate the data before we use or share it with our business customers and service suppliers, which means that we group the information so that it does not identify you personally.",Categories of Personal Information Shared / Disclosed
35334,WS_4,For more details about how your information may be shared for advertising and marketing see Privacy Choices and Controls.,Categories of Personal Information Sold
35347,WS_4,"This also applies in the unlikely event of an insolvency, bankruptcy or receivership.\n\nWe may update this Policy as necessary to reflect changes we make and to satisfy legal requirements.",Updated Privacy Policy
35371,WS_4,We are also committed to ensuring that you know what information we share about you.,Description of Right to Know PI sold / shared
35374,WS_4,Your Right to Request Correction of Inaccurate Personal Information\n\nYou may request that we correct inaccurate Personal Information we have about you.,Description of Right to Correct Information
35375,WS_4,"When you request that we correct inaccurate information, we will ask you to provide documentation supporting the accuracy of the Personal Information that is the subject of your request, and in doing so we will evaluate the totality of the data relating to the contested Personal Information.",Description of Right to Correct Information
35381,WS_4,We Don’t Mind If You Exercise Your State Data Rights\n\nWe are committed to providing you with control over your Personal Information.,Description of Right to Non-discrimination on exercising rights
35388,WS_4,We truly value your business.,Updated Privacy Policy
35419,WS_4,"California customers have the right, in certain circumstances, to request information about whether a business has disclosed Personal Information to any third parties for their direct marketing purposes",Description of Right to Know PI sold / shared
35434,WS_4,Categories of companies we’ve shared with: Cloud storage companies Credit reporting agencies Fraud prevention and authentication/identity verification entities Analytics companies Research entities ||| Purpose for sharing: Data storage Credit scoring and reporting Fraud prevention/ identity verification Analytics and measurement Research,Categories of Personal Information Shared / Disclosed
35452,WS_4,Categories: Biometric information ||| Collected or created: Collected ||| Categories of companies we’ve shared with: Fraud prevention and authentication/identity verification entities ||| Purpose for sharing: Fraud prevention/identity verification ||| Purpose for selling: Not sold,Categories of Personal Information Sold
35475,WS_4,"Your Right To Ask Us Not To Sell or Share Your Personal Information, and Your Right To Ask Us to Limit The Use Of Your Sensitive Personal Information",Description of Right to Limit use of PI
35496,WS_5,"Effective date: October 10, 2023",Updated Privacy Policy
35535,WS_5,"If you provide personal data to any of those third parties, or allow us to share personal data with them, that data is governed by their privacy statements.\n\nFinally, we may share de-identified information in accordance with applicable law.",Categories of Personal Information Shared / Disclosed
35537,WS_5,"For example, we use them to (i) keep you logged in, (ii) remember your preferences, (iii) identify your device for security and fraud purposes, including as needed to maintain the integrity of our Service, (iv) compile statistical reports, and (v) provide information and insight for future development of GitHub.",Categories of Personal Information Collected
35559,WS_5,"For other changes to this Privacy Statement, we encourage Users to watch or to check our Site Policy repository frequently.",Updated Privacy Policy
35560,WS_5,"""To learn how to watch a repository, see """"Configuring notifications.""""""",Updated Privacy Policy
35589,WS_5,"Public information\nYou may select options available through our Service to publicly display and share your name and/or username and certain other information, such as your profile, demographic data, content and files, or geolocation data.",Categories of Personal Information Shared / Disclosed
35593,WS_5,"Affiliates\nWe enable access to personal data across our subsidiaries, affiliates, and related companies, for example, where we share common data systems, when affiliates provide services on our behalf, or where access is needed to operate and provide the Service.",Categories of Personal Information Shared / Disclosed
35602,WS_5,"How do we and our partners use cookies and similar technologies?\nThe GitHub Services use cookies and similar technologies for a variety of purposes, including to store your preferences and settings, enable you to sign-in, analyze how our Services perform, track your interaction with the Services, develop inferences, combat fraud, and fulfill other legitimate purposes.",Categories of Personal Information Collected
35683,WS_5,correct your personal data,Description of Right to Correct Information
35684,WS_5,restrict the use and disclosure of your sensitive data,Description of Right to Limit use of PI
35718,WS_5,"Purposes of Processing: Transact commerce; process transactions; fulfill orders; provide our Services; help, secure, and troubleshoot; and detect and prevent fraud ||| Recipients: Service providers and user-directed entities",Categories of Personal Information Shared / Disclosed
35743,WS_6,"The activity information we collect may include:\n\nTerms you search for\nVideos you watch\nViews and interactions with content and ads\nVoice and audio information\nPurchase activity\nPeople with whom you communicate or share content\nActivity on third-party sites and apps that use our services\nChrome browsing history youâ€™ve synced with your Google Account\nIf you use our services to make and receive calls or send and receive messages, we may collect call and message log information like your phone number, calling-party number, receiving-party number, forwarding numbers, sender and recipient email address, time and date of calls and messages, duration of calls, routing information, and types and volumes of calls and messages.\n\nYou can visit your Google Account to find and manage activity information thatâ€™s saved in your account.\n\n\nGo to Google Account\n\nYour location information\n\nWe collect information about your location when you use our services, which helps us offer features like driving directions, search results for things near you, and ads based on your general location.\n\nYour location can be determined with varying degrees of accuracy by:\n\nGPS and other sensor data from your device\nIP address\nActivity on Google services, such as your searches and places you label like home or work\nInformation about things near your device, such as Wi-Fi access points, cell towers, and Bluetooth-enabled devices\nThe types of location data we collect and how long we store it depend in part on your device and account settings.",Categories of Personal Information Collected
35791,WS_6,Many of these laws also provide the right to opt out of certain forms of profiling and targeted advertising.,Description of Right to Opt-out of sale of PI
35792,WS_6,They also provide the right to not be discriminated against for exercising these privacy rights.,Description of Right to Non-discrimination on exercising rights
35808,WS_6,"Parties with whom information may be disclosed\nOther people with whom you choose to share your information, like docs or photos, and videos or comments on YouTube.\n\nThird parties with your consent, such as services that integrate with Googleâ€™s services.",Categories of Personal Information Shared / Disclosed
35849,WS_6,"We share information about the number and type of requests we receive from governments in our Transparency Report.\nEnforce applicable Terms of Service, including investigation of potential violations.\nDetect, prevent, or otherwise address fraud, security, or technical issues.\nProtect against harm to the rights, property or safety of Google, our users, or the public as required or permitted by law.",Categories of Personal Information Shared / Disclosed
35874,WS_6,"You can browse by date and by topic, and delete part or all of your activity.",Description of Right to Delete
35892,WS_6,and to request that Google delete that information,Description of Right to Delete
35947,WS_7,"If we are going to disclose your personal information in response to legal process, we will give you notice so you can challenge it (for example by seeking court intervention), unless we are prohibited by law or believe doing so may endanger others or cause illegal conduct.",Categories of Personal Information Shared / Disclosed
35968,WS_7,"(3) opt out of any sales of your personal information, if we engage in that activity in the future,",Description of Right to Opt-out of sale of PI
35971,WS_7,We will not discriminate against you if you exercise your rights under the CCPA.,Description of Right to Non-discrimination on exercising rights
35984,WS_7,"To exercise your rights:\n\nIf you sign up for a Medium account, you may at any time request an export of your personal information from the Settings page, or by going to Settings and then selecting Account within our app.\nYou may correct information associated with your account from the Settings page, or by going to Settings and then selecting Account within our app, and the Customize Your Interests page to update your interests.\nYou may withdraw consent by deleting your account at any time through the Settings page, or by going to Settings and then selecting Account within our app (except to the extent Medium is prevented by law from deleting your information).\nYou may object at any time to the use of your personal data by contacting privacy@medium.com.",Methods to exercise rights
36012,WS_8,"We may receive information when you view content on or otherwise interact with our products and services, even if you have not created an account or are signed out, such as:\n\nIP address and related information; browser type and language; operating system; the referring webpage; access times; pages visited; location; your mobile carrier; device information (including device and application IDs); search terms and IDs (including those not submitted as queries); ads shown to you on X; X-generated identifiers; and identifiers associated with cookies.",Categories of Personal Information Collected
36050,WS_8,"For video content, you can adjust your autoplay settings if you prefer that content not to play automatically.\n\nThrough our APIs.",Categories of Personal Information Shared / Disclosed
36060,WS_8,With the general public.,Categories of Personal Information Shared / Disclosed
36071,WS_8,"We collect information from and about the devices you use to access X, including:\n\nInformation about your connection, such as your IP address, browser type, and related information.\nInformation about your device and its settings, such as device and advertising ID, operating system, carrier, language, memory, apps installed, and battery level.\nYour device address book, if you’ve chosen to share it with us.",Categories of Personal Information Collected
36092,WS_8,You can learn more about the information we have collected or inferred about you in Your X Data and request access to additional information here.,Description of Right to Know PI Collected
36154,WS_9,Clients\n\nWe share your personal information with our clients in connection with us processing your personal information on their behalf.,Categories of Personal Information Sold
36174,WS_9,"The Company also “sells/shares” personal information with third parties to facilitate other advertising to you by us and others, such as for data enrichment, audience matching, and analytics services. \n\nIn the last twelve (12) months, we have ”sold”/“shared” the following categories of personal information to third parties, including to advertising and marketing partners and data analytics providers: \n\nIdentifiers\n\nCharacteristics protected under California or federal law\n\nCommercial information\n\nInternet or other electronic network activity information\n\nGeolocation data, including precise geolocation\n\nInferences\n\nPlease review the “Information Sharing and Disclosure” section for more detail about the parties with whom we have shared personal information in the past 12 months.",Categories of Personal Information Sold
36193,WS_9,"You have the right to limit the use or disclosure of your sensitive personal information to only the uses necessary for us to provide our Products and Services to you, or for certain other authorized purposes.",Description of Right to Limit use of PI
36194,WS_9,We will not use or disclose your sensitive personal information after you have exercised your right unless you subsequently provide consent for the use of your sensitive personal information for additional purposes.,Description of Right to Limit use of PI
36195,WS_9,You have the right to request the correction of your inaccurate personal information.,Description of Right to Correct Information
36199,WS_9,"Notice of Right to Opt-Out\n\nAs described in Section 13(d) above, the Company “sells/shares” personal information as defined by the CCPA .",Description of Right to Opt-out of sale of PI
36238,WS_9,people (or people similar to people) who have visited our Services or are identified in one or more of our databases (“Matched Ads”).,Categories of Personal Information Shared / Disclosed
36249,WS_9,Analytics and Advertising Tracking Technologies\n\nYou may exercise choices regarding the use of cookies from Google Analytics by going to https://tools.google.com/dlpage/gaoptout and downloading the Google Analytics Opt-out Browser Add-on.,Description of Right to Opt-out of sale of PI
36272,WS_9,You have the right not to receive discriminatory treatment for the exercise of the privacy rights described above,Description of Right to Non-discrimination on exercising rights
36285,WS_9,California residents also have the right not to receive discriminatory treatment by us for the exercise of your privacy rights under the CCPA.,Description of Right to Non-discrimination on exercising rights
36330,WS_10,"These service providers have access to personal information that is necessary to perform their functions, and are prohibited from using your personal information for any other purpose.\n\nCorporate Affiliates\n\nWe may share personal information with our corporate affiliates and subsidiaries, who process personal information on our behalf as our vendor, where necessary to provide a product or service that you have requested or in other circumstances with your consent or as permitted or required by law.\n\nBusiness and Advertising Partners\n\nWe may share personal information with our business partners, which may include information shared for the purposes of marketing or interest-based advertising.",Categories of Personal Information Shared / Disclosed
36339,WS_10,This Privacy Statement describes our data handling practices for the 12 months prior to the date on which it was last updated.,Updated Privacy Policy
36354,WS_10,Right to Correct\n\nYou have the right to request the correction of any Personal Information we maintain about you.,Description of Right to Correct Information
36355,WS_10,"Right to Opt Out of Selling or Sharing Your Personal Information\n\nYou have the right to opt out of the sale or sharing of your Personal Information, along with the right to opt in to the sale or sharing of such information.",Description of Right to Opt-out of sale of PI
36356,WS_10,"""We do not sell or share the Personal Information of consumers we actually know are less than 16 years of age, unless we receive affirmative authorization (the """"right to opt-in"""") from either the consumer who is less than 16 (but greater than 13) years of age, or the parent or guardian of a consumer less than 13 years of age.""",Description of Right to Opt-out of sale of PI
36408,WS_10,The CCPA allows you to request your information from us up to twice during a 12-month period.,Description of Right to Know PI Collected
36450,WS_10,"The categories of Personal Information we collected about you.\n\nThe categories of sources from which the Personal Information is collected.\n\nOur business or commercial purpose for collecting, selling, or sharing that Personal Information.",Description of Right to Know PI Collected
36455,WS_10,"""CALIFORNIA """"SHINE THE LIGHT""""\n\nUnder California Civil Code Section 1798.83 (""""Shine the Light""""), California residents have the right to request in writing from businesses with whom they have an established business relationship: (a) a list of the categories of personal information, as defined under Shine the Light, such as name, email address, and mailing address, and the type of services provided to the customer that a business has disclosed to third parties (including affiliates that are separate legal entities) during the immediately preceding calendar year for the third parties' direct marketing purposes; and (b) the names and addresses of all such third parties.""",Description of Right to Know PI sold / shared
36461,WS_11,Notice of your right to opt out of the “sale” or “share” of personal information,Description of Right to Opt-out of sale of PI
36468,WS_11,Most sensitive personal information that Indeed may collect and use from users falls within these categories.,Description of Right to Limit use of PI
36469,WS_11,More information about the data we collect can be found in our Privacy Policy.,Description of Right to Limit use of PI
36473,WS_11,Our mission remains to help you get jobs in the manner that you wish.,Updated Privacy Policy
36475,WS_11,Opt out of “selling” or “sharing” to third parties,Description of Right to Opt-out of sale of PI
36503,WS_12,"Your Right to Limit the Use of Sensitive Personal Information\nUnder the CCPA, you can limit a businessâ€™s use and disclosure of your sensitive personal information to certain purposes specified by law (e.g., providing you with services you request or preventing fraud, or for other purposes that donâ€™t involve deriving your attributes).",Description of Right to Limit use of PI
36506,WS_12,"Such discrimination may include denying services, charging different prices or rates for services, providing a different level or quality of services, or suggesting that you will receive a different level or quality of goods or services as a result of exercising your rights.",Description of Right to Non-discrimination on exercising rights
36510,WS_12,"Your Right to Correct Inaccurate Personal Information\nLike all of our members, you can edit much of your personal information through your LinkedIn account (such as your profile information).",Description of Right to Correct Information
36551,WS_14,"Updated on April 19, 2023",Updated Privacy Policy
36586,WS_14,"Your Personal Data may be disclosed to affiliates, contractors, service providers, and other third parties we use to support our business; any such use of Personal Data that includes protected health information will comply with our Notice of Privacy Practices. and any authorization you have provided.",Categories of Personal Information Shared / Disclosed
36592,WS_14,"For more information, see Choices About How We Use and Disclose Your Information;\nto enforce or apply our Terms of Use and other agreements, including for billing and collection purposes; and\nif we believe disclosure is necessary or appropriate to protect the rights, property, or safety of Mayo Clinic, our customers, or others.",Categories of Personal Information Shared / Disclosed
36618,WS_14,"To learn more about interest-based advertisements and your opt-out rights and options, visit the Digital Advertising Alliance and the Network Advertising Initiative (NAI) websites (www.aboutads.info and www.networkadvertising.org).",Description of Right to Opt-out of sale of PI
36620,WS_14,You can also review and change your Personal Data by logging into our site and visiting either the Settings or Account Preferences sections.,Description of Right to Know PI Collected
36644,WS_14,"For non-patient information, you can Contact Us through the Contact Information below to access and/or find out what information we have about you and to correct that information.",Methods to exercise rights
36646,WS_14,"We may not be able to accommodate your request if we believe it would violate any law or legal requirement or if we have a legal basis or obligation to maintain it, or if it would cause the information to be incorrect.",Description of Right to Delete
36647,WS_14,Mayo Clinic is a not for profit exempted from the California Consumer Privacy Act (CCPA).,Methods to exercise rights
36667,WS_15,"For more information about tracking methods on Times Services, and how to manage them, read our Cookie Policy and the What Are Your Rights and Choices? section below.\n\nThe categories of personal information we collect automatically include:\n\nIdentifiers and Device Information:\nWhen you visit our Services, including our websites, apps, email communications and newsletters, our servers automatically log information about the device you are using, including unique identifiers.",Categories of Personal Information Collected
36728,WS_15,"In the event of a reorganization, merger, sale, joint venture, assignment, transfer or other disposition of all or any portion of our business, assets or stock (including in connection with any bankruptcy or similar proceedings), we would have a legitimate interest in disclosing or transferring your information to a third party — such as an acquiring entity and its advisers.\n\nviii.",Categories of Personal Information Shared / Disclosed
36732,WS_15,"Your public activities could thus appear on other websites, blogs or feeds.",Categories of Personal Information Shared / Disclosed
36735,WS_15,Other Rights and Choices\n\nYou will not receive discriminatory treatment by us for the exercise of your privacy rights.,Description of Right to Non-discrimination on exercising rights
36744,WS_15,"Right to Limit Use and Disclosure of Sensitive Personal Information\n\nIf you are a California resident, effective January 1, 2023, you have a right to limit our use of sensitive personal information for any purposes other than to provide the services or goods you request or as otherwise permitted by law.",Description of Right to Limit use of PI
36745,WS_15,"To opt-out from such additional purposes, contact us via this form or by calling us at our toll-free number, 1-800-NYTIMES.",Methods to exercise rights
36747,WS_15,"How Are Changes to this Privacy Policy Communicated?\n\nWe are always improving our products and services, and we create new features regularly.",Updated Privacy Policy
36786,WS_15,We Allow You to Share User-Generated Content.\n\nAny information you disclose in your content becomes public — along with your chosen screen name and uploaded photo.,Categories of Personal Information Collected
36811,WS_15,"To the extent The New York Times Company “sells” your personal information (as the term “sell” is defined under the CCPA), you have the right to opt-out of that “sale” on a going-forward basis at any time. \n\nIf you’re a California resident, you have a right to opt-out from the “sale” or “sharing” of your personal information with third parties who are not our service providers (as those terms are defined under the California Consumer Privacy Act and the California Privacy Rights Act, or “CCPA” for short in this Policy).",Description of Right to Opt-out of sale of PI
36832,WS_15,(C) With Other Third Parties:\n\nThere are situations when we disclose your information to third parties beyond our service providers.,Categories of Personal Information Shared / Disclosed
36874,WS_16,Certain personal information qualifies as sensitive data or Sensitive PI under the U.S.,Description of Right to Limit use of PI
36877,WS_16,"If you are a California resident, you have the right to direct businesses to limit their use and disclosure of Sensitive PI if it is used or disclosed beyond certain internal business purposes.",Description of Right to Limit use of PI
36880,WS_16,"Right to Delete\nYou have the right to request that we delete any of your PI that we have collected directly from you, subject to certain exceptions which we will explain if they apply.",Description of Right to Delete
36882,WS_16,"In our response to your request to delete, we will tell you the method for deleting your PI.",Description of Right to Delete
36886,WS_16,Do Not Sell/Share/Target\nUnder the various U.S.,Description of Right to Opt-out of sale of PI
36900,WS_16,"For information regarding other categories of third parties to which we may sell/share your PI, see the table above in the PI COLLECTION, USE, AND DISCLOSURES section above.",Description of Right to Opt-out of sale of PI
36902,WS_16,"Right to Non-Discrimination; Incentive/Loyalty Programs\nYou have the right not to receive discriminatory treatment, in a manner prohibited by U.S.",Description of Right to Non-discrimination on exercising rights
36904,WS_16,"For a description of our current loyalty/incentive programs, including how to opt-in to or withdraw from such programs, and the basis for valuing your PI in connection with program benefits, click here.",Description of Right to Non-discrimination on exercising rights
36906,WS_16,"Additionally, any opt out instructions are available in the link above.",Description of Right to Non-discrimination on exercising rights
36912,WS_16,Right to Limit Sensitive PI Processing\nCertain personal information qualifies as sensitive data or Sensitive PI under the U.S.,Description of Right to Limit use of PI
36913,WS_16,"Where applicable, we will treat such a request as a revocation of any consent that you may have provided to your processing of Sensitive PI.",Description of Right to Limit use of PI
36918,WS_16,"State Privacy Laws, all of which at a minimum require providing or otherwise making available PI to a third party.",Description of Right to Opt-out of sale of PI
36959,WS_16,Right to Know - Specific Pieces\nYou have the right to request a transportable copy of the specific pieces of PI we collected about you.,Description of Right to Know PI Collected
36961,WS_16,"News Services, or otherwise, to Third-Party Digital Businesses could be deemed a Sale and/or Sharing and could implicate Targeted Advertising under some state laws",Description of Right to Opt-out of sale of PI
36973,WS_17,Sharing and sale of personal information and right to opt out\n\n \n\nThe CCPA requires companies to include certain disclosures relating to your right to opt out of “sale” or “sharing.” We do not sell information that identifies who you are to anyone and we do not knowingly sell the personal information of consumers under 16 years of age.,Categories of Personal Information Sold
36980,WS_17,Right to restrict use of Sensitive Personal Information\n \n\nCalifornia residents have the right to request that we restrict our use of Sensitive Personal Information.,Description of Right to Limit use of PI
36982,WS_17,Right to information regarding participation in data sharing for financial incentives\n\n \n\nWe may run promotions from time to time and ask you to share personal information with us in exchange for discounts.,Description of Right to Non-discrimination on exercising rights
36984,WS_17,"If you change your mind, you will always be able to opt out, and if you don’t participate, you will still be able to use our Services.",Description of Right to Non-discrimination on exercising rights
36986,WS_17,"As a California resident, you have a right not to receive discriminatory treatment for the exercise of your privacy rights.",Description of Right to Non-discrimination on exercising rights
37015,WS_17,"There may be information we will not return in response to your access request, such as information that would affect the privacy of others or interfere with legal requirements.",Description of Right to Know PI Collected
37061,WS_18,"Target Corporation subsidiaries and affiliates include, but are not limited to Shipt, Inc.\n\nCard Issuing Bank\nWe may share the information we collect with our banking partner, TD Bank USA N.A., which issues the Target MasterCard and Target Credit Card.\n\nService Providers\nWe may share the information we collect with companies that provide support services to us (such as printers, email providers, mobile marketing services, analytics providers, web hosting providers, call center/chat providers, sweepstakes vendors, payment processors, coupon delivery vendors, data enhancement services, fraud prevention providers or shipping services providers, including product vendors) or that help us market our products and services.",Categories of Personal Information Shared / Disclosed
37069,WS_18,Other Businesses Products and Services\nWe allow other businesses to make their products or services available to our Guests (e.g.,Categories of Personal Information Sold
37118,WS_18,"Please contact these third-party companies (e.g., Google) directly for more information about their privacy policy and your choices regarding the tags and the information collected by the tags.",Categories of Personal Information Collected
37124,WS_18,"Examples of the data collected include: cookie IDs, device advertising IDs, transaction and browsing history, your interaction with our online and mobile advertisements, including advertisements we serve within our emails and advertisements that we serve on behalf of third parties through Roundel, Target’s in-house media company; information about ads we serve, such as which ad was served, your interactions with the ads, and the URLs where the ads are served by marketing partners such as Google.",Categories of Personal Information Collected
37142,WS_18,"California Shine the Light\nIf you are a California resident and have an established business relationship with us, you can request a notice disclosing the categories of personal information we have shared with third parties, for the third parties’ direct marketing purposes, during the preceding calendar year.",Description of Right to Know PI sold / shared
37219,WS_19,Right to Non-Discrimination: We will not discriminate against you for exercising any of your California Consumer Privacy Act rights.,Description of Right to Non-discrimination on exercising rights
37259,WS_19,You have the right to correct the personal data we hold about you.,Description of Right to Correct Information
37263,WS_19,"If you would like to exercise any of your rights specified above, please email dataprotection@theguardian.com or write to the Data Protection Officer at Guardian News & Media Limited, Kings Place, 90 York Way, London N1 9GU.",Methods to exercise rights
37267,WS_19,Changes to this privacy policy to date\n\nThe most recent changes to this privacy policy were made on:\n\n13 July 2023,Updated Privacy Policy
37401,WS_20,"When we do, we will communicate updates to this Privacy Statement by posting the updated Statement on this page with a new “Last Updated” date.",Updated Privacy Policy
37402,WS_20,"For a printable copy of this Privacy Statement, please go to www.adp.com/-/media/adp/privacy/pdf/ccpaps_en.pdf.",Updated Privacy Policy
37501,WS_20,"Individual Rights of Access, Rectification and Objection\n\nIndividuals have the right to request a copy of the Personal Data maintained by or on behalf of ADP.",Description of Right to Know PI Collected
37502,WS_20,"Individual Rights of Access, Rectification and Objection",Description of Right to Correct Information
37561,WS_21,"\nAccess/Right to Know \nConsistent with applicable law, you may have the right to confirm in a portable and (if technically feasible) readily usable form, after making a verifiable request whether we are processing your personal information and, in some cases, to obtain certain personalized details about the personal information we have collected about you, including:\n\nThe categories of personal information collected;\nThe categories of sources of the personal information;\nThe purposes for which the personal information were collected;\nThe categories of personal information disclosed to third parties (if any), and the categories of recipients to whom the personal information were disclosed;\nThe categories of personal information shared for targeted advertising or CCBA purposes(if any), and the categories of recipients to whom the data were disclosed for those purposes; and\nThe categories of personal information sold (if any), and the categories of third parties to whom the data were sold.",Description of Right to Know PI Collected
37568,WS_21,"We may, however, share your personal information for targeted advertising consistent with applicable law and this privacy notice.",Description of Right to Limit use of PI
37619,WS_21,comply with requests from law enforcement or relevant data protection agencies;,Categories of Personal Information Shared / Disclosed
37697,WS_22,"CHANGES TO THIS POLICY \n\nWe reserve the right, at our discretion, to modify our privacy practices and update and make changes to this Privacy Policy at any time and without prior notice.",Updated Privacy Policy
37724,WS_22,Right to Correct: You have the right to correct inaccurate personal information we hold about you.,Description of Right to Correct Information
37727,WS_22,Right to opt-out of Sale or Sharing of Personal Information: You have the right to opt-out of the sale of your personal information or the sharing of your personal information for cross-context behavioral advertising purposes.,Description of Right to Opt-out of sale of PI
37737,WS_22,"If you limit the use, we'll only use your sensitive personal information as needed by law.",Description of Right to Limit use of PI
37745,WS_22,"Limit The Use Of My Sensitive Personal Information\nLimit The Use Of My Sensitive Personal Information\nSensitive personal information, such as your precise location, helps us show you offers, ads, and content you might be interested in.",Description of Right to Limit use of PI
37746,WS_22,"If you limit the use, we'll only use your sensitive personal information as needed by law.\nChewy today does not use your sensitive personal information but you can save this setting for future.",Description of Right to Limit use of PI
37747,WS_22,Modify your Sensitive Personal Information Preferences,Methods to exercise rights
37748,WS_22,"Right to Know/Access:\nIf you have a Chewy account, you can access the personal information Chewy has about you by logging into your Chewy Account.\nRegardless of whether you have a Chewy Account or not, you can request a report of the personal information Chewy has about you.",Description of Right to Know PI Collected
37750,WS_22,"Right to Correct:\nIf you have a Chewy account, you can access, update or correct the personal information Chewy has about you within your Chewy Account.",Description of Right to Correct Information
37764,WS_22,"If you choose to exercise any of your rights under the CCPA/CPRA, you have the right to not receive discriminatory treatment by us, though we may not be able to provide some services to you without such information.",Description of Right to Non-discrimination on exercising rights
37776,WS_22,"DATA RETENTION \n\nWe retain your information for the time period reasonably necessary to achieve the purposes described in this Privacy Policy, or any other notice provided at the time of collection, taking into account applicable statutes of limitation and records retention requirements under applicable law.",Categories of Personal Information Collected
37779,WS_22,"We may share your information with our affiliates and subsidiaries for business, operational, promotional, marketing or other purposes consistent with this Privacy Policy.",Categories of Personal Information Sold
37780,WS_22,"With your consent and at your direction, we may share your information with our business partners (such as veterinarians, pet insurers, and animal shelters) so they can provide you with the services that you request or that may interest you.",Categories of Personal Information Sold
37782,WS_22,Veterinary Care Providers or Pharmaceutical Product Manufacturers.,Categories of Personal Information Sold
37784,WS_22,Shine the Light Request: You also may have the right to request that we provide you with (a) a list of certain categories of personal information we have disclosed to third parties for their direct marketing purposes during the immediately preceding calendar year and (b) the identity of those third parties.,Description of Right to Know PI sold / shared
37909,WS_23,To exercise this right please use our right of access request form,Methods to exercise rights
37911,WS_23,"This right does not extend to matters of opinion; for example, moderation decisions we might make about your comments on our websites.",Description of Right to Correct Information
37925,WS_23,"The right to the deletion of their personal information that we have collected, subject to certain exceptions.",Description of Right to Delete
37989,WS_23,"If we hold information about you that is factually inaccurate (for example, we have spelled your name wrong) then you have the right to have it corrected.",Description of Right to Correct Information
38005,WS_23,"Where changes are material, we may also notify you of them by email.",Updated Privacy Policy
38043,WS_23,We may also run some competitions or prize draws for which we utilise your declared responses to build into our profile about you,Categories of Personal Information Collected
38072,WS_23,"""California Residents"""" Rights\nUnder the CCPA, California residents have the following rights (subject to certain limitations):\n\nTo opt out of sales.""",Description of Right to Opt-out of sale of PI
38073,WS_23,"We sell, as defined below, information to third parties to provide you with opportunities that may be of interest to you.\n\nUnder the CCPA, a sale may include the disclosure of information such as cookies and device or browser information to third parties.",Description of Right to Opt-out of sale of PI
38091,WS_24,"How to Submit a Request: To submit an access, correction, deletion, or Shine the Light request, please visit http://privacy.nba.com or call us at (866) 622-7674.",Methods to exercise rights
38202,WS_25,A right to correct Personal Information about you that is inaccurate,Description of Right to Correct Information
38205,WS_25,"You have the right to request that we delete any of Personal Information data that we collected from you and retained, subject to certain Exceptions (as listed below).",Description of Right to Delete
38208,WS_25,"Penal Code § 1546 et. seq.);\nto engage in public or peer-reviewed scientific, historical, or statistical research in the public interest that adheres to all other applicable ethics and privacy laws, when the information’s deletion may likely render impossible or seriously impair the research’s achievement, if you previously provided informed consent;\nto enable solely internal uses that are reasonably aligned with consumer expectations based on your relationship with us;\nto comply with a legal obligation; or\nto make other internal and lawful uses of that information that are compatible with the context in which you provided it (each an “Exception” and collectively, “Exceptions”).\n",Description of Right to Delete
38212,WS_25,We cannot respond to your request or provide you with Personal Information if we cannot verify your identity or authority to make the request and confirm the Personal Information relates to you.,Description of Right to Correct Information
38238,WS_25,Google's use of the DART cookie enables it and its partners to serve ads to you based on your visit to the Service and previous websites that you may have visited.,Categories of Personal Information Shared / Disclosed
38247,WS_25,"Opting out of collection of your information for Tracking / Advertising:\nPlease refer to your mobile device or browser’s technical information for instructions on how to delete and disable cookies, and other tracking/recording tools.",Description of Right to Opt-out of sale of PI
38259,WS_25,"Deletion request rights\nYou have the right to request that we delete any of Personal Information data that we collected from you and retained, subject to certain Exceptions (as listed below).",Description of Right to Delete
38261,WS_25,"to make other internal and lawful uses of that information that are compatible with the context in which you provided it (each an “Exception” and collectively, “Exceptions”).",Description of Right to Delete
38331,WS_26,Use of Google Analytics.,Categories of Personal Information Shared / Disclosed
38342,WS_26,Right to Non-Discrimination for the Exercise of Your Rights: We will not discriminate against you because you have exercised any of your rights under the CCPA.,Description of Right to Non-discrimination on exercising rights
38345,WS_26,"We do not sell, trade, or exchange the Registered Users’ personal information with anyone for money.",Categories of Personal Information Sold
38474,WS_27,Right to delete your personal information.,Description of Right to Delete
38482,WS_27,"If you request to delete your account, you can create a new account on our Platform at any time.",Description of Right to Non-discrimination on exercising rights
38497,WS_27,To know what personal information is collected,Description of Right to Know PI Collected
38501,WS_27,To limit the use of sensitive personal information,Description of Right to Limit use of PI
38604,WS_28,Support for end-to-end encryption requires Zoom Email users to have added a device to their Zoom Email account with the associated email address and to use a supported Zoom client.,Categories of Personal Information Collected
38638,WS_28,"Amend or correct such personal data or any previous privacy preferences you selected, or direct you to\napplicable tools; and/or",Description of Right to Correct Information
38652,WS_28,Correct personal data under certain circumstances;,Description of Right to Correct Information
38657,WS_28,You will need to set your preferences from each device and each web browser from which you wish to opt out.,Description of Right to Opt-out of sale of PI
38663,WS_28,"Under certain laws, residents may also be permitted to opt out of certain profiling relating to automated processing analyzing certain categories of an individual’s information that would produce a legal or similarly significant effect.",Description of Right to Limit use of PI
38705,WS_28,"Amend or correct such personal data or any previous privacy preferences you selected, or direct you to\napplicable tools;",Description of Right to Correct Information
38710,WS_28,Correct personal data under certain circumstances; and,Description of Right to Correct Information
38711,WS_28,"Zoom will not discriminate against you for exercising any of these rights, which is further in line with your rights under state law.",Description of Right to Non-discrimination on exercising rights
38800,WS_29,You may exercise these rights through the new Groupon Data Privacy Center or by sending an email to privacy@groupon.com,Methods to exercise rights
38810,WS_29,"We may disclose certain personal information in exchange for services, insights, or other valuable consideration.",Categories of Personal Information Sold
38814,WS_29,"In addition to the above rights, you can update or remove financial account information.",Description of Right to Correct Information
38817,WS_30,"For example, if you do not provide us with your email address or other information required for account registration, we will not be able to register you for certain account services.\n\nWe collect:\n\nIdentity Data\n\nWe collect information such as your username, password, email address, IP address (collected at each site visit).",Categories of Personal Information Collected
38897,WS_30,"Your data can only be used by Stack Overflow and will not be shared with other parties.\n\nMicrosoft Advertising\n\nWe use Microsoft services (e.g., Bing) for personalized advertising purposes, including Match lists, user event tracking (UET) and retargeting.",Categories of Personal Information Sold
38902,WS_30,"You can also opt out in your Profile Settings.\nEvent sponsors and partners â€“ we may share your personal data with sponsors of Stack Overflow events and partners whom we hold events with for marketing purposes when you have given your permission for us to do so.\nOther third parties approved by you, e.g., third parties that run our Developer Survey, social media sites you choose to link your account to or third party payment providers.",Categories of Personal Information Sold
38910,WS_30,Rectification The right to require us to correct any mistakes in your personal data,Description of Right to Correct Information
38980,WS_31,"When we make significant changes, will notify you through the Services, such as on our homepage, or via email or other communication.",Updated Privacy Policy
38981,WS_31,Please come back and check this page from time to time for the latest information on our privacy practices.,Updated Privacy Policy
39045,WS_31,"If you feel that any of the records of personal data we have about you are incorrect, you have a right to request that we correct those inaccuracies.",Description of Right to Correct Information
39054,WS_31,You may also reach us at data-privacy@buzzfeed.com.,Methods to exercise rights
39121,WS_31,"This section provides you with our practices regarding the collection, use, and disclosure of your personal data in the 12 months prior to our last update to this Policy (see the date at the top).",Categories of Personal Information Collected
39144,WS_32,Device and contact data.,Categories of Personal Information Collected
39167,WS_32,"These partners may also provide personal information such as employment or income data, social security number, vehicle or driver information, or information about special offers available based on your credit profile so we can make more personalized recommendations for you.",Categories of Personal Information Collected
39277,WS_32,"Like many companies, Intuit and Mailchimp use services that help deliver interest-based ads to you as described above.",Description of Right to Opt-out of sale of PI
39281,WS_32,"We only use sensitive personal information as necessary for our (1) Service delivery and operations, (2) compliance and protection, (3) research and development, or (4) Service improvement and analytics purposes in accordance with CCPA.",Description of Right to Limit use of PI
39282,WS_32,"If we use sensitive personal information outside the permitted purposes of CCPA, we will provide you with the right to limit processing of sensitive personal information.",Description of Right to Limit use of PI
39330,WS_32,You may request a copy of the Personal Information in your Intuit account or visit our Intuit Privacy Center or call us toll-free at 1 (877) 261-6470.,Methods to exercise rights
39340,WS_32,"For example, when we use automated processing on your personal information to provide a more personalized and enhanced experience in the Intuit Platform, you may see instantly tailored recommendations and insights to manage your cash flow and grow your business.",Categories of Personal Information Collected
39392,WS_33,"We also use the data we collect to:\n\nSend you technical notices, updates, security alerts and support and administrative messages and to respond to your comments, questions and customer service requests;\nCommunicate with you about products, services, offers, and events offered by BuzzFeed and others, and provide news and information we think will be of interest to you;\nMake inferences about your interests and preferences (including at a household level).",Categories of Personal Information Collected
39418,WS_33,"You can configure your device to reject these cookies, but our Services will probably not work correctly, or at all, if you do.\n \n\nConsent cookies are used by our consent management platform we employ to record your preferences about third party cookies described below, and to store and share your preference with those third parties.",Categories of Personal Information Collected
39432,WS_33,"Opt-out of Sale/Share/Targeted Advertising.\n\nIf you would like to opt out of the sale or sharing of your personal data for targeted advertising, please visit this page: “Do Not Sell or Share My Personal Information” or contact us at data-privacy@buzzfeed.com.",Description of Right to Opt-out of sale of PI
39480,WS_33,How we collect personal data,Categories of Personal Information Collected
39527,WS_33,Our Advertising Partners and our affiliate links partners collect personal data from you for the purposes they disclose through our cookie consent management platform.,Categories of Personal Information Shared / Disclosed
39535,WS_33,You can decide who you will allow to set third party cookies on your browser or device by going to our consent preferences center,Description of Right to Opt-out of sale of PI
39596,WS_33,You have the right to request that we delete certain personal data we have about you.,Description of Right to Delete
39599,WS_33,"If you feel that any of the records of personal data we have about you are incorrect, you have a right to request that we correct those inaccuracies.",Description of Right to Correct Information
39600,WS_33,"This right does not extend to matters of opinion, such as views expressed in editorial content.",Description of Right to Correct Information
39601,WS_33,You have the right to not be discriminated against (as provided for in the applicable US Privacy Law) for exercising your rights.,Description of Right to Non-discrimination on exercising rights
39615,WS_34,"When you sign in to your Los Angeles Times account or mobile application with your SNS account information or otherwise connect to your SNS account with the Services, you authorize Los Angeles Times to collect, store, and use in accordance with this Privacy Policy any and all information available to Los Angeles Times through the SNS interface, including without limitation any information that you have made public in connection with your SNS account, information that the SNS provides to us, or information that is disclosed as being provided to us or others during the sign-in process.",Categories of Personal Information Collected
39758,WS_34,"to enforce the legal terms that govern your use of the Services;\nto administer and troubleshoot the Services;\nto associate your activities, customize content or tailor advertising across different devices and browsers that you use to access the Services (for instance, computers, tablets, mobile devices, applications and websites); and\nto send you offers and advertisements through various channels (which may include, for instance, display, email, direct mail, and TV), whether on our behalf or on behalf of marketing partners with whom we may engage.",Categories of Personal Information Collected
39761,WS_34,We may disclose your information to any agent or company that is part of Los Angeles Times to provide the Services or advertising or to communicate with you on our behalf.,Categories of Personal Information Shared / Disclosed
39812,WS_35,"We may then combine this with information we have obtained from you directly, from tracking technologies on our Services, or from other sources, including publicly available information (e.g., death notices).",Categories of Personal Information Collected
39814,WS_35,Cookies are small data files stored on the hard drive of your computer or mobile device by a website.,Categories of Personal Information Collected
39855,WS_35,Right to correct your information: This is known as the “right of rectification” and gives you the right to ask that we correct or complete any Personal Data we have about you.,Description of Right to Correct Information
39864,WS_35,"This means we cannot, among other things:\nDeny goods or services to you;\nCharge different prices or rates for goods or services, including through the use of discounts or other benefits or imposing penalties;\nProvide a different level or quality of goods or services to you; or\nSuggest that you will receive a different price or rate for goods or services or a different level or quality of goods or services.",Description of Right to Non-discrimination on exercising rights
39865,WS_35,Notice of the Right to Opt-Out of the Sale of Personal Information\nCalifornia residents have the right to opt-out of the sale or disclosure of your personal information.,Description of Right to Opt-out of sale of PI
39897,WS_35,"We also receive information from you when you interact with our pages, groups, accounts or posts on social media platforms.",Categories of Personal Information Collected
39914,WS_35,"Subject to certain exceptions, on receipt of a verifiable request from you, we will:\nDelete your personal information from, or correct inaccurate personal information about you in, our records; and\nDirect any service providers to delete or correct your personal information.",Description of Right to Delete
39915,WS_35,"Subject to certain exceptions, on receipt of a verifiable request from you, we will:\nDelete your personal information from, or correct inaccurate personal information about you in, our records; and\nDirect any service providers to delete or correct your personal information",Description of Right to Correct Information
39930,WS_36,"""Flash cookies are different from cookies because of the amount and type of data and how the data is stored.\n\nWe also may use web beacons (also known as """"pixel tags"""") to access cookies and to count users who visit our Sites, use our Applications, or open our HTML-formatted e-mail messages.""",Categories of Personal Information Collected
39974,WS_36,Delete certain information we have about you.,Description of Right to Delete
39976,WS_36,"If would like to exercise any of these rights, please contact us at privacy@politico.com.",Methods to exercise rights
39986,WS_36,Sale of Personal Data,Categories of Personal Information Collected
40024,WS_36,You also have the right to not be discriminated against (as provided for in applicable law) for exercising certain of your rights.,Description of Right to Non-discrimination on exercising rights
40025,WS_36,"If we need to change this Privacy Policy at some point in the future, we'll post the modified Privacy Policy on the applicable Sites and Applications and update the “Last Updated” dated above to reflect the date of the changes.",Updated Privacy Policy
40119,WS_37,"To make a request for deletion, please visit https://fcprivacy.exterro.net/portal/dsar.htm?target=TMZ or call us at 888-596-3929.",Methods to exercise rights
40123,WS_37,You will need to select your preference on each device.,Description of Right to Opt-out of sale of PI
40161,WS_37,"""Categories of Third Parties to Whom Personal Information Is """"Sold"""" or “Shared” - Advertising technology companies and advertisers for the purpose of targeted advertising""",Categories of Personal Information Sold
40185,WS_37,"""The """"Your Privacy Choices” Internet Webpages for the Company Services are available at:\n\nTMZ: http://privacy.tmz.com/main/web/main\n\nTooFab: https://privacy.toofab.com/main/web/main\n\nYou can opt out of the “sale” and “sharing” of your Personal Information by clicking on the toggle and hitting the “submit” button at the bottom of the screen.""",Methods to exercise rights
40227,WS_38,"If you ask us to delete it, you may no longer be able to access or use our Services.",Description of Right to Delete
40229,WS_38,The right to nondiscrimination.,Description of Right to Non-discrimination on exercising rights
40232,WS_38,California residents may opt out of the “sale” of their personal information.,Description of Right to Opt-out of sale of PI
40262,WS_38,Third Parties with which we share information and why: Internet Services Providers.,Categories of Personal Information Shared / Disclosed
40263,WS_38,"In connection with the provision of the Services, we may share information with companies that provide internet services. ||| Categories of information shared: Identifiers Internet Data Geolocation Data",Categories of Personal Information Shared / Disclosed
40278,WS_39,"Right to Delete\n\nYou have the right to request deletion of the personal information that Experian has obtained or maintains about you, subject to certain exceptions.",Description of Right to Delete
40279,WS_39,Right to Correct\n\nYou have the right to request correction of inaccurate personal information that Experian maintains about you.,Description of Right to Correct Information
40285,WS_39,Right to Opt-Out or Limit the Use of Sensitive Personal Information\n\nResidents of certain states have the right to opt-out of or limit the use or disclosure of sensitive personal information that Experian has collected or maintains about them.,Description of Right to Limit use of PI
40295,WS_39,You have the right to request correction of inaccurate personal information that Experian maintains about you.,Description of Right to Correct Information
40297,WS_39,Residents of certain states have the right to opt-out of or limit the use or disclosure of sensitive personal information that Experian has collected or maintains about them.,Description of Right to Limit use of PI
40351,WS_40,The right to request that we delete the personal information we have collected from you.,Description of Right to Delete
40431,WS_41,We will advise you if this is the case at the time you withdraw your consent.,Categories of Personal Information Collected
40539,WS_41,We require all third parties to respect the security of your Personal Data and to treat it in accordance with the law.,Categories of Personal Information Shared / Disclosed
40545,WS_41,"If you apply to a job posting on our Website, we will share your Identity Data and Contact Data with the prospective employer and/or their agent of the job to which you applied, including but not limited to, any external Applicant Tracking System or any other external systems used by the direct employer to manage the hiring of employees or other categories of workers.",Categories of Personal Information Shared / Disclosed
40599,WS_41,"Right of Rectification/Correction\n\nThe right to require us to correct any incomplete or inaccurate Personal Data we hold about you, though we may need to verify the accuracy of the new data you provide to us.",Description of Right to Correct Information
40600,WS_41,"If you have a user account with us, you also have the option of correcting your information directly in your account.",Description of Right to Correct Information
40601,WS_41,Right to opt out of sale/targeted advertising\n\nYou have the right to opt-out of the sales of your Personal Data or the processing of your Personal Data for purposes of targeted advertising.,Description of Right to Opt-out of sale of PI
40654,WS_41,Right of Access\n\nThe right to be provided with a copy of your Personal Data (subject to certain restrictions under applicable law).,Description of Right to Know PI Collected
40655,WS_41,"\nYOUR RIGHTS\n\nWHAT CAN YOU REQUEST\n\nRight to Information\n\nThe right to know whether we process Personal Data about you and, if so, what Personal Data we hold about you and how we use it.\n\nRight of Access\n\nThe right to be provided with a copy of your Personal Data (subject to certain restrictions under applicable law).\n\nRight to Delete\n\nThe right to request that we delete your Personal Data (subject to certain restrictions under applicable law).\n\nRight of Rectification/Correction\n\nThe right to require us to correct any incomplete or inaccurate Personal Data we hold about you, though we may need to verify the accuracy of the new data you provide to us",Description of Right to Correct Information
40680,WS_41,"Please note that payment methods (e.g., credit card number and/or PayPal and/or bank account details) are not collected by us directly, but by secure payment service providers To collect monies owed to us To run analytics or collect statistics To manage any surveys, promotions or competitions you entered To communicate with you regarding our services",Categories of Personal Information Collected
40727,WS_41,"Right to Information\n\nThe right to know whether we process Personal Data about you and, if so, what Personal Data we hold about you and how we use it.\n\nRight of Access\n\nThe right to be provided with a copy of your Personal Data (subject to certain restrictions under applicable law).",Description of Right to Know PI Collected
40729,WS_41,"YOUR RIGHTS: Right to Information ||| WHAT CAN YOU REQUEST: The right to know whether we process Personal Data about you and, if so, what Personal Data we hold about you and how we use it.",Description of Right to Know PI sold / shared
40731,WS_41,"YOUR RIGHTS: Right of Rectification/Correction ||| WHAT CAN YOU REQUEST: The right to require us to correct any incomplete or inaccurate Personal Data we hold about you, though we may need to verify the accuracy of the new data you provide to us.",Description of Right to Correct Information
40735,WS_41,US: 1-877-252-1062 (24 hours/7 days); support@ziprecruiter.com,Methods to exercise rights
40832,WS_42,"Once we receive and confirm your verifiable consumer request, we will disclose to you:\n\nThe categories of personal information we collected about you.\nThe categories of sources for the personal information we collected about you.\nOur business or commercial purpose for collecting or selling that personal information.\nThe categories of third parties with whom we share that personal information.\nThe specific pieces of personal information we collected about you (also called a data portability request).",Description of Right to Know PI Collected
40833,WS_42,"If we sold or disclosed your personal information for a business purpose, two separate lists disclosing:\nsales, identifying the personal information categories that each category of recipient purchased; and\ndisclosures for a business purpose, identifying the personal information categories that each category of recipient obtained.",Description of Right to Know PI sold / shared
40837,WS_42,"Once we receive and confirm your verifiable consumer request, we shall use commercially reasonable efforts to correct the inaccurate personal information, pursuant to California Civil Code Section 1798.130 and regulations adopted pursuant to paragraph (8) of subdivision (a) of Section 1798.185.",Description of Right to Correct Information
40840,WS_42,Right to Opt-Out of Sales or Sharing of Personal Information \n\nYou have the right to opt-out of our sale or sharing of your personal information.,Description of Right to Opt-out of sale of PI
40841,WS_42,"To the extent that we sell your personal information, as the term “sell” is defined under the California Privacy Laws, you have the right to opt-out of the sale of your personal information by us to third parties at any time.",Description of Right to Opt-out of sale of PI
40845,WS_42,"Unless permitted by the California Privacy Laws, we will not deny you goods or services, charge you different prices or rates for goods or services, including through granting discounts or other benefits, or imposing penalties, provide you a different level or quality of goods or services, suggest that you may receive a different price or rate for goods or services or a different level or quality of goods or services; or retaliate against an employee, job applicant, or independent contractor.",Description of Right to Non-discrimination on exercising rights
40886,WS_42,"You have the right to request that we correct inaccurate personal information, taking into account the nature of the personal information and the purposes of the processing of the personal information.",Description of Right to Correct Information
40925,WS_43,"""These advertisements are known as """"interest-based advertisements"""".""",Categories of Personal Information Shared / Disclosed
40928,WS_43,"A consumer also has the right to request that a covered business that collects a consumer's personal information disclose to that consumer the following:\nThe categories of personal information it has collected about that consumer\nThe categories of sources from which the personal information is collected\nThe business or commercial purpose for collecting, selling or sharing (if applicable) personal information\nThe categories of third parties to whom the covered business discloses personal information\nThe specific pieces of personal information that the covered business has collected about that consumer\n",Description of Right to Know PI Collected
40930,WS_43,A consumer has the right to request that a covered business correct inaccurate personal information that a business maintains about a consumer.,Description of Right to Correct Information
40932,WS_43,Right to Opt-Out of Sale/Sharing.,Description of Right to Opt-out of sale of PI
40934,WS_43,Right to Limit Use and Disclosure of Sensitive Personal Information.,Description of Right to Limit use of PI
40935,WS_43,"If a covered business uses or discloses sensitive personal information for reasons other than those set forth in the CPRA, a consumer has the right to limit the use or disclosure of sensitive personal information by the business.",Description of Right to Limit use of PI
40936,WS_43,A consumer has the right not to receive discriminatory treatment by the covered business for the exercise of privacy rights conferred by the CPRA.,Description of Right to Non-discrimination on exercising rights
40981,WS_43,"Some examples include:\n\nYou or your representative on applications or forms (for example, when you interact with our customer service staff, and when you visit our websites or use our applications)\nYou or your representative regarding your preferences (for example, your choice of electronic statement delivery, or the screen layout you specify if you use our websites)\nYou or your employer or plan sponsor if Fidelity provides them with recordkeeping and/or employee benefits advisory services (for example, payroll, human resources, or benefits information)\nTransactional activity in your account (for example, trading history and balances)\nOther interactions with Fidelity (for example, discussions with our customer service staff, including telephone or chat, information you enter into our websites, or when you enroll in our authentication services)\nInformation from consumer reporting agencies (for example, to assess your creditworthiness for margin products)\nInformation from other third-party sources (for example, to verify your identity and to better understand your product and service needs)\nOther sources with your consent or with the consent of your representative (for example, from other institutions if you transfer positions into Fidelity)\n",Categories of Personal Information Sold
40989,WS_43,A consumer also has the right to request that a covered business that collects a consumer's personal information disclose to that consumer the following:\n,Description of Right to Know PI sold / shared
40999,WS_43,"The Funds do not disclose any non-public personal information about you, except as permitted by law.",Categories of Personal Information Shared / Disclosed
41084,WS_44,Right to Request Deletion.,Description of Right to Delete
41090,WS_44,Right to Opt-Out of Sale or Sharing.,Description of Right to Opt-out of sale of PI
41105,WS_44,"The information may also be used to deliver more relevant advertising to you across marketing channels, including email",Categories of Personal Information Shared / Disclosed
41107,WS_44,"To opt out in mobile apps, you may use your device’s setting to opt out of ads personalization or similar settings or download and use the AppChoices app at https://youradchoices.com/appchoices.",Description of Right to Non-discrimination on exercising rights
41112,WS_44,"Please also provide your full name and, if you like, you may also provide the specific Fox News Service to which your request pertains.",Methods to exercise rights
41119,WS_44,(3) Right to Request Correction.,Description of Right to Correct Information
41156,WS_45,"Professionals collect usage information for their websites and receive your messages sent through those sites.\n\nAutomatically Collected Information\nEach time you access the Platform, information is sent to our server by your Internet browser or app and stored in our log files.",Categories of Personal Information Collected
41159,WS_45,"Please see our Cookie Policy for more information on our use of cookies and how to accept or opt-out of cookies, but please note that unless required by law, we do not change system behavior within our Platform in response to browser requests not to be tracked.",Categories of Personal Information Collected
41177,WS_45,We do not rent or sell your personal contact information (such as your email address associated with your account registration) to third parties to use for their direct marketing purposes.,Categories of Personal Information Sold
41203,WS_45,Updates to this Privacy Policy\nWe may revise this Privacy Policy from time to time.,Updated Privacy Policy
41206,WS_45,"By continuing to access or use our Platform after those changes become effective, you are subject to the revised Privacy Policy.",Updated Privacy Policy
41221,WS_45,"We collect information that others make available to us, including information from other platforms, publicly available information, information from other users of our Platform, information from our partners, service providers, and corporate affiliates, and information from third-party sites.\n\nOther Platforms.",Categories of Personal Information Collected
41234,WS_45,"If you provide us information about your contacts (for example, when you sign up for our Platform through Facebook), in order to facilitate a more connected experience, we may inform your contacts who have accounts on our Platform that you also have joined our Platform and follow them on your behalf so that you may view their public activities on our Platform.",Categories of Personal Information Shared / Disclosed
41253,WS_45,"Your Houzz content (for example, ideabooks, photos, notes on others' photos, projects, discussions, and social media profiles), followers, and others you follow are publicly viewable on the Platform and open to comments by other Houzz users.",Categories of Personal Information Shared / Disclosed
41307,WS_46,To delete the personal information the NFL has collected about you.,Description of Right to Delete
41343,WS_46,"We will not discriminate against you for exercising your rights and choices, although some of the functionality and features available to you may change or no longer be available to you.",Description of Right to Non-discrimination on exercising rights
41344,WS_46,"You may also be afforded, in accordance with applicable law, the right to limit certain uses and disclosures of sensitive personal information.",Description of Right to Limit use of PI
41378,WS_47,Not to be denied goods or services for exercising these rights,Description of Right to Non-discrimination on exercising rights
41386,WS_47,"Please keep us informed if your personal data changes during your relationship with us, which you can do through your account.",Updated Privacy Policy
41415,WS_48,"Category of Personal Information Collected ||| 1: Sold or Shared\n\n0: Identifiers, including names, postal addresses, email addresses, online identifiers, IP addresses, account names, and other similar identifiers. ||| 1: Yes\n\n0: Personal information categories listed in the California Customer Records statute, including bank account numbers, credit/debit card numbers, and other financial information. ||| 1: No\n\n0: Protected classification characteristics under California law, including sex/gender, marital status, and age (over 40). ||| 1: No\n\n0: Commercial information, including information regarding products or services purchased, obtained, or considered, or other purchasing or consuming histories or tendencies. ||| 1: Yes\n\n0: Internet or other electronic network activity information, including information regarding interactions with an internet website, application, or advertisement. ||| 1: Yes\n\n0: Imprecise location data, such as general location of devices or IP address. ||| 1: Yes\n\n0: Audio, electronic, visual, or similar information, including phone call recordings and chat recordings. ||| 1: No\n\n0: Professional or employment-related information, including employment status and history. ||| 1: No\n\n0: Education information, including education history. ||| 1: No\n\n0: Inferences, meaning inferences drawn from any of the information in the above-listed categories of information to create profiles about consumers. ||| 1: Yes\n\n0: Sensitive personal information, including account log-in information in combination with passwords and information revealing consumers’ racial or ethnic origin. ||| 1: No\n\n",Categories of Personal Information Sold
41462,WS_48,Limit the Use of My Sensitive Personal Information:\n\nCalifornia residents have the right to limit the use of their sensitive personal information.,Description of Right to Limit use of PI
41463,WS_48,Boost Mobile does not use or disclose sensitive personal information without your consent for purposes other than those specified in the CCPA.,Description of Right to Limit use of PI
41524,WS_49,"The right to limit the use or disclosure of your sensitive personal information. \nWe do not use or disclose sensitive personal information for purposes that, under applicable law, require us to support the right to limit the use or disclosure of sensitive personal information.",Description of Right to Limit use of PI
41525,WS_49,"The right not to receive discriminatory treatment by the business for the exercise of privacy rights conferred by applicable law, including the right not to be retaliated against for the exercise of your rights.\nWe will not discriminate against you for exercising your privacy rights.",Description of Right to Non-discrimination on exercising rights
41536,WS_49,"If you have an unused gift card balance on your CFA One mobile app account and would like to understand options available to you, please contact our CARES center at 1-866-232-2040.\nPlease note, processing your deletion request will result in the elimination of your CFA One account, which will also limit your ability to utilize the full suite of features available in the Chick-fil-A App.",Description of Right to Delete
41538,WS_49,We use cookies to enhance your experience when using our site.,Categories of Personal Information Collected
41543,WS_50,"Revised Date: August 22, 2023",Updated Privacy Policy
41553,WS_50,"Code § 1798.80(e) ||| 1: Name, address, and telephone number ||| 2: • You • Your email and social media accounts • Your devices • Business partners and vendors ||| 3: • Delivering products or services • To communicate with you, including about our products, updates to our terms and policies, and to obtain your feedback • Analytics • Security and fraud prevention • Debugging • Research and development • Quality assurance\n\n0: Characteristics of protected classifications ||| 1: Age and date of birth, sex, and gender ||| 2: • You • Your devices • Business partners and vendors ||| 3: • Delivering products and services • Marketing\n\n0: Commercial information ||| 1: Products or services purchased, obtained, or considered, or other purchasing or consuming histories or tendencies, or account profiles ||| 2: • You • Created by us • Your email and social media accounts • Your devices • Business partners and vendors ||| 3: • Delivering products and services • Marketing • Research and development • Quality assurance\n\n0: Internet or other electronic network activity information ||| 1: Internet or other similar activity, browsing history, search history, information on a consumer’s interaction with a website, application logs, device data and registration, or advertisement ||| 2: • You • Your email and social media accounts • Your devices • Business partners and vendors ||| 3: • Delivering products and services • Marketing • Research and development • Quality assurance • Security and fraud prevention\n\n0: Audio, electronic, visual, thermal, olfactory, or similar information ||| 1: Audio recordings of customer service calls ||| 2: • You • Created by us ||| 3: • Delivering products and services • To communicate with you, including about our products, updates to our terms and policies, and to obtain your feedback • Quality Assurance • Security and fraud prevention\n\n0: Inferences from PI Collected ||| 1: Customer profiles reflecting preferences and predispositions ||| 2: • You • Created by us • Vendors and other third parties • Your email and social media accounts ||| 3: • Delivering products and services • Analytics • Marketing\n\n0: Other Information, such as information that does not directly fit within one of the categories defined by the CCPA ||| 1: The contents of communications you send to us by phone, email, text, online chat, etc. ||| 2: • You • Created by us • Vendors and other third parties • Your email and social media accounts ||| 3: • To communicate with you, including about our products, updates to our terms and policies, and to obtain your feedback • Delivering products and services • Marketing • Research and development • Quality assurance • Security and fraud prevention",Categories of Personal Information Sold
41596,WS_50,Request a copy of the Personal Information and Sensitive Personal Information we hold about you.,Description of Right to Know PI Collected
41597,WS_50,Request that inaccurate information about you be corrected or deleted.,Description of Right to Correct Information
41599,WS_50,Request that we restrict processing your Personal Information and Sensitive Personal.,Description of Right to Limit use of PI
41601,WS_50,Any such request should be sent to us using the request form at support.dailywire.com along with a description of the posted content or other information to be removed.,Methods to exercise rights
41603,WS_50,"Alternatively, DW may provide a cost-free means to opt out of such sharing.",Description of Right to Limit use of PI
41617,WS_50,"Please note that opting-out of the sale of your information for interest-based advertising purposes does not mean you will stop seeing ads, including interest-based ads, and your information that was collected and sold prior to 90 days before your opt-out request may be further used and sold for interest-based advertising purposes",Description of Right to Opt-out of sale of PI
41620,WS_50,We do not use or disclose Sensitive Personal Information for purposes to which the right to limit use and disclosure applies under the CCPA and CPRA.,Description of Right to Limit use of PI
41651,WS_50,Commercial Information • Business partners\n• Financial institutions\n• Delivery service providers\n• Marketing partners • Delivering products or services (to perform services on behalf of DW)\n• Marketing\n• Analytics,Categories of Personal Information Sold
41653,WS_50,Inferences from PI Collected • Marketing partners • Marketing\n• Analytics,Categories of Personal Information Sold
41728,WS_51,"We share information in the event of, or during negotiations of, any proposed or actual merger, reorganization, dissolution or similar corporate event, the sale of all or any portion of our assets, or transfer of all or a portion of our business to another business.\nDisclosure to Public Authorities.",Categories of Personal Information Shared / Disclosed
41746,WS_51,Please refer back to this Privacy Policy on a regular basis.,Updated Privacy Policy
41760,WS_51,"Right to Opt-Out.\n\nUnder the California Consumer Privacy Act, you have the right to opt-out of the “sale” of your personal information by us to third parties at any time (and non-California residents may exercise the opt-out rights described above in this Policy).",Description of Right to Opt-out of sale of PI
41763,WS_51,Right to Non-Discrimination.\n\nYou have the right not to receive discriminatory treatment by us for the exercise of any your rights.,Description of Right to Non-discrimination on exercising rights
41781,WS_51,You may opt-out of the tailoring of advertising based on information we collect.,Description of Right to Opt-out of sale of PI
41794,WS_51,"Demographics, such as your age or gender.",Categories of Personal Information Sold
41796,WS_51,"Commercial information, including purchases and engagement with the Services.\n",Categories of Personal Information Sold
41798,WS_51,"Geolocation data, including location enabled services such as WiFi and GPS.",Categories of Personal Information Sold
41801,WS_51,"This comprises information about your operating system, your IP addresses, browser type and language, referring pages and URLs, keywords, date and time, and what sections of our Platform you visit (the “usage information”)",Categories of Personal Information Sold
41803,WS_52,"Information We Collect, Receive and Create about You\nWe may collect or obtain information about you when you sign up, when you create profiles, pages or contributions, when you use and interact with our services and when you make your personal information public.",Categories of Personal Information Collected
41824,WS_52,"Management of financial planning, reporting and development.",Categories of Personal Information Collected
41843,WS_52,"Where users choose to disclose sensitive personal information within profiles, contributions or other free-text fields available through Humble Bundle, we do not use the sensitive information for any additional purpose without consent, unless required to comply with laws, or prevent crimes.",Description of Right to Limit use of PI
41849,WS_52,This policy is meant to provide transparency with regard to your data.,Description of Right to Know PI Collected
41854,WS_52,"For certain requests, we may require additional information.",Description of Right to Correct Information
41856,WS_52,Right to Object to the Use of Sensitive Personal Information: You have the right to object to our use of your sensitive personal information.,Description of Right to Limit use of PI
41857,WS_52,"Sensitive personal information is information about your health, race, religion, sexual orientation, gender identity, political opinions or philosophical beliefs.",Description of Right to Limit use of PI
41858,WS_52,"You should always be mindful about the personal information you share online, especially when it is sensitive in nature.",Description of Right to Limit use of PI
41863,WS_52,"We will notify you prior to making policy updates that materially change the way we treat your personal data, and will not use your data in a materially different manner without your consent.",Updated Privacy Policy
41880,WS_52,"Right to Request Rectification: If you find that any of your information that we are processing is inaccurate, you can contact us to have your information corrected",Description of Right to Correct Information
41924,WS_53,Physical location or movements.,Categories of Personal Information Collected
41962,WS_53,Non-Discrimination\nWe will not discriminate against you for exercising any of your CCPA rights.,Description of Right to Non-discrimination on exercising rights
41964,WS_53,Any CCPA-permitted financial incentive we offer will reasonably relate to your personal information's value and contain written terms that describe the program's material aspects.,Description of Right to Non-discrimination on exercising rights
41965,WS_53,"Participation in a financial incentive program requires your prior opt in consent, which you may revoke at any time.",Description of Right to Non-discrimination on exercising rights
41980,WS_53,We share your personal information with the following categories of third parties:\n\nService providers.,Categories of Personal Information Shared / Disclosed
41990,WS_53,"Changes to this Privacy Policy\nFrom time to time, we may change this privacy policy to accommodate new technologies, industry practices, regulatory requirements, or other business reasons.",Updated Privacy Policy
42031,WS_54,"Note that we only use and share your sensitive personal information for the purpose of providing our goods, subscriptions, and services that youâ€™ve requested or purchased, maintaining the quality of our services and Platform, or protecting our services and Platform against illegal activity.",Description of Right to Limit use of PI
42032,WS_54,You will not to be discriminated against for exercising these rights.,Description of Right to Non-discrimination on exercising rights
42035,WS_54,We collect and use the following categories of personal information for the business and commercial purposes described in this Privacy Policy: identifiers; personal information categories listed in Cal.,Categories of Personal Information Collected
42077,WS_54,"Limit the Use of my Sensitive Personal Information: In relation to the sensitive personal information identified in Section 1 above, you may be able to request that we limit our use and sharing of such information to those purposes specified under applicable privacy laws",Description of Right to Limit use of PI
42081,WS_55,"“Cookies” - Non-Personal Information is collected, inter alia, through the use of cookies, so when accessing or using the Website, we may use one or more cookies.",Categories of Personal Information Collected
42111,WS_55,"Non-Discrimination\n You have a right not to receive discriminatory treatment for exercising your privacy rights under the CCPA.\n\nUnless permitted by the CCPA, we will not:\n\nDeny you goods or services.\nCharge you different prices or rates for goods or services, including through granting discounts or other benefits, or imposing penalties.\nProvide you a different level or quality of goods or services.\nSuggest that you may receive a different price or rate for goods or services or a different level or quality of goods or services.",Description of Right to Non-discrimination on exercising rights
42112,WS_55,"Updates or Amendments to the Privacy Notice\nWe reserve the right to change this Privacy Notice at any time, so please re-visit this page frequently.",Updated Privacy Policy
42120,WS_55,"(2) Personal Information - “Personal Information” is information that may be of a private or sensitive nature, including your name, gender, phone number, e-mail address or mailing address, payment information and IP address",Categories of Personal Information Shared / Disclosed
42259,WS_56,"Note that the CCPA defines “business purpose” broadly; and because we use service providers for a number of business purposes that require access to our systems that hold personal information (such as supplying cloud data storage, maintaining the security of our systems, and providing customer support), in the past 12 months we have disclosed for a business purpose data from each of the categories of personal information we maintain.\nThe categories of personal information we have sold about you (if any), for each category of third parties to which the personal information was sold.",Description of Right to Know PI sold / shared
42262,WS_56,We provide our “Do Not Sell My Info” disclosures in the Cookies and Similar Technologies section of this Notice.,Description of Right to Know PI sold / shared
42270,WS_56,"To help you stay current of any changes, we note the date the Privacy Notice was last updated above.",Updated Privacy Policy
42297,WS_56,United States: NAI (http://www.networkadvertising.org/managing/opt_out.aspx) and DAA (http://www.abouads.info/choices/),Methods to exercise rights
42298,WS_56,"You have a right to request that companies provide you with the following information:\n\nThe categories and specific pieces of personal information we have collected about you.\nThe categories of sources from which we collect personal information.\nThe purposes for collecting, using, or selling personal information.\nThe categories of third parties with which we share personal information.\nThe categories of personal information we have disclosed about you for a business purpose.",Description of Right to Know PI Collected
42300,WS_56,"You have a right to request that companies provide you with the following information:\n\nThe categories and specific pieces of personal information we have collected about you.\nThe categories of sources from which we collect personal information.\nThe purposes for collecting, using, or selling personal information.\nThe categories of third parties with which we share personal information.\nThe categories of personal information we have disclosed about you for a business purpose",Description of Right to Know PI sold / shared
42302,WS_56,"Finally, you have a right to not be discriminated against for exercising rights set out in the CCPA.",Description of Right to Non-discrimination on exercising rights
42348,WS_57,You can ask us to correct inaccurate Personal Information that we have collected about you.,Description of Right to Correct Information
42349,WS_57,You can ask us to delete the Personal Information that we have collected from you.,Description of Right to Delete
42405,WS_57,"Service improvement and analytics.\nWe may use your personal information to analyze your usage of the Service, improve the Service, improve the rest of our business, help us understand user activity on the Service, including which pages are most and least visited and how visitors move around the Service, as well as user interactions with our emails, and to develop new products and services.\n\nTo comply with our legal obligations.\nWe may use your personal information to:\n\ncomply with applicable laws, lawful requests, and legal process, such as to respond to subpoenas or requests from government authorities;\nprotect our, your or others’ rights, privacy, safety or property (including by making and defending legal claims);\naudit our internal processes for compliance with legal and contractual requirements or our internal policies;\nenforce the terms and conditions that govern the Services; and\nprevent, identify, investigate and deter fraudulent, harmful, unauthorized, unethical or illegal activity, including cyberattacks and identity theft.",Categories of Personal Information Collected
42426,WS_57,\nStatutory category / Personal Information (“PI”) we collect in this category\n\nCalifornia Customer Records\n(as defined in California Civil Code §1798.80)\n\nContact data\nDemographic data\nAccount data\nCommunications data\nPayment and transactional data\nCommercial data\nMarketing data\nUser-generated content data\nConnected Device Details\nAudio-visual information\nDevice data\nOnline activity data\nPrecise geolocation data\nCategories of third parties to whom we “disclose” PI for a business purpose\n\nAffiliates\nService providers\nLinked third-party services\n,Categories of Personal Information Sold
42427,WS_57,\nStatutory category / Personal Information (“PI”) we collect in this category\n\nInternet or Network Information\n\nConnected Device Details\nDevice data\nOnline activity data\nCategories of third parties to whom we “disclose” PI for a business purpose\n\nAffiliates\nService providers\n,Categories of Personal Information Sold
42446,WS_58,"Personal data collected by third parties\nModels: when discussing with our Billing Support and Customer Support teams, a Model may provide some information about you, which will be collected.\n\nExternal Partners’ Ad Networks: they help us to promote our site.",Categories of Personal Information Shared / Disclosed
42469,WS_58,"The information in these reports is in aggregate form, and cannot be used to identify individuals.",Categories of Personal Information Collected
42479,WS_58,"For example, when you visit and log in on our site we use your IP address to determine the country where you are from, and display our webpages in your language (within the limits of the languages available on the site), so if you visit or login on our site from the United States, our site will automatically display content in English.\n\nPromotion: We have affiliate programs through which webmasters or other third parties can help us to promote our sites.\n\nWe share limited information about you with the webmasters or other third parties participating in these affiliate programs, to help them to set up, maintain and optimize their marketing campaigns or promotional activities.",Categories of Personal Information Collected
42515,WS_58,Webmasters participating in our affiliate programs,Categories of Personal Information Shared / Disclosed
42524,WS_58,"You have the right to know the categories of sources from which the personal data has been collected, the business or commercial purpose for collecting or selling personal data, and the categories of third parties with whom we share personal data",Description of Right to Know PI Collected
42528,WS_58,"Personal Information Disclosed\nYou also have the right to know what categories of personal data we’ve disclosed for a business purpose, and the third parties to whom that information was disclosed.",Description of Right to Know PI sold / shared
42533,WS_58,"Changes to Our Privacy Policy\nWe may occasionally amend this Privacy Policy to reflect changes to our services and the way we are handling your personal data or changes in the applicable laws.\n\nIf we make any important changes, we will let you know by placing a notice on the relevant site and/or contact you directly, using other methods such as email.\n\nTo the extent permitted by applicable law, such changes will be applicable from the time they are published on our site, unless we specify a date of entry into force.",Updated Privacy Policy
42572,WS_58,"Please be aware that we will never share with them any information leading to your direct identification (e.g. real name, address, email address, payment details or IP address).",Categories of Personal Information Shared / Disclosed
42580,WS_58,"Personal Information Disclosed\nYou also have the right to know what categories of personal data we’ve disclosed for a business purpose, and the third parties to whom that information was disclosed",Description of Right to Know PI Collected
42582,WS_58,"Your Right to Non-Discrimination\nYou have the right not to receive discriminatory treatment for the exercise of the privacy rights conferred by CCPA, including but not limited to by denying you services, charging different prices or rates, or providing you with a different level or quality of services",Description of Right to Non-discrimination on exercising rights
42583,WS_59,"LAST REVIEWED AND UPDATED: MARCH 17, 2023",Updated Privacy Policy
42615,WS_59,"We will share your Personal Information with the following categories of third parties:\n\nOur service providers and subcontractors including, but not limited to, payment processors, suppliers of technical and support services and cloud service providers;\nCompanies that assist us in our marketing, advertising and promotional activities;\nCompanies that assist in our recruiting and hiring activities;\nAnalytics and search engine providers that assist us in the improvement and optimization of the website; and\nSystems integrators and service providers who resell our products and services.\nService providers that are provided access to Personal Information are evaluated by our vendor risk management program and agree to appropriate security and privacy safeguards when accessing or storing our Personal Information.",Categories of Personal Information Shared / Disclosed
42650,WS_59,"Any identifying information in such requests will be used solely for verification, and to communicate with you.",Methods to exercise rights
42662,WS_59,"Some of the data we collect is anonymous information sent by your browser when you visit our websites, however if/when you identify yourself by filling out a form, some data (such as what pages you view on our websites) will be connected to your personal information.",Categories of Personal Information Collected
42686,WS_59,Medallia’s customers may electronically submit data or information for hosting and processing purposes (“Customer Data”).,Categories of Personal Information Collected
42731,WS_60,Request Correction of your personal information where it is inaccurate or incomplete.,Description of Right to Correct Information
42732,WS_60,"In some cases, we may provide self-service tools that enable you to update your personal information;",Description of Right to Correct Information
42735,WS_60,"If you would like to exercise any of these rights, please contact our customer support via the Help Center in the Mercari app or website or email us at us-datarequest@mercari.com.",Methods to exercise rights
42890,WS_62,"Your right to opt-out is limited to information we “sell” to these third parties. “Sell” in this case does not mean providing data in exchange for money – we don’t do that. “Sell” instead means the disclosure of data, including technical device data that does not identify you directly, when a third party might use that data for its own purposes, such as for personalized advertising.",Description of Right to Opt-out of sale of PI
42892,WS_62,"Right to Non-Discrimination: We will not discriminate against you, in terms of price or services that we offer, if you submit one of the rights requests listed above.",Description of Right to Non-discrimination on exercising rights
42896,WS_62,"“Fitness and Wellness Data” includes data you provide related to your dietary habits, dietary restrictions, fitness activity, fitness goals, lifestyle (e.g., sleeping habits), life events, fitness goals, height, weight, measurements, fitness level, heart rate, sleep data, BMI, biometric data, and similar types of data relating to physiological condition, and activity.",Categories of Personal Information Shared / Disclosed
42933,WS_62,Beacons can be used on web pages for advertising or to confirm the opening of a marketing email.,Categories of Personal Information Collected
42971,WS_63,"Google’s ability to use and share information collected by Google Analytics about your use of the Services or visits to the Site or to another application which partners with Google is restricted by the Google Analytics Terms of Use and the Google Privacy Policy available at: http://www.google.com/policies/privacy.\n\nSocial Media Widgets: Our Site includes social media features, such as Facebook, LinkedIn, and Twitter.",Categories of Personal Information Shared / Disclosed
42984,WS_63,"HOW WE SHARE INFORMATION\nWe share your Personal Information with our service providers, among our entities, in connection with the provision of the Services, a corporate restructuring, to prevent harm, to comply with the law, and to protect our legal rights.",Categories of Personal Information Shared / Disclosed
42987,WS_63,We may share your Personal Information with third parties so that they may provide you with information about products or services that may be of interest to you.,Categories of Personal Information Shared / Disclosed
43017,WS_63,Right of Correction\n\nYou have the right to request that Synchrony and our service providers correct any Personal Information about yourself which Synchrony has collected from you upon receipt of a verifiable request.,Description of Right to Correct Information
43035,WS_63,You have the right to request that Synchrony and our service providers erase any Personal Information about yourself which Synchrony has collected from you upon receipt of a verifiable request.,Description of Right to Delete
43037,WS_63,You have the right to request that Synchrony and our service providers correct any Personal Information about yourself which Synchrony has collected from you upon receipt of a verifiable request.,Description of Right to Correct Information
43038,WS_63,You or your authorized agent can submit your request by calling us at 1-844-894-3960 or visiting our request website at https://www.synchronycredit.com/cpra/.,Methods to exercise rights
43058,WS_64,"We collect this information directly from you.\nInternet or other network activity information:\nThis includes information such as Internet speed, error rates, app download and usage, firmware version, configuration settings, Wifi settings, Internet speed, voltage information, storage information, error rates, App download and usage, services and feature usage, crash diagnostics, and other performance information.",Categories of Personal Information Collected
43114,WS_64,The right to non-discrimination means that you will not receive any discriminatory treatment when you exercise any of your privacy rights.,Description of Right to Non-discrimination on exercising rights
43116,WS_64,"""As further explained in the section below, we do not “sell” or """"share"""" Personal Information.""",Categories of Personal Information Sold
43175,WS_65,"Categories of personal data we sell or disclose for targeted advertising\nThe following chart provides information about the types of Personal Data, whether such Personal Data is disclosed or sold, the categories of third parties to whom we sold or disclosed the information for targeted advertising or cross-context advertising in the last 12 months and the business or commercial purposes for which we sell or disclose the Personal Data for targeted advertising or cross-context advertising (under California law, this is called “Sharing”).\n\nTypes of Personal Data Sold or Disclosed for Targeted Advertising\nThird parties to whom Sold or Disclosed for Targeted Advertising\nBusiness or commercial purposes for Selling or Disclosing for Targeted Advertising \nTypes of Personal Data Identifiers such as: a real name, alias, postal address, unique personal identifier, online identifier, Internet Protocol address, email address, account name, or other similar identifiers\nSold or Disclosed for Targeted AdvertisingSold; Disclosed for Advertising\nThird parties to whom Sold or Disclosed for Targeted AdvertisingService providers, marketing and promotional partners, and third parties for operational purposes (e.g., dealers)\nBusiness or commercial purposes for Selling or Disclosing for Targeted Advertising As described above (e.g., to provide you with products and services and internal purposes)\nTypes of Personal Data Commercial information, including: records of personal property, products or services, purchased, obtained, or considered, or records of other purchasing or consuming histories or tendencies\nSold or Disclosed for Targeted AdvertisingSold; Disclosed for Advertising\nThird parties to whom Sold or Disclosed for Targeted AdvertisingService providers, and marketing and promotional partners\nBusiness or commercial purposes for Selling or Disclosing for Targeted Advertising As described elsewhere (e.g., internal purposes and marketing purposes)\nTypes of Personal Data Internet or other electronic network activity information, including, but not limited to, browsing history, search history, and information regarding a consumer’s interaction with a website, application, or advertisement\nSold or Disclosed for Targeted AdvertisingSold; Disclosed for Advertising\nThird parties to whom Sold or Disclosed for Targeted AdvertisingService providers, and marketing and promotional partners\nBusiness or commercial purposes for Selling or Disclosing for Targeted Advertising As described above regarding cookies (e.g., internal purposes and marketing purposes)\nTypes of Personal Data Information collected directly from vehicles\nSold or Disclosed for Targeted AdvertisingSold; Disclosed for Advertising\nThird parties to whom Sold or Disclosed for Targeted AdvertisingService providers, third parties for marketing purposes, service providers for the provision of services\nBusiness or commercial purposes for Selling or Disclosing for Targeted Advertising As described above\nTypes of Personal Data Geolocation data\nSold or Disclosed for Targeted AdvertisingSold; Disclosed for Advertising Third parties to whom Sold or Disclosed for Targeted AdvertisingService providers, and marketing and promotional partners\nBusiness or commercial purposes for Selling or Disclosing for Targeted Advertising As described above regarding cookies (e.g., internal, marketing, warranty and other operational and business purposes)\nTypes of Personal Data Inferences drawn from any Personal Data collected to create a profile about a consumer reflecting the consumer’s preferences, characteristics, psychological trends, predispositions, behavior, attitudes, intelligence, abilities, and aptitudes\nSold or Disclosed for Targeted AdvertisingSold; Disclosed for Advertising\nThird parties to whom Sold or Disclosed for Targeted AdvertisingService providers, marketing and promotional partners, third parties for operational purposes (e.g., dealers) Business or commercial purposes for Selling or Disclosing for Targeted Advertising As described above, in order to facilitate more targeted marketing, as well as for internal reporting and analytics purposes",Categories of Personal Information Sold
43181,WS_65,"For further details about this information, please visit the Categories of Information We Collect above.",Description of Right to Know PI Collected
43185,WS_65,The Right to Request Deletion of Personal Data about You\nCertain state residents have a right to request the deletion of their Personal Data collected or maintained by Nissan.,Description of Right to Delete
43190,WS_65,"The Right to Limit the Use or Disclosure of Sensitive Personal Data\nCertain state residents have a right to limit the use or disclosure of Sensitive Personal Data, including one’s precise geolocation, by Nissan.",Description of Right to Limit use of PI
43192,WS_65,The Right to Non-Discrimination for the Exercise of a Consumer’s Privacy Rights\nYou have a right not to receive discriminatory treatment by Nissan for exercising any of your privacy rights conferred by your state’s consumer privacy laws.,Description of Right to Non-discrimination on exercising rights
43193,WS_65,"Nissan will not discriminate against any consumer because such person exercised any of the consumer’s rights under these privacy laws, including, but not limited to:\ndenying goods or services\ncharging different prices or rates for goods and services, including through the use of discounts or other benefits or imposing penalties\nproviding a different level or quality of goods or services\nsuggesting that the consumer will receive a different price or rate for goods or services or a different level or quality of goods or services",Description of Right to Non-discrimination on exercising rights
43195,WS_65,The right to correct,Description of Right to Correct Information
43219,WS_65,"Types of Personal Data Sold or Disclosed for Targeted Advertising\nThird parties to whom Sold or Disclosed for Targeted Advertising\nBusiness or commercial purposes for Selling or Disclosing for Targeted Advertising \nTypes of Personal Data Identifiers such as: a real name, alias, postal address, unique personal identifier, online identifier, Internet Protocol address, email address, account name, or other similar identifiers\nSold or Disclosed for Targeted AdvertisingSold; Disclosed for Advertising\nThird parties to whom Sold or Disclosed for Targeted AdvertisingService providers, marketing and promotional partners, and third parties for operational purposes (e.g., dealers)\nBusiness or commercial purposes for Selling or Disclosing for Targeted Advertising As described above (e.g., to provide you with products and services and internal purposes)\nTypes of Personal Data Commercial information, including: records of personal property, products or services, purchased, obtained, or considered, or records of other purchasing or consuming histories or tendencies\nSold or Disclosed for Targeted AdvertisingSold; Disclosed for Advertising\nThird parties to whom Sold or Disclosed for Targeted AdvertisingService providers, and marketing and promotional partners\nBusiness or commercial purposes for Selling or Disclosing for Targeted Advertising As described elsewhere (e.g., internal purposes and marketing purposes)\nTypes of Personal Data Internet or other electronic network activity information, including, but not limited to, browsing history, search history, and information regarding a consumer’s interaction with a website, application, or advertisement\nSold or Disclosed for Targeted AdvertisingSold; Disclosed for Advertising\nThird parties to whom Sold or Disclosed for Targeted AdvertisingService providers, and marketing and promotional partners\nBusiness or commercial purposes for Selling or Disclosing for Targeted Advertising As described above regarding cookies (e.g., internal purposes and marketing purposes)\nTypes of Personal Data Information collected directly from vehicles\nSold or Disclosed for Targeted AdvertisingSold; Disclosed for Advertising\nThird parties to whom Sold or Disclosed for Targeted AdvertisingService providers, third parties for marketing purposes, service providers for the provision of services\nBusiness or commercial purposes for Selling or Disclosing for Targeted Advertising As described above\nTypes of Personal Data Geolocation data\nSold or Disclosed for Targeted AdvertisingSold; Disclosed for Advertising Third parties to whom Sold or Disclosed for Targeted AdvertisingService providers, and marketing and promotional partners\nBusiness or commercial purposes for Selling or Disclosing for Targeted Advertising As described above regarding cookies (e.g., internal, marketing, warranty and other operational and business purposes)\nTypes of Personal Data Inferences drawn from any Personal Data collected to create a profile about a consumer reflecting the consumer’s preferences, characteristics, psychological trends, predispositions, behavior, attitudes, intelligence, abilities, and aptitudes\nSold or Disclosed for Targeted AdvertisingSold; Disclosed for Advertising\nThird parties to whom Sold or Disclosed for Targeted AdvertisingService providers, marketing and promotional partners, third parties for operational purposes (e.g., dealers) Business or commercial purposes for Selling or Disclosing for Targeted Advertising As described above, in order to facilitate more targeted marketing, as well as for internal reporting and analytics purposes",Categories of Personal Information Sold
43222,WS_65,"Certain state residents have the right to request that Nissan correct the Personal Data it collects, uses, discloses, and sells.",Description of Right to Correct Information
43223,WS_65,Certain state residents have a right to request the deletion of their Personal Data collected or maintained by Nissan.,Description of Right to Delete
43225,WS_65,"Certain state residents have a right to limit the use or disclosure of Sensitive Personal Data, including one’s precise geolocation, by Nissan.",Description of Right to Limit use of PI
43227,WS_65,Nissan uses and discloses Sensitive Personal Information for exempted business purposes not subject to Requests to Limit the Use or Disclosure of such information.,Description of Right to Limit use of PI
43290,WS_66,"Biometric information. ||| 1: Genetic, physiological, behavioral, and biological characteristics, or activity patterns used to extract a template or other identifier or identifying information, such as, fingerprints, faceprints, and voiceprints, iris or retina scans, keystroke, gait, or other physical patterns, and sleep, health, or exercise data. ||| 2: NO\n\n0: F.",Categories of Personal Information Collected
43308,WS_66,"Sale or Sharing of Personal Information\n\n\nIn the preceding twelve (12) months, Office Depot has sold or shared (as these terms are defined under Privacy Laws) the following categories of personal information. (Office Depot does not knowingly collect, sell, or share the personal information of individuals under the age of 16).\n\nCategory A: Identifiers.\nCategory B: Personal information categories listed in certain applicable laws (including the California Customer Records statute (Cal.",Categories of Personal Information Sold
43309,WS_66,Code § 1798.80(e)))\nCategory D: Commercial information.\nCategory F: Internet or other similar network activity.\nCategory G: Geolocation data.\nCategory I: Professional or employment-related information.\nCategory K: Inferences drawn from other personal information.,Categories of Personal Information Sold
43312,WS_66,"Once we receive and confirm your verifiable consumer request, we will disclose to you::\n\nThe categories of personal information we collected about you, the categories of information we shared for a business purpose and the categories of information we sold during the prior 12 months.\nThe specific pieces of personal information we collected about you since January 1, 2022, subject to certain exceptions. \n",Description of Right to Know PI sold / shared
43314,WS_66,"Deletion Request Rights\n\n\nYou have the right to request that Office Depot delete your personal information that we collected from you and retained, subject to certain exceptions.",Description of Right to Delete
43317,WS_66,"Penal Code § 1546 et. seq.).\nEngage in public or peer-reviewed scientific, historical, or statistical research that conforms or adheres to all other applicable ethics and privacy laws, when the information’s deletion may likely render impossible or seriously impair the research’s ability to complete such research, if you previously provided informed consent.\nEnable solely internal uses that are reasonably aligned with consumer expectations based on your relationship with us and compatible with the context in which you provided the information.\nComply with a legal obligation.\nMake other internal and lawful uses of that information that are compatible with the context in which you provided it",Description of Right to Delete
43320,WS_66,"In some cases, for instance if you have an account with us, you can update your information by logging into your account.",Description of Right to Correct Information
43323,WS_66,"Right to Limit Use and Disclosure of Sensitive Personal Information\n\nYou have the right, at any time, to direct us to limit our use of your sensitive personal information to that use which is necessary to perform the services or provide the goods reasonably expected by an average consumer who requests those goods or services.",Description of Right to Limit use of PI
43324,WS_66,This does not include sensitive personal information that is collected or processed without the purpose of inferring characteristics about you.,Description of Right to Limit use of PI
43345,WS_66,We share information with our business and marketing partner,Categories of Personal Information Shared / Disclosed
43361,WS_66,"Code § 1798.80(e))).\n\nA name, signature, address, telephone number, education, driver’s license number, Social Security Number, credit card number, debit card number, or any other methods of payment for our products, or medical information.\nSome personal information included in this category may overlap with other categories.\n\nYES\n\n",Categories of Personal Information Sold
43488,WS_67,"If you choose to register for or attend a virtual or in-person event or webinar that we host (such as our Oktane customer conference), enter a contest or raffle with us and a sponsor, or download content (such as a whitepaper) from our website, then we may disclose your contact information, content interest information or other activity data, and any other information, including Personal Data, collected in the course of these activities for commercial purposes to those sponsors.",Categories of Personal Information Shared / Disclosed
43514,WS_67,"You have the right to rectify inaccurate Personal Data and, taking into account the purpose of processing, to ensure it is complete.",Description of Right to Correct Information
43523,WS_67,Right to Non-Discrimination for the Exercise of Your Privacy Rights.,Description of Right to Non-discrimination on exercising rights
43551,WS_67,Right to Correct Inaccurate Personal Data.,Description of Right to Correct Information
43553,WS_67,You have the right not to receive discriminatory treatment by us for the exercise of your privacy rights conferred by the CCPA.,Description of Right to Non-discrimination on exercising rights
43589,WS_67,"The data disclosed in this category is not Personal Data.\n\nOkta Communities, Help Center, and Other User Generated Content.",Categories of Personal Information Shared / Disclosed
43612,WS_68,Darden and the companies we work with may collect some certain information when you visit one of our sites or see our ads.,Categories of Personal Information Collected
43629,WS_68,"When you sign up with our eClub or rewards and provide us with your contact information, we may also use that information to contact you with news and special offers.\n\nTo the extent permitted by applicable law and with your consent where required, we also use information collected through automated means for purposes such as (i) customizing our users’ visits to our site, (ii) delivering content (including advertising) tailored to our users’ interests and the manner in which our users browse our site, and (iii) managing our site and other aspects of our business.",Categories of Personal Information Collected
43633,WS_68,"Members of the Darden family who receive this information from us are not authorized to use or disclose the information except as set out in this privacy statement.\nThird Parties: In order to serve you, we disclose your Personal Information to service providers or third parties that perform functions on our behalf.",Categories of Personal Information Shared / Disclosed
43655,WS_68,You or your authorized agent may exercise this right by submitting a verifiable consumer request to us by either:\n\nSubmitting your request here\nCalling 1-888-467-4123,Methods to exercise rights
43658,WS_68,"The Right to Correct Your Information\nYou or your authorized agent have the right to request that any inaccurate or incomplete Personal Information held by us or on our behalf is corrected, by contacting us.",Description of Right to Correct Information
43659,WS_68,We will take reasonable steps to ensure the accuracy of the Personal Information we retain about you.,Description of Right to Correct Information
43660,WS_68,"It is your responsibility to ensure you submit true, accurate, and complete information to us, and timely update us in the event this information changes.",Description of Right to Correct Information
43664,WS_68,The Right to Limit the Use of Sensitive Personal Information Processing\nDarden uses and discloses sensitive personal information only for purposes permitted under California law.,Description of Right to Limit use of PI
43665,WS_68,We therefore do not offer a right to limit the use and disclosure of such information.,Description of Right to Limit use of PI
43669,WS_68,"Participation in a financial incentive program requires your prior opt in consent, which you may revoke at any time.",Description of Right to Non-discrimination on exercising rights
43686,WS_68,"Ruth’s Chris\nWe may collect your Personal Information from other sources:\n\nThird Parties: We may, from time to time, supplement the information we collect about you from third-party sources from whom we collect or purchase Personal Information in order to enhance our ability to serve you, tailor content to you, and offer you products or services that we believe may be of interest to you.",Categories of Personal Information Collected
43694,WS_68,"As part of that sale or transfer, we may pass the information we have collected and stored, including Personal Information, to anyone involved in the sale or transfer.",Categories of Personal Information Sold
43703,WS_68,Any change to this Notice will be posted on our Sites and your continued use of such Site shall be deemed your acceptance of any modified terms.,Updated Privacy Policy
43760,WS_69,"Delete or correct information about you\n\nUnless retained solely for legal and compliance purposes, Oracle will delete or correct your online or offline personal information, upon request, as set forth below:",Description of Right to Delete
43762,WS_69,"In order to exercise your right to access your online information processed by Oracle Advertising, you can use the Oracle Advertising Registry (‘Registry’) to view the online segments Oracle has associated with your device.",Methods to exercise rights
43764,WS_69,"To request access to your offline information, please visit the Oracle Advertising access site, available at https://datacloudoptout.oracle.com/request-your-data.",Methods to exercise rights
43769,WS_69,delete personal information we collected from you or correct inaccurate personal information about you (see Section 13); or,Description of Right to Delete
43771,WS_69,Oracle will not discriminate against you if you exercise these rights under the CCPA.,Description of Right to Non-discrimination on exercising rights
43776,WS_69,"In case there is an important change that we want to highlight to you, we will also inform you in another way (for example, via a pop-up notice or statement of changes on our website).",Updated Privacy Policy
43805,WS_69,delete personal information we collected from you or correct inaccurate personal information about you (see Section 13);,Description of Right to Correct Information
43812,WS_70,"If you make a purchase, you will need to provide certain personal identifiers, such as your name, physical address, and email address, as well as customer records information, including payment card number.\n\nEngage with social media.",Categories of Personal Information Collected
43835,WS_70,We may also use cookies to customize your visit to the Website and/or Mobile Application and for other purposes to make your visit more convenient or to enable us to enhance our services.,Categories of Personal Information Collected
43836,WS_70,"Analytics\nWe may work with third-party service providers who use the technologies described in this section to conduct website analytics to help us track and understand how visitors use our Website, Mobile Application or other services.\n\n",Categories of Personal Information Collected
43870,WS_70,Right to opt out of selling or sharing.,Description of Right to Opt-out of sale of PI
43877,WS_70,You have the right to limit the use or disclosure of your SPI if we are using your SPI beyond what is reasonable and proportionate to provide the requested goods or services.\n\n,Description of Right to Limit use of PI
43878,WS_70,You have the right not to receive discriminatory treatment by us for the exercise of your CCPA privacy rights.,Description of Right to Non-discrimination on exercising rights
43879,WS_70,"Unless permitted by the CCPA, we will not:\n\nDeny you goods or services.\n\nCharge you different prices or rates for goods or services, including through granting discounts or other benefits, or imposing penalties.\n\nProvide you a different level or quality of goods or services.\n\nSuggest that you may receive a different price or rate for goods or services or a different level or quality of goods or services.",Description of Right to Non-discrimination on exercising rights
43881,WS_70,"Sale of Information\nIn the preceding 12 months, Party City has sold your internet or other electronic network activity collected via cookies and other tracking technologies to data analytics providers and ad networks.",Categories of Personal Information Sold
43891,WS_70,"To the extent required by the California Consumer Privacy Laws, you may limit the processing of your sensitive personal information by contacting us through the methods noted above.",Description of Right to Limit use of PI
43910,WS_71,"· IP address and type of browser you are using (e.g., Firefox, Internet Explorer)",Categories of Personal Information Collected
43948,WS_71,Enforcing the legal terms that govern your use of our Sites: We use your information in this way in order to comply with a legal obligation;,Categories of Personal Information Shared / Disclosed
44006,WS_71,You have the right to request that we disclose to you the following information about our collection and use of your personal information over the twelve (12) months prior to your request:,Description of Right to Know PI Collected
44076,WS_71,"You have the right to request that we disclose to you the following information about our collection and use of your personal information over the twelve (12) months prior to your request:\n\n· The categories of personal information we collect about you.\n\n· The categories of sources for the personal information we collect about you.\n\n· Our business or commercial purpose for collecting or selling that personal information.\n\n· The categories of third parties with whom we share that personal information.\n\n· The specific pieces of personal information collected about you.\n\n· If we disclosed or sold your personal information for a business purpose, (i) a list of the categories of personal information we have disclosed in the prior twelve months and (ii) a list of the categories of personal information we have sold in the prior twelve months.",Description of Right to Know PI Collected
44083,WS_71,"We encourage you to periodically check back and review this policy so that you always will know what information we collect, how we use it, and to whom we disclose it.",Updated Privacy Policy
44090,WS_72,"We will collect Information that you provide to us when you use the Services, such as when you (1) create an account; (2) make a purchase; (3) participate in events or promotions; (4) send questions or comments via the Service, email, or chat to Poshmark or other users; (5) fill out surveys; or (6) otherwise communicate with us or other users through or about the Services.",Categories of Personal Information Collected
44092,WS_72,"Poshmark uses a variety of technologies to collect Information, including cookies, web beacons, pixel tracking technology, and the like.",Categories of Personal Information Collected
44124,WS_72,"We may share your Information with our channel partners, subsidiaries, affiliates, professional advisors (such as financial, insurance, legal accounting, or otherwise), joint ventures, or any other company, to fulfill obligations and requests, to deliver provide users information about Poshmark and other purposes in Poshmark’s sole discretion in its provision of the Services.",Categories of Personal Information Shared / Disclosed
44128,WS_72,"Poshmark will share your Information with companies that provide a service to Poshmark, such as database maintenance, identity verification, fraud monitoring, payment processing, storage, hosting, etc.\nThird Parties.",Categories of Personal Information Shared / Disclosed
44178,WS_72,"Do Not Sell.\nWe do not sell your Personal Data in the conventional sense (i.e., for money).",Categories of Personal Information Sold
44179,WS_72,"However, like many companies, we use services that collect information from You (to deliver advertisements to You for example) and this may classify this use as a “sale” of your Personal Data",Categories of Personal Information Sold
44184,WS_72,"You have the right to request that we disclose the Personal Information we collect, use, disclose and sell about you.",Description of Right to Know PI Collected
44185,WS_72,"Section 2 of this Policy explains the categories of Personal Information we collected over the past twelve (12) months, why we collected this information, and the third parties with which we shared it.",Description of Right to Know PI sold / shared
44187,WS_72,Such as questions and feedback You send to Us,Categories of Personal Information Sold
44225,WS_73,You can also request that we delete your personal information.,Description of Right to Delete
44233,WS_73,"Non-Discrimination\n\nWe will not discriminate against you for exercising any of your rights under State Privacy Laws and we will not deny you goods or services, charge you a different price, or provide you with a lesser quality of goods or services if you exercise any of your rights under State Privacy Laws.",Description of Right to Non-discrimination on exercising rights
44241,WS_73,"Corporate Transactions\n\nWe may share personal information with parties to business transactions such as those we deal with in mergers, acquisitions, joint ventures, sales of assets, reorganizations, divestitures, dissolutions, bankruptcies, liquidations, or other types of business transactions.",Categories of Personal Information Sold
44254,WS_73,To learn more or opt out from these companies you can visit http://www.networkadvertising.org/choices/ and https://www.aboutads.info/choices/.,Methods to exercise rights
44263,WS_73,"Internet or other electronic activity: your browsing and click history, including information about how you navigate within our services and which elements of our services you use the most;\nCommercial information: products purchased or viewed on our website;",Categories of Personal Information Sold
44267,WS_74,We collect personal information when you use our Services.\nPersonal information is any information that identifies or makes an individual identifiable.,Categories of Personal Information Collected
44324,WS_74,"While these cookies can be disabled, this may result in less functionality during your use of our Services.",Categories of Personal Information Collected
44344,WS_74,Right to Opt-Out of Selling .,Description of Right to Opt-out of sale of PI
44356,WS_74,"We will not discriminate against you for exercising your right to know, delete or opt-out of sales.",Description of Right to Non-discrimination on exercising rights
44370,WS_75,"Effective date: May 3, 2023",Updated Privacy Policy
44373,WS_75,"You may provide your name, phone number, email address, zip code, marital status, financial goals, household income, home ownership status, details about your family, Twitter handle, Facebook profile and other details you may submit to us.",Categories of Personal Information Collected
44409,WS_75,We may add this information to the information we have already collected from you via our website in order to improve the Services we provide.,Categories of Personal Information Collected
44413,WS_75,CHANGES TO THIS PRIVACY POLICY.,Updated Privacy Policy
44421,WS_75,"Continued use of our website, Products, or related services, following notice of such changes shall indicate your acknowledgement of such changes and agreement to be bound by the terms and conditions of such changes.",Updated Privacy Policy
44470,WS_75,"To do this, follow the instructions in your browser settings.",Methods to exercise rights
44471,WS_75,Blocking advertising ID use in your mobile settings.,Methods to exercise rights
44472,WS_75,Your mobile device settings may provide functionality to limit use of the advertising ID associated with your mobile device for interest-based advertising purposes.\nUsing privacy plug-ins or browsers.,Methods to exercise rights
44517,WS_76,"You may request that we correct inaccurate information we maintain about you, subject to some exceptions and, if necessary, independent verification.",Description of Right to Correct Information
44520,WS_76,You have the right not to be discriminated against if you exercise any of these rights.,Description of Right to Non-discrimination on exercising rights
44521,WS_76,"Please note that a legitimate denial of a request to know or access, delete, correct, or opt out is not discriminatory, nor is charging a fee for excessive or repetitive consumer requests as permitted by the CCPA/CPRA.",Description of Right to Non-discrimination on exercising rights
44580,WS_76,Industry groups such as the Digital Advertising Alliance and the Network Advertising Initiative have developed services to help you manage your Interest Based Advertising preferences.,Description of Right to Opt-out of sale of PI
44590,WS_76,"We will not discriminate against you for exercising any of your CCPA/CPRA Rights and we will not deny you goods or services, charge you a different price, or provide you with a lesser quality of goods or services if you exercise any of your CCPA/CPRA Rights.",Description of Right to Non-discrimination on exercising rights
44705,WS_77,"If we make any material changes to this Privacy Policy, we will notify you by reasonable means, which may be by e-mail or posting a notice of the changes on our website or through the relevant Service’s mobile app prior to the changes becoming effective.",Updated Privacy Policy
44722,WS_77,"If we Sold, Shared or disclosed your Personal Information for a Business Purpose, you have the right to request that we disclose to you the Personal Information, by category, for each type of third party to whom such Personal Information was sold or disclosed.",Description of Right to Know PI sold / shared
44727,WS_77,Right to Correct\nCalifornia residents have the right to request that we correct any of your Personal Information that is inaccurate by submitting a Verifiable Request.,Description of Right to Correct Information
44735,WS_77,We will not discriminate against you for exercising any of your CCPA rights.,Description of Right to Non-discrimination on exercising rights
44761,WS_78,"Google Analytics may also receive information about you from apps you have downloaded, that partner with Google.",Categories of Personal Information Shared / Disclosed
44787,WS_78,Our use of cookies and other tracking technologies may be considered a sale or sharing of Personal Information under the CCPA.,Categories of Personal Information Sold
44789,WS_78,Categories of third parties to whom Personal Information is sold under the CCPA include data analytics providers and advertising and marketing providers,Categories of Personal Information Sold
44799,WS_78,Within the Cookie Setting you can choose your cookie preferences.,Methods to exercise rights
44801,WS_78,Synchrony does not sell any Personal Information of California Consumers for monetary consideration.,Categories of Personal Information Sold
44802,WS_78,"However, we use certain third-party advertising and analytical cookies that may be considered “sales” or “sharing” of data under California law.",Categories of Personal Information Sold
44803,WS_78,Right of Erasure\n\nYou have the right to request that Synchrony and our service providers erase any Personal Information about yourself which Synchrony has collected from you upon receipt of a verifiable request.,Description of Right to Delete
44806,WS_78,Right of Correction\n\nYou have the right to request that Synchrony and our service providers correct any Personal Information about yourself which Synchrony has collected from you upon receipt of a verifiable request.,Description of Right to Correct Information
44829,WS_78,"Social Media Widgets: Our Site includes social media features, such as Facebook, LinkedIn, and Twitter.",Categories of Personal Information Shared / Disclosed
44833,WS_78,We analyze how our users interact with our Site and utilize our Services to better understand their needs and conduct marketing and advertising activities to promote our brand.,Categories of Personal Information Shared / Disclosed
44854,WS_78,This right is subject to certain restrictions,Description of Right to Delete
44871,WS_79,"A. ||| 1: Personal Information We Collect may include:\n\n0: Personal Identifiers ||| 1: Real name Email address Postal address Phone number IP address Account name (e.g., username, alias/store name) Device ID Social security number (as applicable from Sellers) PayPal ID (email address) Birth year\n\n",Categories of Personal Information Collected
44920,WS_79,"C.\n\nCategories of third parties with whom we share this Personal Information:\n\nCommercial Information\n\nService Providers (payment processor; security and fraud prevention services; hosting and other technology and communications providers; analytics and advertising providers; staff augmentation and contract personnel)\nAcquirers or other parties that might receive Personal Information through a change of control\nOther Members, Partners or third parties at users’ direction\n",Categories of Personal Information Shared / Disclosed
45023,WS_79,"Third Parties, In Connection With a Merger, Acquisition, or Other Change of Control\nAs part of a merger, acquisition, bankruptcy or other transaction in which a third party assumes control of our business (in whole or in part), we may transfer the data we have collected, including Personal Information, to the third party.",Categories of Personal Information Shared / Disclosed
45027,WS_79,"Other Third Parties, At Your Direction.\nWe may share your Personal Information with other third parties as authorized, directed or requested by you.",Categories of Personal Information Shared / Disclosed
45047,WS_79,"As of January 1, 2023, you have the right to opt out of the sharing of your Personal Information for targeted behavioral advertising purposes which you can initiate through accessing the link on our homepage titled “Do not share or sell my personal info” (which will be available as of January 1, 2023).",Description of Right to Opt-out of sale of PI
45055,WS_79,Use of information we collect is subject to the Policy in effect at the time such information is collected.,Updated Privacy Policy
45117,WS_80,"THUMBTACK MAY, IN ITS SOLE AND ABSOLUTE DISCRETION, CHANGE THIS POLICY AT ANY TIME.",Updated Privacy Policy
45127,WS_80,You also have the right to not be discriminated against (as provided for in California law) for exercising certain of your rights referenced herein.,Description of Right to Non-discrimination on exercising rights
45135,WS_80,"As part of this advertising, we may “share” certain identifiers (like IP address and email address), internet or other electronic network activity information (like information regarding an individual’s browsing interactions on the Platform), and commercial information (like the fact that a browser visited a page with home improvement tips) with advertising platforms and advertising networks.\n\nTo opt out of our “sale” and “sharing” of your personal information as described above, you may follow the instructions on our “sale” and “sharing” opt-out page here.",Description of Right to Opt-out of sale of PI
45137,WS_80,"Under the CCPA, these may be considered “sales” of your personal information.",Categories of Personal Information Sold
45202,WS_81,You have the right to request that we delete Personal Information about you that we have collected from you.,Description of Right to Delete
45214,WS_81,You may use social networks or other online services to access our Sites.,Categories of Personal Information Collected
45233,WS_81,"Requests to Exercise Your Rights\n\nYou may request to exercise the foregoing rights by:\n\nSubmitting a request online, or\nCalling us toll-free at 1-833-TRUECAR, or",Methods to exercise rights
45243,WS_82,"We may also save your information to facilitate new product orders or process returns.\nTo communicate with you, provide services or, serve you content and/or promotions, and send you notices.\nTo provide you with support and to respond to your inquiries, including to investigate and address your concerns and monitor and improve Our responses.\nTo process your requests, purchases, transactions, and payments and prevent transactional fraud.\nTo support, personalize, and develop Our Websites, products, and services.\nTo create, maintain, customize, and secure your account with Us.\nWe use your IP address to help diagnose problems with Our server and to administer Our website.",Categories of Personal Information Collected
45252,WS_82,"""You may opt-out of sharing your information by selecting """"Do Not Sell or Share My Personal Information.""""\n\nIdentifiers and contact information\nCommercial information\nInternet or other electronic network activity information""",Categories of Personal Information Shared / Disclosed
45256,WS_82,This section describes your privacy rights and explains how to exercise those rights.,Description of Right to Know PI Collected
45262,WS_82,Any changes will be effective immediately upon posting of the revised Privacy Policy and your continued use of the website indicates your consent to the Privacy Policy then posted.,Updated Privacy Policy
45269,WS_82,Identifiers and contact information\nCommercial information\nInternet or other electronic network activity information,Categories of Personal Information Shared / Disclosed
45282,WS_82,We do not use cookies to store payment card numbers or any other personal identification.,Categories of Personal Information Collected
45320,WS_83,"We may associate this tracking data with any personal information you provide, in which case we will treat it as personal information.",Categories of Personal Information Collected
45358,WS_84,"Effective October 4, 2023",Updated Privacy Policy
45438,WS_84,They also provide the right to not be discriminated against for exercising these privacy rights.,Description of Right to Non-discrimination on exercising rights
45500,WS_84,"You can modify your interests, choose whether your personal information is used to make ads more relevant to you, and turn on or off certain advertising services.",Description of Right to Opt-out of sale of PI
45515,WS_84,"There are other ways to control the information Google collects whether or not youâ€™re signed in to a Google Account, including:",Methods to exercise rights
45518,WS_84,"But remember that our services rely on cookies to function properly, for things like remembering your language preferences.",Methods to exercise rights
45569,WS_84,"Maintaining our services: Google uses information to ensure our services are working as intended, such as tracking outages or troubleshooting bugs and other issues that you report to us.",Categories of Personal Information Shared / Disclosed
45574,WS_84,"Advertising: Google processes information to provide advertising, including online identifiers, browsing and search activity, and information about your location and interactions with advertisements.",Categories of Personal Information Shared / Disclosed
45578,WS_84,"Third parties with your consent, such as services that integrate with Googleâ€™s services",Categories of Personal Information Shared / Disclosed
45841,WS_85,"Who Do We Disclose It To?\nService providers that process information on our behalf, such as shipping vendors, providers of digital analytics services, and fraud prevention.\nManufacturers of products and providers of extended warranty services.\nJoint marketing partners.\nFinancial services companies, such as for home improvement loans, processing payments, and for managing The Home Depot credit card accounts.\nAny successor to all or part of our business.\nAdvisors and consultants.\nAdvertising partners.",Categories of Personal Information Sold
45852,WS_85,"Who Do We Disclose It To?\nService providers that process information on our behalf, such as data storage providers.\nFinancial services companies, such as for home improvement loans, processing payments, and for managing The Home Depot credit card accounts.\nAny successor to all or part of our business.\nAdvisors and consultants.\nLaw enforcement, public and government authorities, and other entities as we deem reasonably necessary to comply with law, support investigations, and protect the rights and property of you, us, and others.",Categories of Personal Information Sold
45854,WS_85,"Who Do We Disclose It To?\nService providers that process information on our behalf, such as shipping vendors, providers of digital analytics services, and fraud prevention services.\nJoint marketing partners.\nAdvisors and consultants.\nAdvertising partners.\nAny successor to all or part of our business.",Categories of Personal Information Sold
45857,WS_85,"Who Do We Disclose It To?\nService providers that process information on our behalf, such as providers of digital analytics services, and fraud prevention services.\nAdvisors and consultants.\nAdvertising partners.\nJoint marketing partners.\nAny successor to all or part of our business.",Categories of Personal Information Sold
45865,WS_85,Any successor to all or part of our business.\nAdvisors and consultants.\nOur affiliates and subsidiaries.,Categories of Personal Information Sold
45868,WS_85,"Who Do We Disclose It To?\nService providers that process information on our behalf, such as shipping vendors, providers of digital analytics services, and fraud prevention services.\nManufacturers of products and providers of extended warranty services.\nJoint marketing partners.\nFinancial services companies, such as for home improvement loans, processing payments, and for managing The Home Depot credit card accounts.\nAny successor to all or part of our business.\nAdvisors and consultants.\nAdvertising partners.",Categories of Personal Information Sold
45869,WS_85,Our affiliates and subsidiaries.,Categories of Personal Information Sold
45875,WS_85,Our disclosure of such information may be considered a “sale” or “sharing” of personal information as defined under certain state laws,Categories of Personal Information Sold
45885,WS_85,"Collecting payments on behalf of our financial service providers.\nFraud prevention, security, and asset protection.",Categories of Personal Information Sold
45965,WS_85,"Financial services companies, such as for home improvement loans, processing payments, and for managing The Home Depot credit card accounts.\nAny successor to all or part of our business.",Categories of Personal Information Sold
45979,WS_85,Advisors and consultants.\nAdvertising partners.\nJoint marketing partners.\nAny successor to all or part of our business.,Categories of Personal Information Sold
45986,WS_85,"Why Do We Collect and Disclose It?\nCommunicating with you.\nCustomer care.\nImproving our products and services, including improving our store layout and digital content.\nLearning about customer trends and interests.\nAdministering contests and promotions.\nPersonalizing digital content.\nDelivering marketing communications and advertising.\nIdentifying the devices you use to access digital content.\nFraud prevention, security, and asset protection.\nWho Do We Disclose It To?",Categories of Personal Information Sold
45999,WS_85,"Below please find information about these disclosures for information collected solely for our financial and loyalty programs:\n\n\nIdentifiers (such as device identifiers, IP addresses, and hashed email addresses that do not directly identify you) and Commercial Information.\nDisclosed to: Advertising Partners and Joint Marketing Partners.",Categories of Personal Information Sold
46003,WS_85,"Changes to this Privacy and Security Statement\n\nEffective Date: January 1, 2004\n\nLast Revision Date: October 11, 2023",Updated Privacy Policy
46028,WS_86,You also have the right not to receive discriminatory treatment for the exercise of your privacy rights.,Description of Right to Non-discrimination on exercising rights
46043,WS_86,Your Rights: Right to Correct You have the right to request that we correct inaccurate personal information that we maintain about you.,Description of Right to Correct Information
46058,WS_86,"ADDITIONAL PRIVACY MANDATORY DISCLOSURES\n\nWe also make the following disclosures for purposes of compliance with California privacy law:\n\nWe collected the following categories of personal information in the last 12 months: identifiers, characteristics of protected classifications and demographic information, commercial information, Internet or other electronic network activity information, geolocation data, audio, electronic, visual or similar information, and inferences drawn from the above.\n\nThe sources of personal information from whom we collected are: directly from our guests, third-party sites or platforms on which you may use your Hulu account, analytics tools, social networks, advertising networks, and third-party services that update or supplement information we hold about you.\n\n",Categories of Personal Information Collected
46065,WS_86,"Right to Delete\nYou have the right to request that we delete personal information that we collect from you, subject to applicable legal exceptions.",Description of Right to Delete
46066,WS_86,Right to Correct\nYou have the right to request that we correct inaccurate personal information that we maintain about you.,Description of Right to Correct Information
46072,WS_86,"Right to Correct\nYou have the right to request that we correct inaccurate personal information that we maintain about you.\n\nYou can correct some information, such as your contact email, through the account settings on the Hulu website.",Description of Right to Correct Information
46095,WS_86,"Right to Delete You have the right to request that we delete personal information that we collect from you, subject to applicable legal exceptions.",Description of Right to Delete
46096,WS_86,Right to Correct You have the right to request that we correct inaccurate personal information that we maintain about you.,Description of Right to Correct Information
46098,WS_86,Shine the Light Act California residents may request information regarding Hulu’s disclosure of personal information (such as your name and contact information) to third parties who wish to contact you to send you promotional information about their products and services directly (as compared to when the third party is acting on our behalf or you have provided your personal information as part of a co-promotion by Hulu and the third party).,Description of Right to Know PI sold / shared
46143,WS_87,"Changes to This Privacy Statement\nWe will update this Privacy Statement from time to time in response to changing legal, regulatory or operational requirements.",Updated Privacy Policy
46173,WS_87,"We explain our sources of information in the Collection of Information section of our Privacy Statement. (Please see that section for more information that may be of interest to you.) For ease of reference, in regard to CCPA personal information these are:\n\nYou (the consumer) when you provide us CCPA personal information directly, and when we collect it automatically based on your interactions with us (for example, through your computer or other Netflix capable device you might use to access our service (such as gaming systems, smart TVs, mobile devices, set top boxes, and other streaming media devices);\n\nPartners (other companies with whom you have a relationship).",Categories of Personal Information Collected
46183,WS_87,You have a right to request correction of any inaccurate personal information we hold about you.,Description of Right to Correct Information
46186,WS_87,"Finally, you have a right to receive notice of our practices at or before collection of personal information and you have a right not to receive discriminatory treatment for exercising any of your rights described under this section.",Description of Right to Non-discrimination on exercising rights
46207,WS_87,"However, our content recommendations system does not infer or attach socio-demographic information (like gender or race) to you.",Categories of Personal Information Collected
46279,WS_87,"In California, you have the right to request that we disclose: what categories and specific pieces of CCPA personal information have been collected about you; the categories of sources from which CCPA personal information are collected; our business or commercial purpose for collecting, using, disclosing, selling or sharing personal information",Description of Right to Know PI Collected
46345,WS_89,correction of inaccurate information that we have about you;,Description of Right to Correct Information
46359,WS_89,The CCPA also allows you to limit the use or disclosure of your “sensitive personal information” (as defined in the CCPA) if your sensitive personal information is used for certain purposes.,Description of Right to Limit use of PI
46366,WS_89,Your use of the Services or your provision of information to us following such changes indicates your acceptance of the revised Privacy Policy.,Updated Privacy Policy
46385,WS_89,"Depending on where you live, you may have certain rights with respect to your information.\n\nCalifornia, Colorado, Connecticut, Utah and Virginia residents, in addition to residents of the EEA, UK, or Switzerland, may be able to request:\naccess to and/or a copy of certain personal information we hold about you;",Description of Right to Know PI Collected
46397,WS_89,"Your preference may be lost if you clear, or your browser is set to clear, cookies.",Methods to exercise rights
46413,WS_89,deletion of certain personal information we have collected from you;,Description of Right to Delete
46426,WS_89,"Once a year, California residents can also request certain information regarding our disclosure, if any, of certain categories of personal information to third parties for their direct marketing purposes in the preceding calendar year.",Description of Right to Know PI sold / shared
46428,WS_90,"We collect your information to improve the content of our website, to improve the quality of our service, to provide you products and services including through our store, to identify and authenticate our users, to contact you if necessary or with your permission.",Categories of Personal Information Collected
46437,WS_90,The right to delete any personal information we collect about you.,Description of Right to Delete
46439,WS_90,The right to know how and when we sell your personal information or share it for the purpose of cross-context behavioral advertising.,Description of Right to Know PI sold / shared
46470,WS_90,The information we sell\nWe do not sell the personal information that we collect.,Categories of Personal Information Sold
46475,WS_90,You have the following rights concerning the information we collect:\n\nThe right to request disclosure of the categories of personal information and the specific pieces of personal information that we have collected about you.,Description of Right to Know PI Collected
46476,WS_90,"The right to know our purpose for collecting your personal information, the categories of third parties to which we disclose personal information, and the sources from which we collect personal information.\nThe right to be informed about the information we collect about you.",Description of Right to Know PI Collected
46503,WS_90,"The right to request disclosure of the categories of personal information and the specific pieces of personal information that we have collected about you.\nThe right to know our purpose for collecting your personal information, the categories of third parties to which we disclose personal information, and the sources from which we collect personal information.",Description of Right to Know PI Collected
46517,WS_90,How we disclose the information: to our service providers,Categories of Personal Information Shared / Disclosed
46591,WS_91,We cooperate with government and law enforcement officials or private parties to enforce and comply with the law.,Categories of Personal Information Shared / Disclosed
46600,WS_91,"(v) seek correction or amendment of inaccurate, untrue, incomplete, or improperly processed Personal Information;",Description of Right to Correct Information
46623,WS_91,Right to Limit Use and Disclosure.,Description of Right to Limit use of PI
46624,WS_91,We do not engage in uses or disclosures of “sensitive personal information” that would trigger the Right to Limit Use of Sensitive Personal Information under the CCPA.,Description of Right to Limit use of PI
46625,WS_91,We will not discriminate against you in terms of price or service level for exercising any of the rights described in this section.,Description of Right to Non-discrimination on exercising rights
46626,WS_91,"If you are a California resident and would like to exercise your CCPA rights, you may do so via any of the methods described below:\n\nEmailing us at privacy@redfin.com\nCalling us at 1-844-759-7732\nFilling out our webform.",Methods to exercise rights
46630,WS_91,"""The California Consumer Privacy Act 2018, as amended by the California Privacy Rights Act 2020 (“CCPA”) permits California residents, or their authorized agents, to opt out of the “sale” and """"sharing"""" of their personal information to third parties.""",Description of Right to Opt-out of sale of PI
46636,WS_91,"Updated: April 17, 2023",Updated Privacy Policy
46667,WS_91,We post on our Sites some information that typically becomes part of the public record of a home sale or purchase.\n\nB.,Categories of Personal Information Shared / Disclosed
46722,WS_91,Internet or other electronic network activity.,Categories of Personal Information Sold
46724,WS_91,Precise geolocation information derived from a device.,Categories of Personal Information Sold
46727,WS_91,You understand that you will be deemed to have accepted the updated Privacy Policy if you continue to use the Services after the new Privacy Policy takes effect.\n\nE.,Updated Privacy Policy
46765,WS_91,"seek correction or amendment of inaccurate, untrue, incomplete, or improperly processed Personal Information",Description of Right to Correct Information
46773,WS_91,The categories of Personal Information that we may have “sold” or “shared” in the prior twelve (12) months include:\n\nidentifiers;\ninternet or other electronic network activity information;\ngeolocation information; and\ninferences.\nThe categories of third parties under the CCPA to whom we have disclosed this information are:\n\ndata analytics providers;\nadvertising networks; and\nsocial networks.,Categories of Personal Information Sold
46776,WS_91,The business or commercial purpose for collecting or selling that Personal Information;\nThe categories of third parties with whom we disclose Personal Information; and,Description of Right to Know PI sold / shared
46779,WS_91,We do not engage in uses or disclosures of “sensitive personal information” that would trigger the Right to Limit Use of Sensitive Personal Information under the CCPA,Description of Right to Limit use of PI
46860,WS_92,You also have the right to request that a business delete any personal information about you which we have collected about you.,Description of Right to Delete
46865,WS_92,"Updated on September 12, 2023",Updated Privacy Policy
46907,WS_92,You can manage cookies through your browser’s settings (allaboutcookies.org provides explanations as to how to do this).,Description of Right to Opt-out of sale of PI
46909,WS_92,Our app\nOn mobile you have controls in your device Operating System that enables you to choose whether to allow cookies or share your advertising ID (an identifier that allows advertisers to track you across websites and apps on mobile) with us or third party partners.,Description of Right to Opt-out of sale of PI
46920,WS_92,"\nCategory\n\nBusiness/Commercial Purpose\n\nDisclosed/”Sold” to Third Parties\n\nIdentifiers such as a real name, alias, postal address, unique personal identifier, online identifier, internet protocol address, email address, account name, social security number, driver’s license number, passport number, vehicle identification number, license plate, or other similar identifiers.\n\nTo perform services on behalf of ourselves, including servicing your account and providing you customer service and for the purposes set out in section 5 of the privacy policy.\n\nPersonal information is sold or disclosed in accordance with section 7 of the privacy policy.",Categories of Personal Information Sold
47000,WS_93,(3) request that CoStar correct inaccurate or incomplete Personal Information;,Description of Right to Correct Information
47001,WS_93,(4) opt-out of the sale of Personal Information;,Description of Right to Opt-out of sale of PI
47009,WS_93,"If we make material changes to our privacy practices, we will notify you through a notice on the home page of the websites covered by this Global Privacy Notice.",Updated Privacy Policy
47043,WS_93,"Demographics\n\nGender, date of birth, age, language preference.\n\nThis may also include additional information that we collect through STR, such as household income, presence of children in household, educational history, and race and/or ethnicity, as permitted by local laws and regulations.",Categories of Personal Information Sold
47044,WS_93,"Technical details\n\nIP address, geolocation information, information about your browser and operating system, unique device or hardware IDs.",Categories of Personal Information Sold
47048,WS_93,Personal images\n\nWe may collect pictures that you choose to provide to us or share in other public domains.,Categories of Personal Information Sold
47051,WS_93,"This may include partial or full video clips of your online interactions with us, including cursor movements, scrolling activity, and other items that you download or view.\n\nThis may also include audio and/or video recordings of your customer service interactions with us, meetings or calls that you host on Costar Products, or other calls you place to inquire about certain listings on the Services.",Categories of Personal Information Sold
47075,WS_93,"request deletion of Personal Information, subject to certain exceptions",Description of Right to Delete
47083,WS_93,"Categories of third parties with whom CoStar shares or to whom CoStar sells Personal Information; and\nThe business or commercial purpose for collecting, selling, and sharing Personal Information.",Description of Right to Know PI sold / shared
47085,WS_93,“Shine the Light” Request\n\nCalifornia residents may also have the right to request certain information regarding our disclosure of Personal Information to third parties for their direct marketing purposes,Description of Right to Know PI sold / shared
47087,WS_94,"Effective Date: June 28, 2023",Updated Privacy Policy
47109,WS_94,"Bay Adelaide Centre, East Tower\n2 Adelaide St.",Methods to exercise rights
47128,WS_94,"To learn how to opt out of this ad network interest-based advertising,",Description of Right to Opt-out of sale of PI
47130,WS_94,"Information We Share\n\nWe may share customer personal information with\n\nOur subsidiaries and affiliates, any of whom may use your personal information consistent with this Privacy Notice or for the subsidiary’s or affiliate’s own purposes, including marketing purposes.",Categories of Personal Information Shared / Disclosed
47132,WS_94,"In connection with our mobile apps, we also may obtain your phone number and details about your mobile carrier.\n\n",Categories of Personal Information Shared / Disclosed
47133,WS_94,"To learn more about how to opt out of ad network interest-based advertising, please visit the customer opt-out pages at:",Description of Right to Opt-out of sale of PI
47145,WS_94,"Subject to certain limitations, California residents may ask us to provide them with (1) a list of certain categories of personal information that we have disclosed to third parties for their direct marketing purposes during the immediately preceding calendar year, and (2) the identity of those third parties.",Description of Right to Know PI sold / shared
47146,WS_94,"To make this request, California residents may contact us as specified in the How to Contact Us section below.",Methods to exercise rights
47153,WS_95,The right to request that we delete the personal information we have collected directly from you.,Description of Right to Delete
47157,WS_95,"You can choose to opt-out of the sale of your personal information and data, opt out of processing your data for targeted advertising, and limit the use of your sensitive information",Description of Right to Limit use of PI
47218,WS_96,Right to Correct\n\nThe right to request that ZipRecruiter correct any inaccurate personal information that it maintains about you.,Description of Right to Correct Information
47219,WS_96,Right to Opt-Out of Sale or Sharing\n\nThe right to opt-out of the sale or sharing of your personal information to third parties.,Description of Right to Opt-out of sale of PI
47222,WS_96,Right to Delete ||| 1: The right to request that ZipRecruiter delete your personal information that we have collected from you.,Description of Right to Delete
47225,WS_96,Right of No Retaliation ||| 1: The right not to be discriminated against because you exercised any of your CCPA rights.,Description of Right to Non-discrimination on exercising rights
47227,WS_96,"If you are a Job Seeker and would like to access your personal information or obtain a copy of your personal information in a portable manner, you may log in to your password-protected account on the Website, visit the Account Settings page, click “Request Data” (or click here to login and be taken directly to that page).",Methods to exercise rights
47253,WS_96,Disclosures of Personal Information at Your Direction\nWe disclose your personal information when you intentionally interact with third parties and when you direct us or intentionally use ZipRecruiter to disclose your personal information in connection with the Services that we provide to you.,Categories of Personal Information Shared / Disclosed
47254,WS_96,"For example:\n\nIf you are a Job Seeker and apply to a job posting on our Website or choose to connect with a specific employer, we will disclose your personal information to that prospective employer and/or its agent or representative (including but not limited to, external Applicant Tracking Systems or any other external systems used by the direct employer to manage the hiring of employees or other categories of workers).",Categories of Personal Information Shared / Disclosed
47271,WS_96,"For Affiliated Sites: If you are a User of one of our Affiliated Sites and would like to access your personal information or obtain a copy of your personal information in a portable manner, you may log in to your password-protected account on the Affiliate Site (where applicable), and visit the user settings page.",Methods to exercise rights
47301,WS_96,The right to request that ZipRecruiter correct any inaccurate personal information that it maintains about you.,Description of Right to Correct Information
47315,WS_96,"Categories of Personal Information: Identifiers (e.g., name, alias, postal address, email address, telephone number, social media profile, social media address, username, unique personal identifier, online identifier, IP address, device IDs, account name, other similar identifiers, and SSN) ||| Criteria Used to Determine the Applicable Retention Period: To comply with our legal obligations under applicable law; to provide our Services to you or the time period that a User decides to keep their account open; the time that ZipRecruiter uses the data in furtherance of fraud prevention, security, or to otherwise help ensure the integrity of the Services; the time that ZipRecruiter uses the data in furtherance of establishing or defending a legal, regulatory, or law enforcement claim or investigation; and/or for any other permitted purpose under the CCPA.",Categories of Personal Information Collected
47336,WS_97,"You can revoke our access to your Contacts address book at any time through your mobile device settings.\nAdditional Information: To help improve your experience or enable certain features of the Service, you may choose to provide us with additional information, such as your date of birth/age, height, weight, gender, profile picture, city of residence, community username, statistics on your hiking and biking history and your reviews and photographs of trails.",Categories of Personal Information Collected
47370,WS_97,"How We Share and Disclose Personal Data\nIn certain circumstances, we may share your Personal Data with third parties without further notice to you, unless required by the law, as set forth below:\n\nAffiliates: Other companies in our corporate group may help us deliver our Service to you.\nVendors and Service Providers: To assist us in meeting business operations needs and to perform certain services and functions, we may share Personal Data with service providers, including hosting, cloud services and other information technology services providers; email communication software providers and email newsletter providers; data base and sales services; customer relationship management, customer engagement, and customer feedback services; payment processors; security services; and analytics services.",Categories of Personal Information Shared / Disclosed
47378,WS_97,"To have AllTrails, under certain circumstances, delete your Personal Data; and",Description of Right to Delete
47379,WS_97,To be free from discrimination related to the exercise of these CCPA rights.,Description of Right to Non-discrimination on exercising rights
47406,WS_97,"To know whether AllTrails has disclosed your Personal Data for business purposes, the categories of Personal Data so disclosed, and the categories of third parties to whom we have disclosed your Personal Data",Description of Right to Know PI sold / shared
47407,WS_97,"To have AllTrails, under certain circumstances, delete your Personal Data;",Description of Right to Delete
47412,WS_97,"If we need to use your Personal Data for an unrelated purpose, we will update this Privacy Policy to explain any such new purpose.",Updated Privacy Policy
47449,WS_98,You may also provide us with your location.\n\nAMC Stubs.,Categories of Personal Information Collected
47500,WS_98,The right to correct inaccurate Personal Information that we maintain about you;,Description of Right to Correct Information
47502,WS_98,"If we use or disclose sensitive Personal Information for purposes other than those allowed by the CCPA and its regulations, the right to limit our use or disclosure; and\n",Description of Right to Limit use of PI
47511,WS_98,With any other person or entity where you consent to the disclosure; and,Categories of Personal Information Sold
47526,WS_98,"The right to know what Personal Information we have collected about you, including the categories of Personal Information, the categories of sources from which we collected Personal Information, the business or commercial purpose for collecting, selling or sharing Personal Information (if applicable), the categories of third parties to whom we disclose Personal Information (if applicable), and the specific pieces of Personal Information we collected about you;\n",Description of Right to Know PI sold / shared
47546,WS_98,"0: Category of Personal Information ||| 1: Categories of Third Parties\n\n0: Unique personal identifiers (device identifier; cookies, beacons, pixel tags, mobile ad identifiers, or other similar technology) ||| 1: Advertising networks; data analytics providers",Categories of Personal Information Shared / Disclosed
47571,WS_99,"We may also sell, transfer or otherwise disclose Personal Information, including, but not limited to, your name and mailing address, in connection with a corporate transaction, such as a merger, consolidation or sale of some or substantially all of our assets.",Categories of Personal Information Sold
47574,WS_99,You can opt out of this sharing by unenrolling in the Pay with Rewards program.,Categories of Personal Information Shared / Disclosed
47640,WS_99,In the preceding twelve (12) months we may have disclosed the following categories of information for a business purpose which falls within the definition of a ‘sale.’\n\nCategory A: Identifiers.\nCategory D: Commercial Information\nCategory E: Electronic network activity information\nCategory H: Geolocation\nCategory L: Inferences,Categories of Personal Information Sold
47646,WS_99,"Once we receive and confirm a verifiable Consumer request, we will delete (and direct our service providers to delete) your personal information from our records, unless an exception applies.",Description of Right to Delete
47649,WS_99,Consumers’ Information Correction Rights\nConsumers have the right to request that we correct information that we hold which is inaccurate.,Description of Right to Correct Information
47655,WS_99,Limit Processing of Sensitive Personal Information.,Description of Right to Limit use of PI
47659,WS_99,"To opt out of the sale of your personal information or the sharing of your personal information or to ask us to limit processing of your Sensitive Personal Information, you may submit a request to us by visiting our Do-Not-Sell or Share/ Limit Processing web page here.",Methods to exercise rights
47662,WS_99,"Unless permitted by the Privacy Laws, we will not:\n\nDeny you goods or services.\nCharge you different prices or rates for goods or services, including through granting discounts or other benefits, or imposing penalties.\nProvide you a different level or quality of goods or services.\nSuggest that you may receive a different price or rate for goods or services or a different level or quality of goods or services.",Description of Right to Non-discrimination on exercising rights
47694,WS_99,Auditing relating to transactions; ad customization; performing services for you; internal research and development;,Categories of Personal Information Sold
47702,WS_99,"Consumers’ Deletion Request Rights\nConsumers have the right to request that we delete any of your personal information that we collected from them and retained, subject to certain exceptions.",Description of Right to Delete
47703,WS_99,Do Not Share My Personal Information; Targeted Advertising.,Description of Right to Opt-out of sale of PI
47734,WS_99,Do Not Sell My Personal Information.,Description of Right to Opt-out of sale of PI
47735,WS_100,Personal Information You Provide Through The Sites And How We May Use ItTop\nYou are not required to provide Personal Information to browse the Sites.,Categories of Personal Information Collected
47753,WS_100,"We may also sell, transfer or otherwise disclose Personal Information, including, but not limited to, your name and mailing address, in connection with a corporate transaction, such as a merger, consolidation or sale of some or substantially all of our assets.",Categories of Personal Information Sold
47819,WS_100,The business purposes are listed above.,Categories of Personal Information Shared / Disclosed
47828,WS_100,"Once we receive and confirm a verifiable Consumer request, we will delete (and direct our service providers to delete) your personal information from our records, unless an exception applies.",Description of Right to Delete
47832,WS_100,We will require that you provide information about yourself so that we can verify your identity before we can make any change in the information we hold about you and we will use commercially reasonable efforts to make the requested corrections.,Description of Right to Correct Information
47836,WS_100,Do Not Share My Personal Information; Targeted Advertising.,Description of Right to Opt-out of sale of PI
47887,WS_100,"The categories of personal information we collected about you, the sources of the information, our business or commercial purpose for collecting the information and whether the information was disclosed for a business purpose, shared or sold.\nThe categories of information we disclosed for a business purpose and the categories of information we sold or shared during the prior 12 months along with the categories of recipients of such information.",Description of Right to Know PI sold / shared
47889,WS_100,Consumers’ Information Correction Rights\nConsumers have the right to request that we correct information that we hold which is inaccurate.,Description of Right to Correct Information
47899,WS_100,"If you are a California resident, you have the right to request information from us regarding the manner in which we share certain categories of your personal information with third parties for the third parties' direct marketing purposes.",Description of Right to Know PI sold / shared
47919,WS_100,"The specific pieces of personal information we collected about you during the prior 12 months, or, at your option, since January 1, 2022.",Description of Right to Know PI Collected
47920,WS_100,"Once we receive and confirm a verifiable Consumer request, we will disclose:\n\nThe categories of personal information we collected about you, the sources of the information, our business or commercial purpose for collecting the information and whether the information was disclosed for a business purpose, shared or sold.\nThe categories of information we disclosed for a business purpose and the categories of information we sold or shared during the prior 12 months along with the categories of recipients of such information.",Description of Right to Know PI sold / shared
47972,WS_101,"These service providers include entities that provide delivery services, customer information management services, customer communications and marketing services, billing and collection services, payment processing and order fulfillment services, auditing and accounting services, professional services/consultants, analytics services, security services, companies who administer our products and services, and IT support services.\nSocial Media Platforms.",Categories of Personal Information Shared / Disclosed
47983,WS_101,"We may disclose your personal information with these business partners if they need it to send you a product, such as to fulfill a prize or the offer of a free night of camping.\nOther Users.",Categories of Personal Information Shared / Disclosed
47994,WS_101,We may also use these in our emails to let us know when they have been opened or forwarded so we can track response rates and gauge the effectiveness of our communications.,Categories of Personal Information Collected
48021,WS_101,Individuals merely seeking to update their information (for example to provide a new mailing address) may do so by following the processes described in the “Choices You Have About Our Processing of Your Personal Information” section above.,Description of Right to Correct Information
48031,WS_101,All changes to this Policy are effective when posted.,Updated Privacy Policy
48074,WS_101,"We may collect certain demographic and other personal information requested via forms, such as lead generation forms.",Categories of Personal Information Sold
48075,WS_101,Right to Opt-Out of Sale/Sharing,Description of Right to Opt-out of sale of PI
48089,WS_101,"The business or commercial purposes for collecting, selling, or sharing personal information;\nThe categories of third parties to whom we disclosed Personal Information; and",Description of Right to Know PI sold / shared
48092,WS_101,"California “Shine the Light” Disclosure\nUnder California’s “Shine the Light” law, California residents who provide us certain personal information are entitled to request and obtain from us, free of charge, information about the personal information (if any) we have shared with third parties for their direct marketing purposes.",Description of Right to Know PI sold / shared
48094,WS_102,"Last updated: April 30, 2023",Updated Privacy Policy
48238,WS_102,We have contracts with our service providers that prohibit them from sharing the information about you that they collect or receive with anyone else or from using such information for other purposes.,Categories of Personal Information Shared / Disclosed
48253,WS_102,You may request to correct inaccuracies in your personal information.,Description of Right to Correct Information
48256,WS_102,We will not unlawfully discriminate against you exercising your rights under California law.,Description of Right to Non-discrimination on exercising rights
48283,WS_102,Sale or merger of our company: We have no plans to sell our business.,Categories of Personal Information Sold
48284,WS_102,"Categories of personal information Disclosed to Which Categories of third parties for Operational Business Purposes\nIdentifiers, such as name, alias, postal address, unique personal identifiers, IP address that can reasonably be linked or associated with a particular consumer or household, email address, and account name affiliates; service providers; legal authorities; other parties in litigation\nPersonal information as defined in the California customer records law, such as name and contact information affiliates; service providers; legal authorities; other parties in litigation\nCommercial information, such as transaction information and purchase history affiliates; service providers; legal authorities; other parties in litigation\nInternet or network activity information, such as browsing history, search history and interactions with our online properties affiliates; service providers; legal authorities; other parties in litigation\nGeolocation data, such as approximate location derived from IP address affiliates; service providers; legal authorities; other parties in litigation\nAudio/video data.",Categories of Personal Information Collected
48336,WS_102,Our platform provides an open forum for communication by users all around the world.,Categories of Personal Information Shared / Disclosed
48347,WS_102,Right to rectification: You can ask us to correct any personal information we hold about you that is inaccurate or incomplete.,Description of Right to Correct Information
48354,WS_102,"ategories and specific pieces of personal information collected about you\nThe following chart details which categories of personal information we collect and process, as well as which categories of personal information we disclose to third parties for our operational business purposes, including within the 12 months preceding the date this Privacy Policy was last updated.\nCategories of personal information Disclosed to Which Categories of third parties for Operational Business Purposes\nIdentifiers, such as name, alias, postal address, unique personal identifiers, IP address that can reasonably be linked or associated with a particular consumer or household, email address, and account name affiliates; service providers; legal authorities; other parties in litigation\nPersonal information as defined in the California customer records law, such as name and contact information affiliates; service providers; legal authorities; other parties in litigation\nCommercial information, such as transaction information and purchase history affiliates; service providers; legal authorities; other parties in litigation\nInternet or network activity information, such as browsing history, search history and interactions with our online properties affiliates; service providers; legal authorities; other parties in litigation\nGeolocation data, such as approximate location derived from IP address affiliates; service providers; legal authorities; other parties in litigation\nAudio/video data.",Categories of Personal Information Sold
48357,WS_102,"You may request to know whether we process your personal information, and to access such personal information.\nYou may request that we disclose to you the following information covering the 12 months preceding your request:\nThe categories of personal information we collected about you and the categories of sources from which we collected such personal information;\nThe business or commercial purpose for collecting personal information about you; and",Description of Right to Know PI Collected
48358,WS_102,You may request that we disclose to you the following information covering the 12 months preceding your request:\n,Description of Right to Know PI sold / shared
48360,WS_102,"You may request to receive a copy of your personal information, including specific pieces of personal information, including, where applicable, request to obtain a copy of your personal information in a portable, readily usable format.",Description of Right to Know PI Collected
48450,WS_103,"Functionality Cookies\nCookies that enable us or third party partners to provide certain functions of the website to you, like a video player.",Categories of Personal Information Collected
48483,WS_103,"We share, and in the past 12 months have shared California Personal Information such as California residentsâ€™ use of our Online Services with our marketing and advertising partners for cross-contextual advertising purposes as further described below.",Categories of Personal Information Shared / Disclosed
48515,WS_103,You may limit access to your location data by adjusting the permissions in your device.,Categories of Personal Information Collected
48522,WS_103,"If you are a resident of the United States, you can also request to access or delete your personal information by:\nCalling us toll-free at Chick-fil-A CARES at 1-866-232-2040; or\nCompleting a privacy rights request form.",Methods to exercise rights
48527,WS_103,The right to limit the use or disclosure of your sensitive personal information.,Description of Right to Limit use of PI
48530,WS_103,"As further detailed in the Notice of Financial Incentives Section, however, we may make different offers available to customers that have opted into a financial incentive.",Description of Right to Non-discrimination on exercising rights
48589,WS_104,"Examples include providers that assist with payment processing (i.e., PayPal), shipping (i.e., USPS), or providers that We contract with to send emails on Our behalf (i.e., HubSpot).",Categories of Personal Information Shared / Disclosed
48596,WS_104,"Affiliates : We may share information within our network of affiliated companies, including Zink Media, LLC, Discogs B.V., and Discogs G.K., in order to provide the Service.",Categories of Personal Information Shared / Disclosed
48626,WS_104,"""Category of Information: Geolocation Information ||| Description: Non-precise geolocation data based on Your IP address or other analytics tools. ||| Source of Information: Consumer (User); User Device ||| Purpose: To provide the Service, including personalization and targeted advertising ||| Information Shared With: Operating Systems and platforms *Analytics and advertising networks (if You allow performance, targeting, or social media cookies - this constitutes a “sale” or """"sharing"""" under California Privacy Rights Act)""",Categories of Personal Information Sold
48673,WS_104,"""If You are a Virginia, Colorado, or Connecticut site visitor or user, then You must select the “Reject all"""" or """"Opt out of sale of personal data Targeted Advertising (depending on your jurisdiction) link available on the Service to block (opt out of) all targeting, performance, and social media cookies from Our Service on Your device.""",Methods to exercise rights
48709,WS_104,We do not otherwise share Your information with any third parties without Your consent or other legitimate basis.,Categories of Personal Information Shared / Disclosed
48783,WS_105,"To comply with Federal election law and the regulations of the Federal Election Commission, we are required to make our best efforts to collect and report the name, mailing address, occupation, and name of employer of individuals whose contributions aggregate in excess of $200 per election cycle.",Categories of Personal Information Shared / Disclosed
48807,WS_106,"('Personal Information We may process the following categories of personal information about you.', 'Categories of personal information'): Account Information (Personal Details): Information you provide to us such as, your name; postal address; telephone and/or mobile number; email address; login details, including username and password; public social media handles or profile(s); and any photographs posted by you and other users.",Categories of Personal Information Collected
48830,WS_106,"We do not seek to collect or process other sensitive personal information, such as, race or ethnicity, political opinions, religious or philosophical beliefs, trade union membership, physical or mental health, or sex life.",Categories of Personal Information Collected
48848,WS_106,"Sensitive personal information is information about your health, race, religion, sexual orientation, gender identity, political opinions or philosophical beliefs.",Description of Right to Limit use of PI
48849,WS_106,"You should always be mindful about the personal information you share online, especially when it is sensitive in nature.",Description of Right to Limit use of PI
48853,WS_106,Access to Your Personal Information.,Description of Right to Know PI Collected
48888,WS_106,"Cookies: Information collected through the use of cookies, eTags, Javascript, pixel tags, device ID tracking, anonymous identifiers and other technologies, including information collected using such methods and technologies about (i) your visits to, and interaction and engagement with, the Services, Subject to your privacy choices and settings, content and ads on third party websites, applications, platforms and other media channels (“Channels”), and (ii) your interaction with emails including the content and ads therein (collectively, “Online Data”).",Categories of Personal Information Collected
48950,WS_106,"Consent ||| ('Personal Information We may process the following categories of personal information about you.', 'Retention Period'): In compliance with the Cookie Policy.\n\n",Categories of Personal Information Collected
49007,WS_107,"For some of our Services, we may make some information, such as the name of our users, their mailing address, phone number, email address—and in certain circumstances their employer’s name, company size and other industry data—available on a rental or other basis (e.g., sale) to third party providers of goods and services, for example, when such information is provided in connection with certain content available on our websites.",Categories of Personal Information Sold
49033,WS_107,"To do so, please submit a request via dsar.everydayhealth.com or email privacy@everydayhealth.com.",Methods to exercise rights
49035,WS_107,Right to Non-Discrimination for the Exercise of a Consumer’s Privacy Rights\n\nYou have the right not to receive discriminatory treatment by the business for the exercise of the privacy rights conferred by the California Consumer Privacy Act.,Description of Right to Non-discrimination on exercising rights
49050,WS_107,"Employer details: where you interact with us in your capacity as an employee, the contact information of your employer (including name, address, telephone number and email address) to the extent relevant.",Categories of Personal Information Collected
49099,WS_107,"third party Processors (such as analytic providers; data centers; etc.), located anywhere in the world, subject to the requirements noted below in this Section 9;",Categories of Personal Information Shared / Disclosed
49109,WS_107,vices may include websites that Everyday Health operates on behalf of third parties (“Licensors”).,Categories of Personal Information Shared / Disclosed
49131,WS_107,"How We Collect or Create Information\nSummary – Collection and Creation of Information\n\nWe may collect or obtain User Information about you: directly from you (e.g., where you contact us); in the course of our relationship with you (e.g., if you make a purchase); when you make your Personal Information public (e.g., if you make a public post about us on social media); when you download, install, or use any of our Services; when you visit our Services; when you register to use any part of the Services; or when you interact with any third party content or advertising on the Services.",Categories of Personal Information Collected
49158,WS_107,"California’s “Shine the Light” law, Civil Code Section 1798.83, permits our users who are California residents to periodically request and obtain certain information about any Personal Information disclosed to third parties for direct marketing purposes.",Description of Right to Know PI sold / shared
49159,WS_107,"We recommend that you review the Terms of Use regularly, in order to review any changes we might make from time to time.",Updated Privacy Policy
49184,WS_108,"On some pages, we allow you to share personal data with third parties, such as social networks like Facebook.",Categories of Personal Information Shared / Disclosed
49198,WS_108,"Changes to This Privacy Policy\n\nWe reserve the right to change the terms of this privacy policy at any time when necessary to reflect changes in our products, how we process personal data, or applicable law.",Updated Privacy Policy
49199,WS_108,"""When we make changes, we will revise the """"last updated"""" date at the top of the policy.""",Updated Privacy Policy
49204,WS_108,"Getty Images collects certain kinds of information, such as the website that referred you to us, your IP address, browser type and language, and access times.",Categories of Personal Information Collected
49240,WS_108,"In particular, you have a right to request that companies provide you with the following information:\n\n(1) The categories and specific pieces of personal information we have collected about you.",Description of Right to Know PI Collected
49242,WS_108,(4) The categories of third parties with which we share personal information.,Description of Right to Know PI sold / shared
49265,WS_108,"The purposes for collecting, using, or selling personal information.\n(4) The categories of third parties with which we share personal information.\n(5) For companies that disclose personal information for a business purpose, the categories of personal information disclosed about you for a business purpose.\n(6) For companies that sell personal information, the categories of personal information sold about you and the categories of third parties to which the personal information was sold, by category or categories of personal information for each third party to which the personal information was sold.",Description of Right to Know PI sold / shared
49327,WS_109,"""Pursuant to the CCPA, the categories of personal information that we may """"sell"""" or """"share"""" include:\n\nName, contact information and other identifiers\nUsage data\nProfiles and inferences\nCustomer Records\nCommercial Information\nProfiles and inferences""",Categories of Personal Information Sold
49339,WS_109,"As noted above, Guitar Center only uses sensitive personal information as authorized under the CCPA; thus, this right is not available to California residents.",Description of Right to Limit use of PI
49340,WS_109,"The right to, at no charge, request deletion of their personal information that we have collected about them and to have such personal information deleted, except where an exemption applies.",Description of Right to Delete
49343,WS_109,The right not to be subject to discriminatory treatment for exercising their rights under the CCPA.,Description of Right to Non-discrimination on exercising rights
49345,WS_109,Requests to Opt Out.,Methods to exercise rights
49374,WS_109,"Profiles and inferences: Inferences drawn from any of the information identified above to create a profile reflecting a resident's preferences, characteristics, psychological trends, predispositions, behavior, attitudes, intelligence, abilities, or aptitudes.\nservice providers\nadvisors and agents\nregulators, government entities and law enforcement\naffiliates and subsidiaries\nadvertising networks\ndata analytics providers\ninternet service providers, operating systems and platforms\nothers as required by law (such as disclosures of sweepstakes and contests winners)",Categories of Personal Information Sold
49478,WS_110,The right to have your personal information corrected or updated,Description of Right to Correct Information
49487,WS_110,The right to correct inaccurate personal information that we maintain about you.,Description of Right to Correct Information
49490,WS_110,You may exercise your right to opt out of â€œsalesâ€ by clicking this link and following the instructions: Do Not Sell or Share My Info.,Methods to exercise rights
49535,WS_110,"We share (or facilitate your sharing of) your information with social networking services when you use our Services to connect and share your information publicly or with friends or when you use our Services to connect with us on, share on, or use third-party social networking platforms and services",Categories of Personal Information Shared / Disclosed
49538,WS_110,"Credit or debit card information is required to process certain transactions, including to make certain bookings and reservations or to purchase other products or services from travel partners or other third parties, in which case we share your payment information with travel partners, and other third-party service providers (such as fraud detection services)",Categories of Personal Information Shared / Disclosed
49555,WS_110,the specific pieces of personal information the business has collected you (by requesting to download your personal information).,Description of Right to Know PI Collected
49568,WS_110,"0: Changes to This Policy ||| 1: We update this Policy from time to time, and changes will be effective when posted (as identified in the Policy).",Updated Privacy Policy
49569,WS_110,Changes to This Policy,Updated Privacy Policy
49607,WS_110,"""The right to opt-out of the """"sale"""" of your personal information (as the term is defined under applicable local laws)\nThe right to opt-out of the sharing of your personal information for cross-context behavioral advertising or targeted advertising purposes""",Description of Right to Opt-out of sale of PI
49630,WS_111,Changes to This Policy\n\nWe may update this Policy from time to time.,Updated Privacy Policy
49632,WS_111,New versions of this Policy will never apply retroactively—we’ll tell you the exact date they go into effect.,Updated Privacy Policy
49659,WS_111,"If you would like further information regarding your legal rights under California law or would like to exercise any of them, please contact us at dpo@kickstarter.com.",Methods to exercise rights
49712,WS_112,"Military will not knowingly sell, share, rent, or otherwise transfer your information other than in accordance with the terms set forth in this privacy policy.",Categories of Personal Information Sold
49718,WS_112,Right to Delete: you have the right to request that Military delete any of your personal information that Military has collected from you with certain exceptions.,Description of Right to Delete
49719,WS_112,Military may refuse your deletion request if permitted by law.,Description of Right to Delete
49723,WS_112,Right to Non-Discrimination: Military will not discriminate against you for choosing to exercise your privacy rights.,Description of Right to Non-discrimination on exercising rights
49724,WS_112,Submitting a Request to Exercise Your Rights: you or your authorized agent may submit a request to exercise any of your aforementioned rights by contacting us at https://militarycom.freshdesk.com/support/tickets/new,Methods to exercise rights
49735,WS_112,"Last Updated: December 14, 2022",Updated Privacy Policy
49810,WS_113,We will use the email address you give to us to send our offers and promotions to you.,Categories of Personal Information Collected
49818,WS_113,Third party processors provide the technology platforms which we use to administer our email lists and to manage the adverts in our emails.,Categories of Personal Information Shared / Disclosed
49821,WS_113,"If you happen to win a prize, we may ask you for additional information, such as an address to send the prize to.",Categories of Personal Information Collected
49842,WS_113,"If we hold information about you that is factually inaccurate (for example, we have spelled your name wrong) then you have the right to have it corrected.",Description of Right to Correct Information
49853,WS_113,D1 - Reach subsidiaries and affiliates; we may disclose information in order to deliver services in the ways described in this privacy notice.,Categories of Personal Information Shared / Disclosed
49855,WS_113,"We may also disclose information to enable you to receive marketing you have asked to receive.\n\nD4 - Social media; we may disclose information with social media networks where we have the necessary permission to do so.\n\nD5 - Analytics providers; we may disclose information with data analytic providers to review, evaluate and improve our services.\n\nD6 - Security; we may disclose information where it is necessary to do so in order to protect the rights, assets, employees and customers of Reach.\n\nD7 - Legal requirements; we may disclose information where necessary to comply with our legal obligations or if we believe it is required in relation to the investigation or prevention of suspected or actual illegal activity.\n\nD8 - Business Development; we may disclose information for the purpose of business transfers, mergers, acquisitions, bankruptcy proceedings or similar.",Categories of Personal Information Shared / Disclosed
49856,WS_113,Sale of your data\n\nThe only data which may be sold is to advertising partners with whom we have a contractual agreement to limit usage to those online marketing related purposes agreed by you via Reachâ€™s Consent Management Platform (CMP).,Categories of Personal Information Sold
49858,WS_113,"In general, we may collect the categories of personal information identified in the table above from the following categories of sources:\n\nDirectly from you and your devices.\nThrough your use of our services.\nFrom third parties and service providers, including affiliates, commercial partners, social media networks, analytic providers, credit reference agencies.",Categories of Personal Information Collected
49860,WS_113,The right to opt-out of our sale of their personal information.,Description of Right to Opt-out of sale of PI
49861,WS_113,"The right to the deletion of their personal information that we have collected, subject to certain exceptions.",Description of Right to Delete
49863,WS_113,The right not to be subject to discriminatory treatment for exercising their rights under the CCPA.,Description of Right to Non-discrimination on exercising rights
49889,WS_113,Who we share it with and why\nProcessors provide the technology platforms which we use to administer our email lists and to manage the adverts in our emails.,Categories of Personal Information Shared / Disclosed
49919,WS_113,"Your right to have your information erased in some circumstances\nYou may have the right to have some or all of your information deleted, principally if the information you want deleted is no longer needed or if we donâ€™t have a legal basis to continue using it (for example, if we are using it on the basis of your consent and you withdraw your consent).",Description of Right to Delete
49939,WS_113,California residents may opt out of the â€œsaleâ€ of their personal information.,Description of Right to Opt-out of sale of PI
50021,WS_114,"Delivering services\nBy using our websites, apps and other products and services, we may process your information, including your name, phone number and email address, for the purpose of providing you with such products and services and managing our relationship with you, which shall include (without limitation):\n\ncarrying out ecommerce activities;\nmanaging your accounts, entitlements and subscriptions;",Categories of Personal Information Sold
50048,WS_114,"However, we use Page Insights and information you provide via your Facebook profile to define our audiences, customise advertisements and create Fan Pages to match the interests of our visitors.",Categories of Personal Information Collected
50060,WS_114,This will opt-you out of cookie placement and the collection of your data by online advertising service providers.,Description of Right to Opt-out of sale of PI
50190,WS_114,request to access a copy of the personal information we have collected about you during the 12 months preceding the request.,Description of Right to Know PI Collected
50255,WS_115,"Payment processors\n\nIf you wish to make a payment or receive a refund through our Services, your information will be collected and controlled by the payment processor and not by us and will be subject to that payment service provider's privacy policy and practices.\n\nProfessional advisors\n\nWe may share with professional advisors, such as lawyers, auditors, bankers and insurers, where necessary, in the course of the professional services that they render to us.\n\nAuthorized third-party applications\n\nWe may share with authorized third-party applications information that you provide directly through our Services and information collected automatically through technology for the purpose of providing certain NPR Services to you on the applications.",Categories of Personal Information Shared / Disclosed
50276,WS_115,Your mobile device settings can provide functionality to limit use of the advertising ID associated with your mobile device for interest-based sponsorship purposes.,Description of Right to Opt-out of sale of PI
50307,WS_115,Changes to This Privacy Policy\n\nNPR reserves the right to change this Privacy Policy at any time.,Updated Privacy Policy
50310,WS_115,Please read our Terms of Use to understand additional terms and conditions that apply to your use of our Services.,Updated Privacy Policy
50313,WS_115,"""You may opt out of the sharing of your information with our sponsorship vendors for delivery of personalized sponsorship credits and marketing messages on our website or third-party sites by turning off """"Share Data for Targeted Sponsorship"""" below.""",Description of Right to Opt-out of sale of PI
50314,WS_115,"""If you opt out, our service providers or vendors may continue to serve you non-personalized, non-""""interest-based"""" sponsorship credits and marketing messages on our website or third-party sites, and those sponsorship credits and marketing message may come with cookies that are used to control how often you encounter those credits and messages, to prevent fraud, and to do aggregate reporting.""",Description of Right to Opt-out of sale of PI
50390,WS_115,"\nPersonal information we collect\n\nData categories (Descriptions are available here)*\n\nPurposes for which we may collect and use the personal\ninformation\n\nCategories of third parties, to which we may disclose the personal information (in addition to our service providers)**\n\n•Name\n•Contact Information\n\n•Identifiers\n\n•Service delivery\n•Research & development\n•Marketing\n•Compliance & operations\n\n•Member stations\n\n•Payment Data\n\n•Financial information\n\n•Service delivery\n•Compliance & operations\n\n•None\n\n•Transaction information\n•Listening and usage data\n\n•Commercial information\n•Internet or network information\n\n•Service delivery\n•Research & development\n•Marketing\n•Compliance & operations\n\n•Member stations\n\n•Donation information\n\n•Identifiers\n•Financial information\n\n•Service delivery\n•Research & development\n•Marketing\n•Compliance & operations\n\n•Member stations\n\n•Device data\n•Geolocation\n•Inferences derived from device data and online activity\n\n•Identifiers\n•Commercial information\n•Internet or network information\n•Geolocation data\n•Inferences\n\n•Service delivery\n•Research & development\n•Marketing\n•Compliance & operations\n\n•None\n\n•Marketing data\n•Device Data\n•Inferences derived from device data and online activity\n\n•Identifiers\n•Commercial information\n•Internet or network information\n•Inferences\n\n•Service delivery\n•Research & development\n•Marketing\n•Compliance & operations\n\n•Sponsorship/marketing vendors\n\n•Survey Responses\n\n•Identifiers\n•Protected classification characteristics\n\n•Service delivery\n•Research & development\n•Marketing\n•Compliance & operations\n\n•None\n\n•Demographic information\n\n•Identifiers\n•Protected classification characteristics\n\n•Research & development\n\n•None\n\n•Travel-related information\n\n•Identifiers\n\n•Service delivery\n•Compliance & operations\n\n•None",Categories of Personal Information Shared / Disclosed
50399,WS_115,"When you visit our website, we store cookies on your browser to collect information.",Categories of Personal Information Collected
50617,WS_116,"Similarly, in scenarios where we obtain your consent to place cookies on your device, we store your choice in a cookie.",Categories of Personal Information Collected
50700,WS_116,not sell or rent student personal data;,Categories of Personal Information Sold
50735,WS_116,"If you have an additional request or questions after using the dashboard, you may contact Microsoft at the address in the How to contact us section, use our web form, or call our US toll free number +1 (844) 931 2038.",Methods to exercise rights
50737,WS_116,You may indicate your choice to opt-out of the sharing of your personal data with third parties for personalized advertising on third party sites by visiting our sharing opt-out page,Description of Right to Opt-out of sale of PI
50740,WS_116,You have a right not to receive discriminatory treatment if you exercise your privacy rights.,Description of Right to Non-discrimination on exercising rights
50795,WS_116,"These companies include: Meta, LinkedIn, Google, and Adobe.",Categories of Personal Information Shared / Disclosed
50823,WS_116,"Feedback from customer, regulators, industry, or other stakeholders.",Updated Privacy Policy
50828,WS_116,We encourage you to periodically review this privacy statement to learn how Microsoft is protecting your information.,Updated Privacy Policy
50901,WS_116,Examples include indexing the contents of your OneDrive documents so that you can search for th,Categories of Personal Information Collected
50919,WS_116,"To tell you who is calling, for example, or to give you the first few words of the new chat, Skype has to tell the notification service so that they can provide the notification to you.",Categories of Personal Information Shared / Disclosed
50986,WS_116,"The Microsoft Swiftkey keyboard and related cloud-based services (collectively, the “SwiftKey Services”) process data about words you use and how you type and use this data to learn your writing style and provide personalized autocorrection and predictive text that adapts to you.",Categories of Personal Information Collected
51145,WS_116,"(iii) correct your personal data,",Description of Right to Correct Information
51146,WS_116,(iv) restrict the use and disclosure of your sensitive data,Description of Right to Limit use of PI
51155,WS_116,How to contact us,Methods to exercise rights
51239,WS_116,"Data about the operating system and its configuration such as the OS version and build number, region and language settings, diagnostics data settings, and whether the device is part of the Windows Insider program.",Categories of Personal Information Collected
51254,WS_116,"We may also share some aggregated, de-identified diagnostic data, such as general usage trends for Windows apps and features, with selected third parties.",Categories of Personal Information Shared / Disclosed
51294,WS_116,"Additionally, Microsoft Edge sends a unique browser ID to certain websites to enable us to develop aggregate data used to improve browser features and services.",Categories of Personal Information Shared / Disclosed
51364,WS_117,"To opt out of Google Analytics specifically, please go to https://tools.google.com/dlpage/gaoptout.",Methods to exercise rights
51411,WS_117,Fox News may modify this Privacy Policy.,Updated Privacy Policy
51425,WS_117,"You have the right to request that we disclose to you the following information:\n\nThe categories of Personal Information we collected about you and the categories of sources from which we collected such Personal Information;\nThe specific pieces of Personal Information we collected about you for the applicable time period;\nThe business or commercial purpose for collecting, disclosing, or selling Personal Information about you;\nThe categories of Personal Information about you that we sold and the categories of third parties to whom we sold that Personal Information; and\nThe categories of Personal Information about you that we ot",Description of Right to Know PI Collected
51426,WS_117,herwise shared or disclosed and the categories of third parties with whom we shared or disclosed that Personal Information.,Description of Right to Know PI Collected
51427,WS_117,(1) Right to Know.,Description of Right to Know PI sold / shared
51434,WS_117,(3) Right to Request Correction.,Description of Right to Correct Information
51435,WS_117,You have the right to request that we correct inaccurate Personal Information we collected about you.,Description of Right to Correct Information
51469,WS_117,"You will need to provide your name, email address, and the Personal Information you would like to have corrected, along with other details about your request.",Methods to exercise rights
51470,WS_117,"You will need to provide your name and email address, along with other details about your request.",Methods to exercise rights
51509,WS_117,You have the right to request that we disclose to you the following information:,Description of Right to Know PI sold / shared
51618,WS_118,"Your membership in groups is public and part of your profile, but you can change visibility in your settings.",Categories of Personal Information Shared / Disclosed
51649,WS_118,You can access or delete your personal data,Description of Right to Know PI Collected
51650,WS_118,You can access or delete your personal dat,Description of Right to Delete
51702,WS_118,"Enterprise Accounts\nYour employer may offer you access to our enterprise Services such as Recruiter, Sales Navigator, LinkedIn Learning or our advertising Campaign Manager.",Categories of Personal Information Shared / Disclosed
51711,WS_118,"For personal data that we have about you, you can:\n\nDelete Data: You can ask us to erase or delete all or some of your personal data (e.g., if it is no longer necessary to provide Services to you).",Description of Right to Delete
51716,WS_118,"Changes to the Privacy Policy apply to your use of our Services after the â€œeffective date.â€\n\nLinkedIn (â€œweâ€ or â€œusâ€) can modify this Privacy Policy, and if we make material changes to it, we will provide notice through our Services, or by other means, to provide you the opportunity to review the changes before they become effective.",Updated Privacy Policy
51729,WS_118,"To do so, you can â€œconnectâ€ with the professionals who you choose, and who also wish to â€œconnectâ€ with you.",Categories of Personal Information Collected
51736,WS_118,Your profile is fully visible to all Members and customers of our Services.,Categories of Personal Information Shared / Disclosed
51743,WS_118,Excerpts from your profile will also appear on the services of others.,Categories of Personal Information Shared / Disclosed
51815,WS_119,"Analytics, Functionality and Advertising / Targeting cookies can be switched off at any time by accessing the ‘Manage cookies’ option that is located at the footer of our website.",Description of Right to Opt-out of sale of PI
51828,WS_119,"Right to Request Deletion: You have the right to request that we delete any of your personal information we processed from you and retained, subject to certain exceptions set forth in the CCPA.",Description of Right to Delete
51829,WS_119,Right to Non-Discrimination for the Exercise of Your Rights: We will not discriminate against you because you have exercised any of your rights under the CCPA.,Description of Right to Non-discrimination on exercising rights
51880,WS_119,"We disclose personal information:\n\nTo the public: When you submit user contributions including audio/video content, you are using our Websites and services to make that information public.\nWithin our corporate group: We may disclose any of the categories of personal information to members of our corporate group (including affiliates and related entities) to the extent this is necessary for our purposes listed in the sections above.\nService providers: We disclose the categories of personal information we process to our authorized service providers that perform certain services on our behalf.",Categories of Personal Information Shared / Disclosed
51883,WS_119,"Right to Know: You have the right to request that we disclose certain information about our processing of your personal information over the past 12 months, including the specific pieces of information we processed.",Description of Right to Know PI Collected
51950,WS_120,Rectify the personal information we hold about you,Description of Right to Correct Information
51952,WS_120,Restrict our use of your personal information,Description of Right to Limit use of PI
51958,WS_120,"However, we have no control over deletions or changes to your content if it has been shared manually by others.",Description of Right to Delete
51969,WS_120,You have the right to request deletion of personal information that we have collected about you.,Description of Right to Delete
51972,WS_120,You have the right to request that we correct inaccurate personal information that we maintain about you.,Description of Right to Correct Information
51976,WS_120,"We may also receive these types of information about you from third parties, such as our partners (including ad partners) or Quora affiliates",Categories of Personal Information Collected
52001,WS_120,See the section below about Your Choices and Settings for information about how to control what information is shared or viewed by others.\n\nPlatform Engagement Information.,Categories of Personal Information Shared / Disclosed
52007,WS_120,"""We will notify you if we make any material changes and will revise the """"Last Updated"""" date at the top of this Privacy Policy.""",Updated Privacy Policy
52039,WS_121,"To learn more about News IQ and if you wish to opt out of having your data shared with NC Audience Exchange, please click here.\n",Description of Right to Opt-out of sale of PI
52065,WS_121,"ACCESSING, CORRECTING, AND DELETING YOUR PERSONAL INFORMATION\nConsumers and Professionals may access, review, update, and/or correct inaccuracies in your personal information in our custody and control as described below.",Description of Right to Know PI Collected
52067,WS_121,Consumers may access and edit their personal information by following the instructions found in the “My Profile” or “Edit Your Profile” area of the Services where you registered or submitted personal informatio,Description of Right to Know PI Collected
52068,WS_121,Consumers may access and edit their personal information by following the instructions found in the “My Profile” or “Edit Your Profile” area of the Services where you registered or submitted personal information,Description of Right to Correct Information
52071,WS_121,"Professionals may edit their personal information by returning to the area of the Services where they registered and modifying the information there, or by calling our Customer Care Center at (800) 878-4166.",Methods to exercise rights
52076,WS_121,"CHANGES TO OUR PRIVACY NOTICE\nFrom time to time, we may change our Privacy Notice to reflect changes to our privacy practices and Services.",Updated Privacy Policy
52089,WS_121,Correct certain information that we have about you.,Description of Right to Correct Information
52090,WS_121,You also have the right to not be discriminated against (as provided for in applicable law) for exercising certain of your rights.,Description of Right to Non-discrimination on exercising rights
52100,WS_121,"hese perform statistical and administrative functions, such as measuring site and page traffic, verifying advertising paths, better understanding user interests and activity, gathering related information (such as information relating to a particular browser, device or IP address) and positioning images, and typically do so without detracting from your online experience.",Categories of Personal Information Sold
52103,WS_121,"If you are a Professional, we may also ask for additional information, such as relevant professional licensing numbers, an MLS ID#, or NAR Member ID.",Categories of Personal Information Collected
52120,WS_121,"Adobe: We participate in the Adobe Marketing Cloud Device Co-op to better understand how you use our websites and apps across the various devices you use (such as a laptop or desktop computer, tablet, phone or smart watch) and to deliver tailored promotions.",Categories of Personal Information Sold
52126,WS_121,"short-term, transient use, including, but not limited to, the contextual customization of ads shown as part of the same interaction;",Categories of Personal Information Sold
52128,WS_121,"performing services, including maintaining or servicing accounts, providing customer service, processing or fulfilling orders and transactions, verifying customer information, processing payments, providing advertising or marketing services, providing analytics services, or providing similar services;",Categories of Personal Information Sold
52143,WS_121,"Subject to certain limitations, some U.S. residents have the right to opt out of having their personal information shared for this purpose.",Description of Right to Opt-out of sale of PI
52145,WS_121,"If you choose to opt in to receiving communications from that third-party advertiser by providing your explicit consent, the third-party advertiser will manage your personal information pursuant to their own privacy policy.\n\nNon-personal Information.",Categories of Personal Information Shared / Disclosed
52161,WS_121,Provide you the categories of personal information we have collected or disclosed about you in the last twelve months; the categories of sources of such information; the business or commercial purpose for collecting or selling your personal information,Description of Right to Know PI Collected
52163,WS_121,Provide access to and/or a copy of certain information we hold about you.,Description of Right to Know PI Collected
52166,WS_122,"This Privacy Policy is effective as of June 30, 2023.",Updated Privacy Policy
52192,WS_122,"Information from Analytics Vendors, Advertising Vendors, and Advertisers.",Categories of Personal Information Collected
52257,WS_122,"We may use or share such information with third parties for research or commercial purposes (e.g., analyzing trends based on foot traffic)",Categories of Personal Information Shared / Disclosed
52278,WS_122,"This is the only way that we sell Personal Information under the CPRA, and we do not engage in any other sales of Personal Information under the CPRA.",Categories of Personal Information Sold
52286,WS_122,"Submit a comment, leave feedback, or sen",Categories of Personal Information Shared / Disclosed
52289,WS_122,"You can always manually enter a location (such as city, postal code, and country).",Categories of Personal Information Sold
52296,WS_122,"To request specific pieces of information on weather.com, click here and select “Request a Portable Copy of Data” from the options.\n\nTo request specific pieces of information on the iOS or Android mobile app, navigate to “Data Rights” in the app menu and select “Request a Portable Copy of Data” from the options.\n\nTo request specific pieces of information on The Weather Channel in-vehicle application, please email us at twc-auto-support@weather.com.\n\nAlternatively, you may email californiaprivacy@weather.com for further instructions.",Methods to exercise rights
52297,WS_122,Delete your Personal Information.,Description of Right to Delete
52299,WS_122,We will delete your information unless it is necessary for purposes permitted by CPRA.,Description of Right to Delete
52304,WS_122,You will be opted in by default to the sale or sharing of Personal Information.,Description of Right to Opt-out of sale of PI
52307,WS_122,"If you do not have an account or are using the Services without logging into your account, you will have to opt out from each browser or device where you access the Services.",Methods to exercise rights
52313,WS_122,You can choose to opt out and limit the use of your sensitive personal information at any time in the following ways,Description of Right to Limit use of PI
52351,WS_122,"Note to registered users and subscribers: At this time, we cannot delete data directly associated with your account without deleting your account.",Description of Right to Delete
52358,WS_122,Browser settings: Your web browser may allow you to manage your cookies and local storage to control access to data about your online activity.,Methods to exercise rights
52361,WS_122,"To request specific pieces of information on the iOS or Android mobile app, navigate to “Data Rights” in the app menu and select “Request a Portable Copy of Data” from the options.",Methods to exercise rights
52364,WS_122,"Please note that following a deletion request, we will resume collecting Personal Information if you continue your use of the Services, and your Personal Information will also enable us to personalize the Services you visit and the ads that are placed on the Services.",Description of Right to Delete
52366,WS_122,You can update certain inaccurate information related to your stored preferences and your use of the Services.,Description of Right to Correct Information
52367,WS_122,"For instructions on how to correct certain inaccurate data yourself on weather.com, click here and select “How to Correct Data” from the options.\n\nFor instructions on how to correct certain inaccurate data yourself on iOS or Android mobile applications, navigate to “Data Rights” in the app menu and select “How to Correct Data” from the options.",Methods to exercise rights
52368,WS_122,"If you would like to make further corrections, you can request that we correct inaccurate Personal Information that we have collected from your use of the Services.",Description of Right to Correct Information
52377,WS_122,"Right to correct inaccurate data: As data collected by the Services is generally limited to location data (local storage), customer support inquiries, and data required to provide and support the Services, including analyze/measure use of the Services (See Section 1 ), this data would not usually be considered inaccurate.",Description of Right to Correct Information
52379,WS_122,"The Weather Channel in-vehicle application does not:\n\nSell or share personal data for monetary or other valuable consideration;\nContain advertising, including targeted advertising;",Categories of Personal Information Sold
52387,WS_122,"By itself, local storage cannot do anything to or with the data stored on your device.",Categories of Personal Information Collected
52400,WS_122,Information on how you can limit the use or disclosure of your Sensitive Personal Information is provided below (Section 12.B. “Limit Use of your Sensitive Personal Information”).,Description of Right to Limit use of PI
52434,WS_123,"Preferences, interests, and other characteristics, such as shopping history that reflects a consumer's shopping preferences",Categories of Personal Information Collected
52443,WS_123,"Service Providers that process information on our behalf (e.g., data storage providers)\nFinancial service companies\nAdvisors and consultants\nLaw enforcement public and government authorities, and other entities as we deem reasonably necessary to comply with law, support investigations, and protect the rights and property of you, us, and others\nOur affiliates and subsidiaries",Categories of Personal Information Shared / Disclosed
52500,WS_123,"When you access these pages or open or click an email, the pixel tags and web beacons generate a notice of that action.",Categories of Personal Information Collected
52523,WS_123,"To provide customer support to you and our other members, customers, and visitors",Categories of Personal Information Shared / Disclosed
52553,WS_123,"AutoZone informs you that, where applicable under relevant law, individuals may be entitled to the following:\n\n\nRight to Know (Access / Disclosure): to have access to your Personal Information upon simple request – that is, you may receive a copy of such data upon receipt of a verifiable request, along with other information related to the collection or processing.\nRight to Disclosure of Direct Marketers: to have knowledge of and access to, upon simple request, and free of charge, the categories and names of addresses of third parties that have received Personal Information for direct marketing purposes.",Description of Right to Know PI sold / shared
52559,WS_123,"Right to Correct Inaccurate Information: to request correction of inaccurate Personal Information, taking into account the nature of the Personal Information and the purposes of the Personal Information is processed.",Description of Right to Correct Information
52560,WS_123,"Right to Limit Use of Sensitive Personal Information: you have the right to request that AutoZone limit the use of your sensitive information to fulfill a specified purpose (i.e., to provide ordered goods or services)",Description of Right to Limit use of PI
52571,WS_123,AutoZone encourages you periodically to check back to this page for any updates.,Updated Privacy Policy
52572,WS_123,"\nExercising Your State Law Privacy Rights\nIf you have questions about this Privacy Policy, the practices of this site or your dealings with this site, or would like to exercise your privacy rights, please contact AutoZone:\n\n\nBy Website: http://dsar.autozone.com\nBy telephone: (866) 246-5230\n",Methods to exercise rights
52597,WS_123,"Other AutoZone Entities: We may share or disclose your information to other entities affiliated with AutoZone (e.g., ALLDATA, AutoZone Mexico)",Categories of Personal Information Shared / Disclosed
52607,WS_123,"Under California law, you have the right to send us a request at the designated address listed below to receive the following information:\n\n\nThe categories of information we disclosed to third parties for their direct marketing purposes during the immediately preceding calendar year;\nThe names and addresses of the third parties that received the information; and\nIf the nature of the third party's business cannot be determined from their name, examples of the products or services marketed.",Description of Right to Know PI sold / shared
52609,WS_123,"Exercising Your State Law Privacy Rights\nIf you have questions about this Privacy Policy, the practices of this site or your dealings with this site, or would like to exercise your privacy rights, please contact AutoZone:\n\n\nBy Website: http://dsar.autozone.com\nBy telephone: (866) 246-5230",Methods to exercise rights
52628,WS_123,"You may choose to disable location tracking; however, certain functions of the Websites and Apps not work properly if you do not share your location\nCamera, Photos, and Media Files: As part of your experience, you can upload photos and images from your device to the Apps.",Categories of Personal Information Collected
52644,WS_123,"Right to Know (Access / Disclosure): to have access to your Personal Information upon simple request – that is, you may receive a copy of such data upon receipt of a verifiable request, along with other information related to the collection or processing.",Description of Right to Know PI Collected
52647,WS_123,"The categories of Personal Information collected about you, sold to third parties, or disclosed to third parties for business purposes;\nThe categories of Personal Information shared or sold within the last 12 months;",Description of Right to Know PI sold / shared
52648,WS_123,The categories of sources from which Personal Information is collected;\nThe business or commercial purpose for collecting or selling Personal Information; and,Description of Right to Know PI Collected
52650,WS_123,"Direct Marketers Disclosures\nIf you are a California resident, you have the right to request information from us regarding the manner in which we share certain categories of Personal Information with third parties for their direct marketing purposes, in addition to the rights set forth above.",Description of Right to Know PI sold / shared
52681,WS_124,"Functional Cookies: Functional cookies are used to record your choices and settings regarding our Service, maintain your preferences over time and recognize you when you return to our Service.",Categories of Personal Information Collected
52704,WS_124,"Examples of these legitimate business interests include:\n\nOperation and improvement of our business and Service\nMarketing of our Service\nServing relevant advertisements\nProvision of customer support\nProtection from fraud or security threats\nSpam prevention\nCompliance with legal obligations\nCompletion of corporate transactions and provision of our Service after such transactions\nConsent: In some cases, we process Personal Data based on the consent you expressly grant to us at the time we collect such data.",Categories of Personal Information Collected
52713,WS_124,"Other Disclosures: We also share Personal Data when we believe it is necessary to:\n\nSatisfy any applicable law, regulation, subpoena/court order, legal process or other government request;\nEnforce our Terms of Service, including the investigation of potential violations thereof;\nInvestigate and defend ourselves against any third party claims or allegations;\nProtect against harm to the rights, property or safety of Genius, its users or the public as required or permitted by law;\nDetect, prevent or otherwise address criminal (including fraud or stalking) security or technical issues; and\nMaintain the security of our Service.",Categories of Personal Information Shared / Disclosed
52721,WS_124,"We sell your Personal Data, subject to your right to opt-out of these sales to the following parties (see the “Your Rights” section below for information about how to opt-out).\n\nWe sell your Personal Data to the following categories of third parties:\n\nAdvertisers.\nOver the past twelve months, we have sold the following categories of your Personal Data to third parties:\n\nPersonal identifiers.\nInternet or other similar network activity information.",Categories of Personal Information Sold
52735,WS_124,"You may also opt-out of certain Tracking Tools on mobile devices by installing the DAA’s AppChoice app on your mobile device (for iTunes, visit https://itunes.apple.com/us/app/appchoices/id894822870?mt=8, for Android, visit https://play.google.com/store/apps/details?id=com.DAA.appchoices&hl=en).",Methods to exercise rights
52737,WS_124,Personal Data Sales Opt-Out and Opt-In: You have the right to opt-out of the sale of your Personal Data.,Description of Right to Opt-out of sale of PI
52746,WS_124,We Will Not Discriminate Against You for Enforcing Your Rights Under the CCPA: We will not discriminate against you for exercising your rights under the CCPA.,Description of Right to Non-discrimination on exercising rights
52747,WS_124,"We will not deny you our goods or services, charge you different prices or rates, or provide you a lower quality of goods and services if you exercise your rights under the CCPA",Description of Right to Non-discrimination on exercising rights
52749,WS_124,"We reserve the right to modify this Privacy Policy at any time, for reasons such as operational practices or regulatory changes.",Updated Privacy Policy
52770,WS_124,"Performing services on our behalf, including maintaining or servicing accounts, providing customer service, processing or fulfilling orders and transactions, verifying customer information, providing cloud storage or hosting services, processing payments, providing email delivery, providing financing, providing advertising or marketing services, providing analytic services, or providing similar services on behalf of the business or service provider.",Categories of Personal Information Sold
52779,WS_124,You have the right to opt-out of the sale of your Personal Data.,Methods to exercise rights
52783,WS_124,"However, we may have different tiers of Services as allowed by applicable data protection laws (including the CCPA) with varying levels of quality of the goods or services you receive related to the value of Personal Data that we receive from you.",Description of Right to Non-discrimination on exercising rights
52822,WS_125,"Cookies\nWe may collect information about you through the use of cookies and similar technologies on our sites and apps, or your devices",Categories of Personal Information Collected
52831,WS_125,"Right to Know: You have a right to know what personal information we collect, process, and share or sell",Description of Right to Know PI sold / shared
52832,WS_125,Right to Delete/Erase: You can request us to delete all the information we have collected about you,Description of Right to Delete
52833,WS_125,"Right to Request Rectification: If you find that any of your information that we are processing is inaccurate, you can contact us to have your information corrected.",Description of Right to Correct Information
52834,WS_125,"In response, we will cancel or remove your information but may retain and use copies of your information as necessary to comply with our legal obligations, resolve disputes, and enforce our agreements",Description of Right to Correct Information
52837,WS_125,Right to Object to the Use of Sensitive Personal Information: You have the right to object to our use of your sensitive personal information.,Description of Right to Limit use of PI
52838,WS_125,"Sensitive personal information is information about your health, race, religion, sexual orientation, gender identity, political opinions or philosophical beliefs.",Description of Right to Limit use of PI
52857,WS_125,Right of Access: You can request a copy of the personal information we have collected about you from us.,Description of Right to Know PI Collected
52861,WS_125,"In response, we will cancel or remove your information but may retain and use copies of your information as necessary to comply with our legal obligations, resolve disputes, and enforce our agreements.",Description of Right to Correct Information
52872,WS_125,"ther Third Parties: We may also share your personal information with the following:\n\nRelevant third party provider, where our services use third party advertising, plugins or content, subject to your privacy choices and settings, and our ToU.\nMerchants, business partners, or advertisers where you consented and chose to participate in offers, contests, or other activities.\nThird party Processors (such as analytic providers; data centers; etc.), located anywhere in the world, subject to the requirements and limitations;\nLegal and regulatory authorities, upon request, or for the purposes of reporting any actual or suspected breach of applicable law or regulation;\nAny party as directed by a law enforcement agency or court, to the extent necessary for the establishment, exercise or defense of legal rights;\nLaw enforcement for the purposes of prevention, detection, or investigation of criminal offenses and any legal proceedings associated with them.\nIn the case of a full or partial acquisition, relevant third parties.",Categories of Personal Information Sold
52880,WS_125,"""California's """"Shine the Light"""" law permits our users who are California residents to request and obtain certain information about any Personal Information disclosed to third parties for direct marketing purposes.""",Description of Right to Know PI sold / shared
52900,WS_126,"""To unsubscribe from a particular newsletter, click the """"unsubscribe"""" link at the bottom of that email newsletter.""",Description of Right to Opt-out of sale of PI
52922,WS_126,We will not discriminate against you in a manner prohibited by the CCPA because you exercise your CCPA rights.,Description of Right to Non-discrimination on exercising rights
52923,WS_126,"Privacy Policy\nUpdated September 27, 2021",Updated Privacy Policy
52949,WS_126,The business or commercial purposes for our collecting or selling your PI.\nThe categories of third parties to whom we have shared your PI.,Description of Right to Know PI sold / shared
52953,WS_126,"Except to the extent we have a basis for retention under CCPA, you may request that we delete your PI that we have collected directly from you and are maintaining.",Description of Right to Delete
52954,WS_126,Note also that we are not required to delete your PI that we did not collect directly from you.,Description of Right to Delete
52972,WS_126,"In addition, we may offer you financial incentives for the collection, sale and retention and use of your PI as permitted by the CCPA that can, without limitation, result in reasonably different prices, rates, or quality levels.",Description of Right to Non-discrimination on exercising rights
53055,WS_127,"Right to Limit Use and Disclosure of Sensitive Personal Information\n\nYou have the right, at any time, to direct us to limit your sensitive personal information to that use which is necessary to perform the services reasonably expected by an average consumer who requests those services",Description of Right to Limit use of PI
53059,WS_127,"Deletion Request Rights\n\nYou have the right to request that we delete any of your personal information that we collected about you and retained, subject to certain exceptions in the CCPA",Description of Right to Delete
53062,WS_127,"To the extent that we sell your personal information, as the term “sell” is defined under the California Privacy Laws, you have the right to opt-out of the sale of your personal information by us to third parties at any time.",Description of Right to Opt-out of sale of PI
53065,WS_127,Non-Discrimination\n\nWe will not discriminate against you for exercising any of your rights under the California Privacy Laws.,Description of Right to Non-discrimination on exercising rights
53068,WS_127,"If we make changes, we will revise the date at the top of this Privacy Statement.",Updated Privacy Policy
53096,WS_127,Clicking on this icon will provide additional information about the companies and data practices that were used to deliver the ad,Description of Right to Opt-out of sale of PI
53107,WS_127,"Right to Limit Use and Disclosure of Sensitive Personal Information\n\nYou have the right, at any time, to direct us to limit your sensitive personal information to that use which is necessary to perform the services reasonably expected by an average consumer who requests those services.",Description of Right to Limit use of PI
53108,WS_127,"Correction Request Rights\n\nYou have the right to request that we correct inaccurate personal information, taking into account the nature of the personal information and the purposes of the processing of the personal information.",Description of Right to Correct Information
53110,WS_127,"Deletion Request Rights\n\nYou have the right to request that we delete any of your personal information that we collected about you and retained, subject to certain exceptions in the CCPA.",Description of Right to Delete
53134,WS_127,The specific pieces of personal information we collected about you (also called a data portability request).,Description of Right to Know PI Collected
53135,WS_127,"If we sold or disclosed your personal information for a business purpose, two separate lists disclosing:\nsales, identifying the personal information categories that each category of recipient purchased; and\ndisclosures for a business purpose, identifying the personal information categories that each category of recipient obtained.",Description of Right to Know PI sold / shared
53136,WS_127,Right to Limit Use and Disclosure of Sensitive Personal Information,Description of Right to Limit use of PI
53137,WS_127,"You have the right, at any time, to direct us to limit your sensitive personal information to that use which is necessary to perform the services reasonably expected by an average consumer who requests those services.",Description of Right to Limit use of PI
53188,WS_128,Right to Non-Discrimination for the Exercise of Your Rights: We will not discriminate against you because you have exercised any of your rights under the CCPA.,Description of Right to Non-discrimination on exercising rights
53190,WS_128,"We do not sell, trade, or exchange the Registered Users’ personal information with anyone for money.",Categories of Personal Information Sold
53197,WS_128,Changes to Our Privacy Policy\nWe may modify or revise our privacy policy from time to time.,Updated Privacy Policy
53233,WS_128,Expiration dates are set in the cookies themselves; some may expire after a few minutes while others may expire after multiple years.,Categories of Personal Information Collected
53235,WS_128,to correct inaccurate personal information concerning you (right to data rectification),Description of Right to Correct Information
53236,WS_128,"to delete/erase your personal information (right to deletion, “right to be forgotten”)",Description of Right to Delete
53249,WS_129,"Depending on how you use Shopify, you may have the right to request access to, correct, amend, delete, port to another service provider, restrict, or object to certain uses of your personal information",Description of Right to Correct Information
53252,WS_129,We do not “sell” your personal information as that term is defined under US Privacy Laws.,Categories of Personal Information Sold
53269,WS_129,Right to Request Correction: The right to request that we correct inaccurate personal information that we maintain about you.,Description of Right to Correct Information
53277,WS_129,We will not charge you more or provide you with a different level of service if you exercise any of these rights.,Description of Right to Non-discrimination on exercising rights
53284,WS_129,We will not discriminate against you for exercising any of these rights.,Description of Right to Non-discrimination on exercising rights
53389,WS_130,Limiting Use and Disclosure of Sensitive Personal Information.,Description of Right to Limit use of PI
53391,WS_130,Our use of your Sensitive Personal Information is generally limited to performing services or providing goods you requested.,Description of Right to Limit use of PI
53402,WS_130,Any changes in our Privacy Policy will appear on this page so that you are aware of the data we collect and how we use it.,Updated Privacy Policy
53403,WS_130,We will notify you of material changes to this Privacy Policy by posting on our websites notification that the Privacy Policy has been revised and by updating the effective date of the Privacy Policy.,Updated Privacy Policy
53405,WS_130,"When you interact with Walgreens or use our services, we collect certain information about you and the services you use.",Categories of Personal Information Collected
53435,WS_130,Categories of CA Personal Information we sold or disclosed for a business purpose about you; and\nThe business or commercial purpose for collecting or selling your CA Personal Information.,Description of Right to Know PI sold / shared
53442,WS_130,"If you are matched to a reasonably high degree of certainty, your request will be processed as follows:",Description of Right to Correct Information
53446,WS_130,"Correction request: Your correction request cannot be processed if you fail the LexisNexis® demographic questions.\nIf you fail both LexisNexis® and email confirmation, your Access or Correction request will be cancelled, and you will be notified.",Description of Right to Correct Information
53447,WS_130,"Deletion and Appeal Requests\n\nFor Deletion and Appeal requests, you must confirm control over the email address you provide in the request form.",Description of Right to Delete
53448,WS_130,"If you successfully complete email confirmation, we will attempt to match the data provided in the request form to the data we maintain.",Description of Right to Delete
53453,WS_130,"Browser Level Limiting\nAs of January 1, 2023, California residents can request to limit the use and disclosure of their sensitive personal information.",Description of Right to Limit use of PI
53463,WS_130,Accessing and Updating Your Personally Identifiable Information\nYou can review and update information you have given us by emailing us or calling 877-924-4472.,Description of Right to Correct Information
53477,WS_130,"To the extent you provide CA Personal Information in connection with programs such as myWalgreens, additional information about the terms applicable to those programs, including our use of CA Personal Information in exchange for the applicable financial incentives, can be found in the terms and conditions for those programs and in the Notice of Financial Incentive section above.",Description of Right to Non-discrimination on exercising rights
53493,WS_131,"Social media networks and other third parties: We may obtain information about you or your use of the Service from third party sources, such as our vendors, like web hosting providers, analytics providers, or advertisers.",Categories of Personal Information Collected
53499,WS_131,"in the event we go through a business transition such as a merger, acquisition by another company, bankruptcy, reorganization, or sale of all or a portion of our assets (as described below in Section 10);",Categories of Personal Information Sold
53531,WS_131,When and Why Groupon Discloses Information\nWe may share your personal information as follows:,Categories of Personal Information Sold
53620,WS_132,"""3.6 Tracking Data and Cookies\nWe use """"Cookies"""", which are text files placed on your computer, and similar technologies (e.g. web beacons, pixels, ad tags and device identifiers) to help us analyze how users use our services, as well as to improve the services we are offering, to improve marketing, analytics or website functionality.""",Categories of Personal Information Collected
53629,WS_132,"While we do not knowingly share Personally Identifying Information about you through the Steamworks API such as your real name or your email address, any information you share about yourself on your public Steam Profile can be accessed through the Steamworks API, including information that may make you identifiable.\n",Categories of Personal Information Shared / Disclosed
53644,WS_132,"Valve may share anonymous data, aggregated or not, with third parties.",Categories of Personal Information Shared / Disclosed
53667,WS_132,Right to Erasure.\nYou have the right to obtain deletion of Personal Data concerning you if the reason why we could collect it (see section 2. above) does not exist anymore or if there is another legal ground for its deletion.,Description of Right to Delete
53708,WS_133,"Information we may share with a Social Network may include, but is not limited to, technical information about your MLB Property activity, your MLB Property comments or the videos you watch on MLB Properties.",Categories of Personal Information Shared / Disclosed
53735,WS_133,"Right to Know About Personal Information Collected, Disclosed, Sold or Shared\nYou have the right to request that MLB disclose the following information to you about our collection and use of your personal information in connection with the MLB Properties over the last 12 months:\n\nThe categories of personal information we collect about you.\nThe categories of sources for the personal information we collect about you.\nOur business or commercial purpose for collecting or selling that personal information.\nThe categories of third parties with whom we share that personal information for cross-context behavioral advertising.\nThe specific pieces of personal information collected about you.\nIf we sold or disclosed your personal information for a business purpose, (i) a list of the categories of personal information we have sold in the prior 12 months and (ii) a list of the categories of personal information we have disclosed in the prior 12 months.\nIf we have not sold or disclosed your personal information in the preceding 12 months, we will disclose that upon request.",Description of Right to Know PI sold / shared
53740,WS_133,Right to Opt-Out of the Sale or Sharing of Personal Information\nYou have the right to direct us at any time to not sell your personal information or share your personal information for cross-context behavioral advertising.,Description of Right to Opt-out of sale of PI
53742,WS_133,Right to Opt-Out of Targeted Advertising\nYou have the right to direct us not to process your personal information for targeted advertising,Description of Right to Opt-out of sale of PI
53785,WS_133,"The Privacy Policy has been updated as of August 14, 2023",Updated Privacy Policy
53801,WS_133,the right to correct inaccuracies in your personal information,Description of Right to Correct Information
53802,WS_133,the right to opt-out of sale or sharing of your personal information,Description of Right to Opt-out of sale of PI
53803,WS_133,the right to non-discrimination,Description of Right to Non-discrimination on exercising rights
53805,WS_133,"Right to Know About Personal Information Collected, Disclosed, Sold or Shared\nYou have the right to request that MLB disclose the following information to you about our collection and use of your personal information in connection with the MLB Properties over the last 12 months:",Description of Right to Know PI sold / shared
53806,WS_133,Our business or commercial purpose for collecting or selling that personal information.\nThe categories of third parties with whom we share that personal information for cross-context behavioral advertising.,Description of Right to Know PI sold / shared
53808,WS_133,"If we sold or disclosed your personal information for a business purpose, (i) a list of the categories of personal information we have sold in the prior 12 months and (ii) a list of the categories of personal information we have disclosed in the prior 12 months.\nIf we have not sold or disclosed your personal information in the preceding 12 months, we will disclose that upon request.",Description of Right to Know PI sold / shared
53810,WS_133,Your Right to Data Portability\nYou have the right to have a copy of personal information that MLB collected and maintains about you transferred to you or to another authorized party.,Description of Right to Know PI Collected
53813,WS_133,"Shine the Light Law\nIf you are a resident of California, pursuant to California Civil Code Section 1798.83, you may request information regarding our disclosure of your personal information to a third party for that party's direct marketing purposes.",Description of Right to Know PI sold / shared
53867,WS_134,"Right to Request Rectification: If you find that any of your information that we are processing is inaccurate, you can contact us to have your information corrected.",Description of Right to Correct Information
53871,WS_134,Right to Object to the Use of Sensitive Personal Information: You have the right to object to our use of your sensitive personal information.,Description of Right to Limit use of PI
53922,WS_134,"For certain requests, we may require additional information.",Description of Right to Correct Information
53966,WS_134,Access to Your Personal Information.,Description of Right to Know PI Collected
53969,WS_134,Californiaâ€™s â€œShine the Lightâ€ law permits our users who are California residents to request and obtain certain information about any Personal Information disclosed to third parties for direct marketing purposes.,Description of Right to Know PI sold / shared
53985,WS_135,"If you choose to pay using a payment partner that requires you to provide to them your personal data like name and email address, such as PayPal, then that payment partner may provide that information to Patreon.",Categories of Personal Information Shared / Disclosed
54024,WS_135,You can opt your current browser out of interest-based advertising from partners that adhere to the Digital Advertising Alliance’s Principles for Online Behavioral Advertising at https://optout.aboutads.info,Description of Right to Opt-out of sale of PI
54026,WS_135,"On Android, depending on your version of Android, you can delete the advertising ID for your current device in your Android phone’s settings or you can opt your current device out of interest-based advertising by enabling “Opt out of Ads Personalization” in your Android phone’s settings (precise directions and setting name may be different on different Android versions).",Methods to exercise rights
54028,WS_135,"On iOS 14 and later versions only, if you don't want to allow apps to access your current device’s iOS Identifier for Advertising, you can disable the “Allow Apps to Request to Track” setting in your iOS settings (precise directions may be different on different iOS versions).",Methods to exercise rights
54030,WS_135,correct or rectify any such personal data that they believe is inaccurate;,Description of Right to Correct Information
54066,WS_135,Information Shared with Third Parties,Categories of Personal Information Shared / Disclosed
54110,WS_135,"""access, review, modify, and update your data by logging in to your account at Patreon and going to your account settings;\naccess your personal data, port it, or delete it data by clicking on the """"Make a Privacy Request"""" button at the Patreon Privacy Center;\ndelete a previously-disabled account by emailing Patreon at privacy@patreon.com""",Methods to exercise rights
54123,WS_136,"In addition, to the extent you email in connection with the service (e.g., with a tutor), we will collect the email correspondence.\npurchase a subscription or sign up to receive any additional services like Dictionary.com Premium or Grammar Coach Premium;\nsubmit a help request, a customer services inquiry or other inquiry to us, or fill in any other forms for the purposes of receiving our Services;\nparticipate in some of the features accessible via the Services (for example, message boards, chat groups, social networking, games, surveys, polls, promotions, contests, or sweepstakes);\ncontact us about employment opportunities posted on the Sites; or\notherwise use the Services in a manner that you have requested.",Categories of Personal Information Collected
54138,WS_136,"We use third party cookies for functionality, performance / analytics, advertising and social media purposes.",Categories of Personal Information Shared / Disclosed
54162,WS_136,You may exercise choices regarding certain third party advertising cookies through the following organizations:,Description of Right to Opt-out of sale of PI
54192,WS_136,"To opt out of this use, please click here.",Methods to exercise rights
54197,WS_136,"In the preceding 12 months, we have “sold” the following categories of personal information, depending on how the CCPA is interpreted, to the following categories of third parties:\n\nCategory of Personal Information Categories of Recipients\nIdentifiers Advertising networks\nInternet or other electronic network activity information Advertising networks\nInferences Advertising networks",Categories of Personal Information Sold
54201,WS_136,It is in our legitimate interest to appropriately determine amounts to be paid to our partners and inform our product roadmap and distribution strategy.\n,Categories of Personal Information Sold
54206,WS_136,We will verify your request by confirming the email address we have on file for you.,Methods to exercise rights
54228,WS_136,Advertisers and advertising networks: Advertisers and advertising networks place ads on our Sites.,Categories of Personal Information Sold
54282,WS_137,Opting Out of IBA\n\n You can opt out of receiving some type of ads and third-party collection of data for IBA from your device across unaffiliated services by managing your preferences at https://youradchoices.com/control.,Description of Right to Opt-out of sale of PI
54288,WS_137,"""You can exercise these opt-out choices by visiting """"Privacy Settings"""" or """"Cookie Settings.""""""",Methods to exercise rights
54289,WS_137,"If you wish to opt out of the sale or sharing for Interest-Based Advertising of online data through the use of cookies, please utilize the Cookie Settings of the applicable website.",Methods to exercise rights
54294,WS_137,"To access the information that we have collected about you in a portable and (if technically feasible) readily usable form, including the categories and specific pieces of personal information that we have collected about you, the categories of sources for that information, the business or commercial purposes for collecting, selling, or sharing the information, and the categories of third parties with which the information was shared.",Description of Right to Know PI sold / shared
54301,WS_137,"We may use your personal information collected at an NFL Event:\n\n· To produce, exhibit, advertise or otherwise use your image, voice, or likeness in any and all media now or existing in future as part of NFL's commercial, advertising and marketing activities; and\n\n· In the case of images or footage captured on CCTV cameras, to ensure the safety of the venues hosting NFL Events and of individuals attending NFL Events.",Categories of Personal Information Collected
54319,WS_137,These laws may provide residents with the right to opt out of such sales or sharing of their personal information.,Description of Right to Opt-out of sale of PI
54339,WS_138,"This research is based on the information you provide to us including upon registration during a promotion, in surveys, and on your use of our Services.",Categories of Personal Information Collected
54361,WS_138,Right to Correction\n\nYou may request that we correct Personal Information that we maintain about you if you believe such Personal Information is inaccurate.,Description of Right to Correct Information
54464,WS_138,The categories of third parties to whom we have shared your PI.,Description of Right to Know PI sold / shared
54471,WS_139,This policy was last updated on 06/13/2023,Updated Privacy Policy
54501,WS_139,"Various methods for submitting requests are referenced above, as well as the specific types of Public information we obtain from publicly available data sources and/or Personal information we collect directly from our users.",Description of Right to Know PI Collected
54502,WS_139,"""Per CCPA, in response to verified requests for disclosure, we will provide those """"categories"""" of information we obtain or collect.""",Description of Right to Know PI Collected
54520,WS_139,"As for the Public information obtained from publicly available data sources, for many years now, we have accommodated requests to opt-out/not to sell/share such information, which can be done in various locations on the Site",Description of Right to Opt-out of sale of PI
54549,WS_139,"the business or commercial purpose for collecting, obtaining or selling your personal information;\nthe categories of third parties with whom we have shared your personal information; and",Description of Right to Know PI sold / shared
54551,WS_139,"Penal Code § 1546 et seq.);\nengage in public/peer-reviewed research in the public interest, adhering to all applicable ethics and privacy laws;\ncomply with a legal obligation; or\nmake other internal and lawful uses of information compatible with the context in which you provided it.",Description of Right to Delete
54557,WS_139,You have the right not to be discriminated against for exercising any of the rights listed above.,Description of Right to Non-discrimination on exercising rights
54573,WS_140,"Effective Date: June 30, 2023",Updated Privacy Policy
54627,WS_140,"Device and Activity Monitoring Technologies\nWe use technologies such as session replay tools that monitor, and may record, your interactions with the Service and Digital Properties, including without limitation, keystrokes and how you move through and engage with the Service and Digital Properties.",Categories of Personal Information Collected
54652,WS_140,You have the right to request that we correct inaccurate information that we maintain about you.,Description of Right to Correct Information
54656,WS_140,Disabling the “Sale/Sharing” through Your Privacy Choices will place a cookie on your browser signaling that you have opted out of such online activities.,Description of Right to Opt-out of sale of PI
54658,WS_140,"You will also need to disable the “Sale/Sharing” toggle through Your Privacy Choices from each browser on each Device you use, and on each Carvana website you access.\nIf you clear cookies on your browser, you will need to disable the “Sale/Sharing” toggle through Your Privacy Choices from that browser again.\nIf you have blocked cookies through your browser settings, we will be unable to comply with your opt out request.",Description of Right to Opt-out of sale of PI
54675,WS_140,"We may also collect and process information about you generated during or after interviews and related activities, such as tests or satisfaction surveys.",Categories of Personal Information Collected
54703,WS_140,Any updated Notice will be effective when posted.,Updated Privacy Policy
54704,WS_140,Please check this Business Contact Notice periodically for updates.,Updated Privacy Policy
54732,WS_140,You have the right to request that we correct inaccurate Personal Data that we maintain about you.,Description of Right to Correct Information
54744,WS_140,CA residents are provided a CA notice for additional choices.,Categories of Personal Information Shared / Disclosed
54773,WS_140,"Affiliates and subsidiaries, including parent entities, corporate affiliates, subsidiaries, business units, and other companies that share common ownership with us.",Categories of Personal Information Sold
54784,WS_140,"\nCategories of Personal Data We Collect Categories of Third Parties With Whom We Disclose Personal Data for a Business Purpose Categories of Third Parties to Whom Personal Data is Sold or Shared\nIdentifiers (Section 2.A) \nAffiliates and subsidiaries\nService providers\nProfessional consultants\nVendors necessary to complete transactions you request\nLaw enforcement, government, agencies, and other recipients for legal, security, or safety purposes\nIn connection with a corporate transaction\nEntities to which you have consented to the disclosure\nBusiness partners\nPersonal information subject to the California Customer Records Act (Section 2.B) \nAffiliates and subsidiaries\nService providers\nProfessional consultants\nVendors necessary to complete transactions you request\nLaw enforcement, government, agencies, and other recipients for legal, security, or safety purposes\nIn connection with a corporate transaction\nEntities to which you have consented to the disclosure\nBusiness partners\nCharacteristics of protected classifications under California or federal law (Section 2.C) \nAffiliates and subsidiaries\nService providers\nProfessional consultants\nVendors necessary to complete transactions you request\nLaw enforcement, government, agencies, and other recipients for legal, security, or safety purposes\nIn connection with a corporate transaction\nEntities to which you have consented to the disclosure\nBusiness partners\nCommercial information (Section 2.D) \nAffiliates and subsidiaries\nService providers\nProfessional consultants\nVendors necessary to complete transactions you request\nLaw enforcement, government, agencies, and other recipients for legal, security, or safety purposes\nIn connection with a corporate transaction\nEntities to which you have consented to the disclosure\nBusiness partners\nInternet or other electronic network activity (Section 2.E) \nAffiliates and subsidiaries\nService providers\nProfessional consultants\nVendors necessary to complete transactions you request\nLaw enforcement, government, agencies, and other recipients for legal, security, or safety purposes\nIn connection with a corporate transaction\nEntities to which you have consented to the disclosure\nBusiness partners\nGeolocation data (Section 2.F) \nAffiliates and subsidiaries\nService providers\nProfessional consultants\nVendors necessary to complete transactions you request\nLaw enforcement, government, agencies, and other recipients for legal, security, or safety purposes\nIn connection with a corporate transaction\nEntities to which you have consented to the disclosure\nBusiness partners\nAudio, electronic, visual, olfactory, or similar information (Section 2.G) \nAffiliates and subsidiaries\nService providers\nProfessional consultants\nLaw enforcement, government, agencies, and other recipients for legal, security, or safety purposes\nIn connection with a corporate transaction\nEntities to which you have consented to the disclosure\nNot sold or shared\nProfessional or employment-related information (Section 2.H) \nAffiliates and subsidiaries\nService providers\nProfessional consultants\nLaw enforcement, government, agencies, and other recipients for legal, security, or safety purposes\nIn connection with a corporate transaction\nEntities to which you have consented to the disclosure\nBusiness partners\nEducation information (Section 2.I) \nAffiliates and subsidiaries\nService providers\nProfessional consultants\nLaw enforcement, government, agencies, and other recipients for legal, security, or safety purposes\nIn connection with a corporate transaction\nEntities to which you have consented to the disclosure\nNot sold or shared\nInferences (Section 2.J) \nAffiliates and subsidiaries\nService providers\nProfessional consultants\nVendors necessary to complete transactions you request\nLaw enforcement, government, agencies, and other recipients for legal, security, or safety purposes\nIn connection with a corporate transaction\nEntities to which you have consented to the disclosure\nBusiness partners\nSensitive personal information (Section 2.K) \nAffiliates and subsidiaries\nService providers\nProfessional consultants\nLaw enforcement, government, agencies, and other recipients for legal, security, or safety purposes\nIn connection with a corporate transaction\nEntities to which you have consented to the disclosure\nNot sold or shared",Categories of Personal Information Collected
54806,WS_141,"Consistent with California law, if you choose to exercise your rights under the CCPA, we will not provide different quality of services unless those differences are related to your information.",Description of Right to Non-discrimination on exercising rights
54822,WS_141,California residents also have the right to submit a request for deletion of information under certain circumstances.,Description of Right to Delete
54881,WS_142,"To keep our Services safe and secure\nWe collect and store your information and, in some cases, apply automated processing and manual review to maintain the security and integrity of our Services.",Categories of Personal Information Collected
54888,WS_142,"To collect your information through the device-based settings that you have enabled\nWe rely on your consent to:\ncollect your device-based Precise Location Information for: (a) local content, to personalize and tailor the Services, including search results and recommendations; and (b) delivery, and shipping services; and\naccess your photo gallery if you choose to share photos or media on our Services.\nPrecise Location Information\nPhotographs and Videos",Categories of Personal Information Collected
54903,WS_142,"Right to Deletion - In certain circumstances, you have the right to request the deletion of your personal information, except information we are required to retain by law, regulation, or to protect the safety, security, and integrity of Reverb.",Description of Right to Delete
54913,WS_142,"If we believe that the changes are material, we’ll let you know by posting the changes through the Services and sending you an email or message about the changes.",Updated Privacy Policy
54918,WS_142,You can ask us to correct any inaccurate personal information that we have collected about you.,Description of Right to Correct Information
54920,WS_142,"You can opt out of certain processing of personal information for targeted or interest-based advertising purposes, including sharing personal information for cross-contextual behavioral advertising.\nOpt-out of other “sales” of personal data.",Description of Right to Opt-out of sale of PI
54927,WS_142,We will not discriminate against you for exercising any of these rights.,Description of Right to Non-discrimination on exercising rights
54938,WS_142,"Identifiers: information that identifies you, including your legal name, email address, unique personal identifiers (such as a device identifier and/or IP address), email address, account name (e.g. shop name), government issued ID numbers (e.g. drivers license) which we may use to verify your identity when we onboard you as a seller; and/or tax identification number when setting up your account to sell on Reverb;\n",Categories of Personal Information Sold
54941,WS_142,"Internet or other Network activity: information including your interactions with our Services and what led you to our Services (including traffic related information) ; device type and/or identifier, operating system and version, browser type and settings and cookie-related data (e.g. cookie ID).",Categories of Personal Information Sold
54949,WS_142,"Disclosure of Personal Information for a Business Purpose\n\nWe share personal information with service providers, contractors, and other third parties.",Categories of Personal Information Shared / Disclosed
54954,WS_142,"Seller Details: Your name, valid identification, email address, country of residence, phone number, date of birth, taxpayer address, and Reverb shop name\nSeller Payment Information: Your bank country, bank account details, billing address and other payment information (e.g., credit or debit card details or PayPal credentials)",Categories of Personal Information Sold
54957,WS_142,"Name\nLocation and/or business address (if applicable)\nYour shop name, shop banner, shop description, shop location, shop links\nYour favorite items and favorite stores\n",Categories of Personal Information Sold
54960,WS_143,"Last Updated: November 24, 2020",Updated Privacy Policy
55060,WS_143,"We do, however, recommend that you read this Privacy Policy each time you use our Sites in case you missed our notice of changes to the Privacy Policy.",Updated Privacy Policy
55064,WS_143,"You have the right to receive information regarding the categories of Personal Information we collected, sold, and disclosed",Description of Right to Know PI sold / shared
55067,WS_143,You have the right to request in certain circumstances that we delete any Personal Information that we have collected directly from you.,Description of Right to Delete
55068,WS_143,Right to Information Regarding Participation in Data Sharing for Financial Incentives.,Description of Right to Non-discrimination on exercising rights
55076,WS_143,By emailing us at webmaster@seattletimes.com.,Methods to exercise rights
55103,WS_143,We provide your IP address and Device ID to our analytics partners.,Categories of Personal Information Sold
55116,WS_143,They may be used by those companies to build a profile of your interests and show you relevant adverts on other sites.,Categories of Personal Information Shared / Disclosed
55122,WS_144,Right to Deletion\nYou have the right to request that we permanently erase your personal information from our records.,Description of Right to Delete
55139,WS_144,They may be used by those companies to build a profile of your interests and show you relevant adverts on other sites.,Categories of Personal Information Shared / Disclosed
55254,WS_146,Right to Rectification\nYou have the right to request that we correct any information you believe is inaccurate,Description of Right to Correct Information
55257,WS_146,"We may deny your deletion request if retaining the information is necessary for us or our service provider(s) to:\nComplete the transaction for which we collected the personal information, provide a good or service that you requested, take actions reasonably anticipated within the context of our ongoing business relationship with you, fulfill the terms of a written warranty or product recall conducted in accordance with federal law, or otherwise perform our contract with you.\nDetect security incidents, protect against malicious, deceptive, fraudulent, or illegal activity, or prosecute those responsible for such activities.\nDebug products to identify and repair errors that impair existing intended functionality.\nExercise free speech, ensure the right of another consumer to exercise their free speech rights, or exercise another right provided for by law.\nComply with the California Electronic Communications Privacy Act (Cal.",Description of Right to Delete
55268,WS_146,Changes to Our Privacy Policy\nWe reserve the right to amend this privacy policy at our discretion and at any time.,Updated Privacy Policy
55308,WS_147,Service-Related Announcements: We may send you service-related announcements.,Categories of Personal Information Collected
55335,WS_147,Changes or additions to this Privacy Policy will be available in this section of the website.,Updated Privacy Policy
55338,WS_147,The right to confirm whether or not we are processing your personal data and to access such personal data;,Description of Right to Know PI Collected
55339,WS_147,"The right to delete personal data that we collected from and/or about you, subject to certain exceptions;",Description of Right to Delete
55342,WS_147,The right not to receive discriminatory treatment by us for the exercise of your privacy rights.,Description of Right to Non-discrimination on exercising rights
55344,WS_147,"""This is """"targeted advertising"""" under applicable privacy laws.""",Categories of Personal Information Sold
55347,WS_148,"This privacy policy is effective as of January 1, 2023",Updated Privacy Policy
55394,WS_148,"Web beacons: Certain pages on the Services contain web beacons also known as web bugs, pixel tags, or clear GIFs.",Categories of Personal Information Shared / Disclosed
55406,WS_148,"""When your data is collected on the Services, it may be shared with select Analytics Vendors and Advertising Vendors that assist us with marketing or advertising campaigns for our brands, and providers of services that assist us with our business operations, with the provision of the Services, or in delivering you the features and functionality that you have requested (""""Technology Vendors"""").""",Categories of Personal Information Shared / Disclosed
55433,WS_148,Identifiers such as a name or email address;\nCommercial information relating to your use of the Services;\nInternet or other electronic network activity information relating to your use of the Services;\nGeolocation data;\nPrecise geolocation data; and\nInferences drawn from the use of the Services.,Categories of Personal Information Sold
55447,WS_148,Correct your Personal Information.,Description of Right to Correct Information
55448,WS_148,You can update certain information related to your stored preferences and your use of the Services,Description of Right to Correct Information
55458,WS_149,"Personal Information Seeking Alpha collects\nWhen you visit our Site or register for our products and services (including as a subscriber or a contributor), Seeking Alpha collects personal information about you.",Categories of Personal Information Collected
55483,WS_149,"As the term is defined by the CCPA, we “sold” the following categories of personal information in the last 12 months: identifiers/contact information, Internet or other electronic network activity information, and inferences drawn from the above.",Categories of Personal Information Sold
55488,WS_149,Right to request deletion: You can request that we delete personal information about you.,Description of Right to Delete
55500,WS_150,"Depending on the relationship we have with you, in the last 12 months we may have disclosed the following categories of personal information in ways that could be deemed a “sale” for purposes of the CCPA: (i) Identifiers; (ii) Categories of personal information described in Cal.",Categories of Personal Information Sold
55528,WS_150,Right to Make a Deletion Request\n\nYou may have the right to request that we delete your personal information that we have collected about you.,Description of Right to Delete
55530,WS_150,"Right to Correct Inaccurate Personal Information\n\nYou may have the right to request that we correct inaccurate personal information about you, taking into account the nature of the personal information and the purposes of the processing of the personal information.",Description of Right to Correct Information
55533,WS_150,"Right to Limit Use and Disclosure of Sensitive Personal Information\n\nSubject to certain exceptions, you may have the right to limit our use and disclosure of your sensitive personal information.",Description of Right to Limit use of PI
55537,WS_150,Changes to Our California Privacy Notice\n\nThis California Privacy Notice may be changed by FORTUNE or its affiliates at any time and an updated policy will be posted to the website and relevant portions of the Services.,Updated Privacy Policy
55542,WS_151,Opt-out of Sale or Sharing of Your Personal Information\nYou have the right to request that AARP not sell or share your personal information to third parties.,Description of Right to Opt-out of sale of PI
55545,WS_151,LIMIT PROCESSING OF SENSITIVE INFORMATION THAT AARP MAY HAVE ABOUT YOU â€“ RIGHT TO LIMIT\nYou have the right to request that AARP limit the processing of sensitive personal information AARP may have about you.,Description of Right to Limit use of PI
55547,WS_151,Delete\nYou have the right to request the deletion of your personal information.,Description of Right to Delete
55599,WS_152,"For example, machine learning helps power the business card scanner tool if you use our mobile apps and allows for easier imports of data into your HubSpot accoun",Categories of Personal Information Collected
55634,WS_152,"- Access, Correction or Deletion.",Description of Right to Delete
55635,WS_152,We do not sell personal information.,Categories of Personal Information Sold
55638,WS_152,"HubSpot is a business, and does not sell Personal Information.",Categories of Personal Information Sold
55648,WS_152,The right of correction means that you have the right to request that we correct any inaccurate personal information that we maintain about you.,Description of Right to Correct Information
55660,WS_153,"contact information, such as name, email address, postal address and phone number;\naccount information such as username and password for your account;\ninformation posted in community discussions and other interactive online features;\ninformation you may decide to provide when you sign up, on your profile or through your account, such as date of birth, gender, nationality, photographs, friends, biographies, anime or manga related lists and favorites, comments, posts, reviews, ratings, recommendations and other information or content you may provide when you sign up, through your account or on your profile;\nsearch queries conducted on the Sites;\npayment-related information (if you make payments on the Sites), such as PayPal payer ID and Stripe customer ID; and\ncorrespondence you send to us.\n",Categories of Personal Information Shared / Disclosed
55680,WS_153,"We may disclose information about you in the event that the Sites are acquired by a third party or third parties, or as part of a sale, merger, bankruptcy or change in control, or in preparation for any of these events.",Categories of Personal Information Sold
55682,WS_153,We disclose your information to our affiliates that either are subject to this Privacy Policy or follow practices at least as protective as those described in this Privacy Policy.,Categories of Personal Information Shared / Disclosed
55725,WS_153,"contact information, such as name, email address, postal address and phone number;",Categories of Personal Information Sold
55733,WS_153,"Once we receive and confirm your verifiable consumer request (see below â€œExercising Your CCPA Access, Data Portability, Correction and Deletion Rightsâ€), we will correct or delete (and direct our service providers to correct or delete) your personal information from our records, unless an exception applies",Description of Right to Correct Information
55739,WS_153,"Unless permitted by the CCPA, we will not do any of the following:\n\nDeny you goods or services.\nCharge you different prices or rates for goods or services, including through granting discounts or other benefits, or imposing penalties.\nProvide you a different level or quality of goods or services.\nSuggest that you may receive a different price or rate for goods or services or a different level or quality of goods or services.",Description of Right to Non-discrimination on exercising rights
55740,WS_153,Changes to this Privacy Policy\nThis Privacy Policy may be amended by us from time to time and we reserve the right to do so at any time.,Updated Privacy Policy
55742,WS_153,"If we make any material changes in the way we collect, use, and/or disclose personal information that may impact you, we will notify you by sending an email to the email address associated with your user account (if you have chosen to provide an email address) or by otherwise providing notice through the Sites.",Updated Privacy Policy
55802,WS_154,"We share User Information, including Personal Data, as otherwise described in this Privacy Policy, and under the following circumstances.\n\nService Providers\n\nFrom time to time, we enter into relationships with third parties who provide services to us (for example, analytics and research companies, advertisers and ad agencies, data management and storage services, credit card processing services, merchandise sales facilitators, sweepstakes or contest prize fulfillment).",Categories of Personal Information Shared / Disclosed
55804,WS_154,"We share aggregate information about our visitors with our advertisers, sponsors, and promotional partners, such as how many persons visited a particular page or activity, the average age of our visitors on the Service(s) or page(s), or the likes and dislikes of our visitors, but this information is not specific to any individual visitor.",Categories of Personal Information Shared / Disclosed
55860,WS_154,“Shared or “Sold” (as defined by CCPA) by Company in the Preceding Twelve (12) Months: YES,Categories of Personal Information Sold
55865,WS_154,"Right to Know About Personal Information Collected, Disclosed or Sold \n\n- As a California consumer, you have the right to request that we disclose certain information to you about our collection, use, disclosure or sale of your Personal Information over the past 12 months.",Description of Right to Know PI Collected
55908,WS_155,"Third Parties in Business Transfers.We may disclose information in connection with a proposed or completed corporate transaction, including for example a merger, investment, acquisition, reorganization, consolidation, bankruptcy, liquidation, or sale of some or all of our assets.",Categories of Personal Information Sold
55927,WS_155,The right to deletion.,Description of Right to Delete
55931,WS_155,Certain data may be exempt from such requests under applicable law.,Description of Right to Delete
55943,WS_155,"o Not Sell or Share My Personal Information only for NYP Print Subscribers\nIf you are a CA, CT or VA resident and currently subscribe for (or are a former subscriber of) home delivery of the print edition of the New York Post, you may opt out of offline third party sales by using the “Submit an Opt Out Request” link below",Description of Right to Opt-out of sale of PI
55949,WS_155,"NYP - Analytics Cookies and Similar Technologies\nWe and our service providers, such as Google Analytics, use analytics cookies to collect information about your use of the website to help create reports and statistics on the performance of the website, which enable us to improve the way the site works.",Categories of Personal Information Shared / Disclosed
55984,WS_156,"Professional advisers including lawyers, bankers, auditors and insurers who provide consultancy, banking, legal, insurance and accounting services.\nRegulators and other public authorities including law enforcement agencies where required by law.\nOur affiliates and Hopin group companies.\nIn connection with, or during negotiations of, any merger, sale or transfer of company assets, financing or acquisition of all or a portion of our business.",Categories of Personal Information Shared / Disclosed
55989,WS_156,Request correction of the personal data that we hold about you.,Description of Right to Correct Information
55996,WS_156,"The CCPA prohibits discrimination against California residents for exercising their rights under the CCPA, such as by denying or providing a different level or quality of goods or services, or charging different prices or imposing penalties on residents who exercise their CCPA rights, unless doing so is reasonably related to the value provided to the business by the residents’ data.",Description of Right to Non-discrimination on exercising rights
56028,WS_158,"Such as crash logs, launch time, hang rate, energy use, and other information collected for measuring technical diagnostics.\nDevice information.",Categories of Personal Information Collected
56040,WS_158,"Persons to whom we are required by law to provide information, such as pursuant to a subpoena or a court order.\nProfessional Service Providers.",Categories of Personal Information Shared / Disclosed
56050,WS_158,Types of Third Parties with Whom this Category of Personal Information Is Shared/Sold:\n\nUnique Identifiers Not Sold,Categories of Personal Information Sold
56079,WS_158,"You may request that we correct inaccurate information we maintain about you, subject to some exceptions and, if necessary, independent verification.",Description of Right to Correct Information
56081,WS_158,"If we have sold or shared personal information about you, you have the right to opt out of the sale or sharing of that personal information.",Description of Right to Opt-out of sale of PI
56087,WS_158,"Opting Out of the Sale/Share of Your Personal Information\nAs described in our privacy policy, we do not sell personal information to third parties or other business partners.\n\nHowever, as described in our privacy policy, we may share personal information with business partners, service providers, contractors, or third parties as described elsewhere in this policy.",Categories of Personal Information Sold
56088,WS_158,"Limiting the Use of Your Sensitive Personal Information\nTo limit the use and disclosure of your Sensitive Personal Information, please click privacy.oreillyauto.com",Methods to exercise rights
56089,WS_158,"Changes to Our California Privacy Policy\nO’Reilly Automotive Stores, Inc. and its affiliates and related entities (collectively referred to as O’Reilly) reserves the right to amend this California Privacy Policy at our discretion and at any time.",Updated Privacy Policy
56095,WS_159,"Social Media: We may also collect information about you from social media platforms, which may depend on your privacy settings within those social media platforms.",Categories of Personal Information Collected
56126,WS_159,"Our disclosure to those third parties may qualify as a “sale” of personal information under CCPA.\n\nIn the 12 months prior to the effective date of this Privacy Notice, we shared, and will continue to share, the following categories of Personal Information with third parties:\n\nCommercial Information: such as products purchased or considered for purchase, and purchase histories or tendencies; and loyalty program participation information;\nPersonal Identifiers: such as IP address and other online identifiers;\nSite or App Usage Information: such as internet connection information, pages visited, advertising data, and site logging information;\nGeolocation Information: including precise location data and physical location information when you visit our site or use our apps on your mobile device; and\nInferences Drawn From Above Categories: such as your preferences, characteristics, and purchasing behaviors.\nWe may share Personal Information as described above with the following categories of third parties:\n\nMarketing agencies\nAdvertising networks\nSocial Media companies\nPromotional partners",Categories of Personal Information Sold
56129,WS_159,"Right to Know\nCalifornia residents have the right to request certain types of information regarding the Personal Information we have collected about you in the 12 months prior to your request (subject to exceptions):\n\nSpecific pieces of Personal Information;\nCategories of Personal Information;\nCategories of sources from which we collected your Personal Information;\nCategories of your Personal Information that we sold to or shared with third parties, or disclosed to service providers for a business purpose; and\nThe business purposes for collecting or selling your Personal Information.",Description of Right to Know PI Collected
56145,WS_160,"Updates\nJust like your local community, Patch and the Service are growing and changing every day, and thus this Privacy Policy is subject to change by Patch at any time.",Updated Privacy Policy
56151,WS_160,"In order to register or in connection with other uses of the Service, such as participation in contests, sweepstakes or promotions, subscribing to a Patch email newsletter, placing a classified or promoting an event, or to contact us with an inquiry or to report a problem, you may be asked to provide, or voluntarily provide, certain personally identifiable information such as your name, email address, street address, telephone number or credit card number or preferences (“Personal Information”).",Categories of Personal Information Collected
56203,WS_160,Patch will not discriminate against any consumer for exercising his or her rights under the CCPA,Description of Right to Non-discrimination on exercising rights
56251,WS_161,"Opt-out of Targeted Advertising, “Sales” and “Sharing.”.",Description of Right to Opt-out of sale of PI
56257,WS_161,We may share personal information with service providers that assist us with recruitment and technical data processing operations as well as with Match Group companies (for instance if you have a business relationship with employees of an affiliate).,Categories of Personal Information Shared / Disclosed
56282,WS_162,You may have the right to request information about your personal data stored by us at any time.,Description of Right to Know PI Collected
56283,WS_162,"In the event that your personal data is inaccurate or incomplete, you may request that it be corrected.",Description of Right to Correct Information
56302,WS_162,"""SUBMIT REQUESTS\nTo exercise your rights under the CCPA, click this the """"Do not sell my Personal Information"""" link in the footer) or email datadeletions@redbubble.com.""",Methods to exercise rights
56304,WS_162,"Redbubble may offer certain financial incentives to the extent permitted by the CCPA that result in different prices, rates, or quality levels.",Description of Right to Non-discrimination on exercising rights
56309,WS_163,We encourage you to review this Notice regularly to stay informed about our information practices and the choices available to you.,Updated Privacy Policy
56318,WS_163,Geolocation Data (such as city of residence),Categories of Personal Information Collected
56332,WS_163,"Category of Personal Information “Shared,” “Sold,” or used for “Targeted Advertising” Categories of Recipients\nIdentifiers Advertising and marketing networks, data analytics providers, and social networks\nCommercial information Advertising and marketing networks, data analytics providers, and social networks\nInternet or other electronic network activity information Advertising and marketing networks, data analytics providers, and social networks\nInferences Advertising and marketing networks, data analytics providers, and social networks",Categories of Personal Information Shared / Disclosed
56337,WS_163,"Opting Out of Sales, Sharing, and Targeted Advertising.",Description of Right to Opt-out of sale of PI
56345,WS_163,Nondiscrimination\n\nWe will not discriminate against you for exercising your privacy rights.,Description of Right to Non-discrimination on exercising rights
56380,WS_164,We would do this by segmenting our audiences into groups based on what they seem to like and similar behaviours.,Categories of Personal Information Shared / Disclosed
56469,WS_164,Our data practices may differ between updates.,Updated Privacy Policy
56471,WS_164,"Otherwise, this Notice serves as our notice at collection.",Updated Privacy Policy
56481,WS_164,Right to Limit Sensitive PI Processing (California Consumers)\n\nWe only Process Sensitive PI for purposes that are exempt from Consumer choice under U.S.,Description of Right to Limit use of PI
56484,WS_164,"The categories of Third Parties to whom we have disclosed your PI.\nA list of the categories of PI disclosed for a Business Purpose and, for each, the categories of recipients, or that no disclosure occurred.\nA list of the categories of PI Sold or Share about you and, for each, the categories of recipients, or that no Sale or Share occurred.",Description of Right to Know PI sold / shared
56490,WS_164,You may contact us here to be verified and learn more about your opt-out rights under that law.,Methods to exercise rights
56495,WS_164,"Except to the extent we have a basis for retention under applicable law, you may request that we delete your PI.",Description of Right to Delete
56497,WS_164,"Correct Your PI (California and Colorado)\n\nConsumers may bring inaccuracies they find in their PI that we maintain to our attention, and we will act upon such a complaint as required by applicable law.",Description of Right to Correct Information
56498,WS_164,You can also make changes to your online account in the account settings section of the account.,Description of Right to Correct Information
56501,WS_164,Non-Discrimination/non-retaliation \n\nWe will not discriminate or retaliate against you in a manner prohibited by applicable U.S.,Description of Right to Non-discrimination on exercising rights
56502,WS_164,Privacy Laws for your exercise of your Consumer privacy rights.,Description of Right to Non-discrimination on exercising rights
56504,WS_164,"We may charge a different price or rate, or offer a different level or quality of good or service, to the extent that doing so is reasonably related to the value of the applicable PI.",Description of Right to Non-discrimination on exercising rights
56534,WS_165,"Information you provide to us directly, including when you register and communicate with us directly through our Digital Properties, visit our offices, or participate in our events, marketing, and outreach activities.",Categories of Personal Information Collected
56561,WS_165,Right to Opt Out of Sale or Sharing.,Description of Right to Opt-out of sale of PI
56567,WS_165,"How to Fully Exercise the Right to Opt Out of Sale or Sharing: In order to fully exercise the Right to Opt Out of Sale or Sharing with respect to any “sale” or “sharing” of information, you must undertake both of the following steps:\n\nSubmit a Right to Opt Out of Sale or Sharing request using our webform; and\n\nDisable the use of advertising cookies and other tracking technologies by clicking the “Do Not Sell or Share My Personal Information” link in our website footer.",Methods to exercise rights
56599,WS_166,"Like other commercial websites, Britannica and our authorized, third-party service providers use cookies (small files transferred from a website to its visitors’ hard drives or browsers for record-keeping purposes), including Strictly Necessary, Performance, Functional and Personalization cookies, and other similar information-gathering technologies throughout our Services to collect certain information automatically and store it in log files for a variety of legitimate business interests and purposes.",Categories of Personal Information Collected
56646,WS_166,"Once we receive and confirm your verifiable consumer request, we will delete (and direct our service providers to delete) your personal information from our records, unless an exception applies.",Description of Right to Delete
56654,WS_167,We do not and will not sell your personal information.,Categories of Personal Information Sold
56739,WS_168,"Event Partners are the entities we work with to put on the event, such as the promoter, the venue or the artist.",Categories of Personal Information Shared / Disclosed
56757,WS_168,"The right to request that your information be deleted, otherwise known as erasure or restricted from further use.",Description of Right to Delete
56820,WS_169,"""The list also details the categories of Personal Information that we """"sell"""" or """"share"""" for purposes of cross-context behavioral or targeted advertising, including within the preceding 12 months.\n\nIdentifiers, such as name, contact information, online identifiers and other government-issued ID numbers (e.g., Social Security number).""",Categories of Personal Information Collected
56832,WS_169,Sold to which third parties: ad networks,Categories of Personal Information Sold
56846,WS_169,"The categories of Personal Information about you that we otherwise shared or disclosed, and the categories of third parties with whom we shared or to whom we disclosed such Personal Information (if applicable).",Description of Right to Know PI sold / shared
56847,WS_169,You may request to correct inaccuracies in your Personal Information.,Description of Right to Correct Information
56849,WS_169,"""You may request to opt out of the """"sale"""" of your Personal Information.""",Description of Right to Opt-out of sale of PI
56851,WS_169,We will not unlawfully discriminate against you for exercising your rights under applicable privacy law.,Description of Right to Non-discrimination on exercising rights
56876,WS_170,We may combine information from the Services together and with other information we obtain from our business records.,Categories of Personal Information Shared / Disclosed
56880,WS_170,Third Parties: We may disclose personal information to third parties.,Categories of Personal Information Shared / Disclosed
56889,WS_170,"Please note that we may have a reason to deny your deletion request or delete data in a more limited way than you anticipated, e.g., because of a legal obligation to retain it or to provide a good or service that you request.",Description of Right to Delete
56893,WS_170,"To opt-out, please go to our California Do Not Sell Page.",Methods to exercise rights
56906,WS_170,"Audio, electronic, visual, thermal, olfactory, or similar information: If you contact us via phone, we may record the call.",Categories of Personal Information Shared / Disclosed
56912,WS_170,"The revised Privacy Policy will be posted on this website with the date of the last modification, and we will notify of the changes if required by the applicable law.",Updated Privacy Policy
