sentence_id,idea_id,central,size
10009,778,A sentence that describes the function of a cookie in terms of measuring page popularity and visitor movement is categorized under the collection of personal information because such analytics data is treated as personal data under the privacy policy.,2
10092,1023,"A sentence that ties a non-discrimination guarantee to the exercise of rights under a specific law (e.g., CCPA) is a description of that right.",2
10092,1811,A sentence that explicitly states a prohibition against discrimination for exercising legal rights directly describes the right to non-discrimination.,23
10092,6280,The presence of a heading such as 'Non-Discrimination' preceding a statement signals that the text describes that specific right.,3
10096,1436,A sentence that explicitly affirms the user's ability to make a choice regarding the sale of their personal information is a description of the right to opt out.,24
1015,551,A sentence that explicitly states that an individual may request correction of inaccurate data directly describes the right to correct information.,27
1015,5895,Statements that outline a procedure for users to request amendments to their stored information are classified as descriptions of the correction right.,2
1016,1326,"A sentence that enumerates specific user-initiated actions for accessing, correcting, or deleting personal data is categorized as describing methods to exercise rights.",4
1016,992,"A sentence offering a direct, actionable way to address issues or requests falls under the label for methods to exercise rights.",4
10179,261,"A description of the right to delete typically includes reference to personal information previously gathered and frames the individual's ability to compel its removal, as opposed to merely acknowledging a process.",4
10192,648,"When a privacy policy states that personal information may be transferred to an acquiror or merger entity, that statement falls under the category of personal information sold, as it indicates a commercial transfer of data to another party.",4
10192,821,"A sentence describing the transfer of personal information to a successor entity during a merger, acquisition, or sale of assets is classified under categories of personal information sold because such corporate transactions are treated as a commercial transfer or disclosure of personal data.",11
10222,3806,Disclosures about sharing data with prospective purchasers or new owners in a bankruptcy or consolidation context are classified as categories of personal information sold when the described recipients are outside the original controller and the transfer is not solely for the controller's operational purposes.,2
10222,821,"A sentence describing the transfer of personal information to a successor entity during a merger, acquisition, or sale of assets is classified under categories of personal information sold because such corporate transactions are treated as a commercial transfer or disclosure of personal data.",11
10224,1436,A sentence that explicitly affirms the user's ability to make a choice regarding the sale of their personal information is a description of the right to opt out.,24
10224,5345,Reference to a specific jurisdiction's privacy law (such as California) signals that the stated 'opt out' right concerns the sale of personal information under that regulatory framework.,2
10224,902,"A sentence framed as an instruction for exercising a privacy right over personal data is categorized by the specific right it names, so an explicit 'opt out' instruction maps to the opt-out-of-sale descriptor.",2
10224,937,"When a sentence contains the phrase 'opt out' in connection with ceasing the 'sale' of personal information and explains the consequence (no longer selling and instead suppressing data), it directly characterizes the right to opt out of a sale.",14
10310,2027,A sentence that names a specific privacy regulation and describes a consumer's entitlement to request access to their personal information falls under the category of a right-to-know description.,2
10327,3198,"A statement that explicitly draws a boundary around which data counts as personal information, using phrases like 'may constitute Personal Information,' is a direct categorization of the data types under discussion.",3
10327,555,Any sentence that links a specific source of collected data to its potential classification as personal information—even with geographic or jurisdictional qualifiers—fits a label devoted to describing the types of personal information gathered.,2
10327,7699,"When a sentence explicitly enumerates the different channels through which a data collector obtains personal information, it functions as a statement of the types of personal information that fall within its collection scope.",2
1033,290,"A disclosure addressing the authority or business arrangement behind processing personal information helps users understand the purposes and legal foundations of collection, which is integral to describing a right to know collected personal information.",5
10355,271,A sentence that explicitly names a consumer right using the phrase 'right to know' and ties it to personal information being sold or shared is typically labeled as a description of that specific right.,3
10355,7854,"When a sentence enumerates the details of a disclosure right, such as the type of data involved and the recipients, it functions as a descriptive statement of the right rather than a procedural or enforcement rule.",2
10357,118,"When a sentence begins with a heading that names a right and then continues with a declarative statement beginning with 'You have a right...', it is functioning as a direct description of that right.",2
10357,2587,"A sentence that outlines the existence and scope of a right, rather than providing procedural details, is categorized under the description of that right.",2
10357,426,A sentence that explicitly states a user can request to limit or restrict the use or disclosure of their personal information is classified as a description of a right to limit use.,9
10357,956,A sentence is labeled as describing a 'Right to Limit' when it explicitly names a legal right and states that the user can restrict how their information is used or disclosed.,4
10474,1318,A sentence that describes a concrete action or tool a user can employ to control or limit data collection is classified as a method for exercising rights.,5
10474,5570,Sentences that reference where to change device settings for privacy controls are considered instructions for exercising data protection rights.,2
10519,1868,A sentence that explicitly states that certain categories of personal information have been disclosed for business purposes directly matches a label denoting categories of personal information shared or disclosed.,5
1052,1165,A sentence that explains the specific business purposes for which personal information is gathered falls under the scope of informing consumers about their right to know what data is collected.,2
1052,6317,"The inclusion of both collection categories and business purposes indicates the text details the scope and rationale of data processing, which is a hallmark of a 'Right to Know' disclosure.",2
10522,1429,"A sentence that directly addresses whether the company sells personal data—and clarifies the meaning of 'sell' under different definitions—belongs under a heading about the categories of personal information sold, because that heading records the company's sale-related practices.",2
10522,1606,"A sentence that explicitly enumerates the types of personal data gathered in an open-ended list is classified under the category of personal information collected, as it directly names the data types involved.",3
10621,959,"A sentence that explicitly denies selling or sharing personal data for monetary or other valuable consideration directly addresses the question of which categories of personal information are sold, so it is labeled as information about categories sold even when the denial presents an absence for a specific context.",4
10624,695,"A sentence that frames a consumer's entitlement to request disclosure of enumerated data-handling practices, such as categories collected, sources, purposes, and sharing, constitutes a description of a right-to-know provision.",6
10627,260,"Text that lists lawful justifications for retaining personal data—such as legal obligations, research, or compatible internal uses—functions to define when the right to delete does not apply, thereby describing that right.",3
10627,580,"Sentences that provide reasons for refusing a deletion request are part of the description of the right to delete, as they outline the limitations on that right.",10
10627,848,A sentence that enumerates specific statutory exceptions or conditions under which a deletion request may be refused is describing the scope and limitations of the right to delete.,17
10631,1256,A sentence that explicitly promises not to discriminate against consumers for exercising their privacy rights directly states and thereby describes the right to non-discrimination.,21
10631,6280,The presence of a heading such as 'Non-Discrimination' preceding a statement signals that the text describes that specific right.,3
10705,1549,"A sentence that enumerates specific prohibited acts of differential treatment (denying services, varying prices, or altering quality) characteristically serves as a description of a non-discrimination right.",11
10762,1200,A sentence that introduces conditions or exceptions to a stated consumer right serves as a description of that right because it delineates the boundaries of when the right applies.,2
10762,734,"Wording that references the possibility of denying a request (e.g., 'may deny if necessary') directly explains the scope of the underlying right, thereby describing it in terms of its limitations.",2
10763,197,A disclosure of a consumer privacy right typically includes both the affirmative right and any legal exceptions or conditions that narrow its application.,3
10763,848,A sentence that enumerates specific statutory exceptions or conditions under which a deletion request may be refused is describing the scope and limitations of the right to delete.,17
10768,1024,A sentence referencing a specific statute governing data privacy contributes to describing a deletion right by indicating the legal constraints under which that right is exercised and may be refused.,3
1078,3119,"A statement that either identifies categories that are sold or affirmatively denies selling identifiable information still constitutes a declaration about the sale of personal information, thereby matching a label about sold categories.",2
10780,1593,"A sentence that enumerates specific prohibited actions (such as denying goods, charging different prices, or offering different quality) serves to concretely define the scope of a non-discrimination right.",12
10780,1820,"A sentence that explicitly declares a policy of not discriminating against consumers for exercising their legally granted rights serves to describe the right to non-discrimination, as it directly states the protective guarantee.",3
10780,4963,"Mentioning specific legal statutes (e.g., CCPA/CPRA) alongside the non-discrimination guarantee confirms the sentence addresses a legally defined consumer protection right.",2
10785,2290,A sentence that identifies exceptions to a general prohibition is part of describing the underlying right because it defines the right's boundaries.,2
10785,5755,Statements that note permissible differential treatment under a specified legal framework clarify the scope of a non-discrimination guarantee.,2
10827,652,"In privacy policy contexts, a statement that announces the categories of personal information gathered serves as an organizing header for a disclosure of collected data, warranting the label of the information's categories.",2
10827,6700,"When a sentence enumerates specific data types about user actions (e.g., page views or search queries), it is identifying categories of information that are collected, regardless of whether the text labels them as personal or non-personal.",2
10850,5743,"When a document enumerates categories of personal information in a structured list, each entry that defines a category with examples belongs to the corresponding category label.",3
10850,794,"A sentence describing a type of personal data with specific instances is labeled as a category of personal information, independent of whether that data is actually collected.",2
10875,263,"A description of the right to know typically frames the entitlement from the consumer's perspective using phrases like 'right to know about', indicating the user can request such information.",2
10877,2112,"A sentence that states the eventual deletion of personal information from records, subject to exceptions, directly outlines the scope and conditions of the deletion right, making it a description of that right.",7
10877,945,A sentence that outlines the procedural steps taken to fulfill a consumer's request is a description of the corresponding right.,2
10878,848,A sentence that enumerates specific statutory exceptions or conditions under which a deletion request may be refused is describing the scope and limitations of the right to delete.,17
10881,2388,"A sentence that outlines the procedural steps a consumer must follow to invoke a privacy right, such as verifying their request and awaiting disclosure of categories of data, is describing a method to exercise that right.",3
10892,1243,"A sentence that conditions prohibitions on legal permissibility (e.g., 'unless permitted by X') clarifies that the described right operates within a broader statutory frame, which is characteristic of right-description language.",2
10892,1853,"Enumerating the concrete forms of adverse treatment prohibited—such as denial of goods or services, price differences, or reduced quality—indicates a substantive description of the non-discrimination protection.",5
10898,5214,"Privacy policies commonly describe cookie usage because cookies are a technical mechanism for collecting personal information, so such statements pertain to the categories of personal information collected.",3
1091,1636,A sentence that instructs consumers on specific procedures or channels for submitting privacy requests directly explains how to exercise their rights.,4
1091,541,"Any instruction that enables a user to take a concrete step toward accessing, correcting, or opting out of data use is classified as a method to exercise rights.",2
10963,2856,"References to a defined time period (e.g., the last twelve months) alongside enumerated categories and recipients indicate a formal disclosure of sold information categories.",2
10963,324,"A disclosure that lists specific categories of personal information alongside categories of recipients, within a stated lookback period (e.g., the preceding 12 months), signals the document is declaring the actual categories of data sold.",2
10967,638,A privacy notice section that lists data categories paired with their sale or disclosure status constitutes an explicit accounting of personal information sold.,2
10980,1462,A sentence that directs users to existing deletion procedures for additional data types describes the scope and mechanism of the data deletion right.,2
10980,1750,"When a statement outlines the steps following confirmation of a request, including directing service providers to act, it explains the operational implementation of the right to delete.",2
10980,3158,Language describing the obligation to remove personal information upon request serves to characterize the deletion right's implementation.,2
10980,4697,"Language specifying that deletion occurs upon receipt and confirmation of a valid request, while acknowledging potential exceptions, delineates the scope and mechanics of the right to delete.",2
10987,6065,Statutory citations within a rights description are used to delineate the precise scope of the right by referencing the governing law.,2
10991,198,"A statement that clarifies the scope or limitations of a consumer right is part of describing that right, because it helps define what the right actually covers.",3
10991,2410,"A sentence that justifies retaining information for lawful purposes compatible with the original context reflects a standard statutory carve-out to deletion requirements, thereby contributing to the explanation of the deletion right.",2
10991,3302,"The right to delete is typically framed by exceptions that allow retention for protective or legal activities, so sentences stating such exceptions belong to the right's description.",5
10991,7691,"When a sentence appears within an enumerated list of reasons for denying a deletion request, it functions to delineate the conditions under which the right to delete is not absolute.",2
11005,1549,"A sentence that enumerates specific prohibited acts of differential treatment (denying services, varying prices, or altering quality) characteristically serves as a description of a non-discrimination right.",11
11042,1810,A sentence that explicitly grants a consumer the entitlement to request deletion of their personal data collected by a business is a direct articulation of that right.,2
11042,259,A sentence that explicitly states a user may request deletion of their personal data is classified as a description of the right to delete.,31
11046,1283,A sentence that declares a consumer's entitlement to be free from retaliatory treatment when invoking their statutory privacy rights is properly categorized as a description of the right to non-discrimination.,3
11046,1961,A sentence that explicitly names a consumer entitlement ('the right not to be discriminated against') and frames it as something the consumer possesses is classified as a description of that specific right.,2
11078,6401,"The label 'Categories of Personal Information Shared / Disclosed' applies whenever the text describes any context—including legal or regulatory—under which personal information is handed over to third parties, as that constitutes a disclosure action.",3
11201,1395,A sentence that describes the specific data practices involving third-party advertising services is often included to provide context for a consumer's right to opt out of the sale or sharing of personal information.,4
11210,1381,Sentences that announce how future modifications to a policy will be communicated signal that the text belongs to an update or change-notification section.,4
11210,4725,The presence of terms like 'updated policy' alongside a change and notification mechanism signals that the sentence's purpose is to inform users of a policy revision.,3
11249,3263,"When a privacy notice pairs each category of collected data with a list of external recipients (e.g., customers and infrastructure vendors) who receive it for business purposes, the text serves to inform consumers about potential transfers that constitute a sale under applicable privacy laws.",3
11249,4156,"When a privacy disclosure introduces a roster of entities or activities immediately following a declaration about selling personal data, the categories appearing in that roster are read as the categories of information involved in that sale.",3
11249,812,"A sentence that explicitly enumerates distinct categories of personal data—such as commercial information, identifiers, usage data, geolocation, and inferences—and states they are shared with third parties signals disclosure of the specific types of information encompassed by a sale/disclosure label.",3
11253,1537,"A sentence that enumerates distinct recipient types or transaction scenarios (e.g., legal authorities, corporate transfers, affiliates) for which data may be revealed is classified under categories of sharing or disclosure because it specifies the situations and parties to whom information is released.",2
11255,1116,"A sentence that articulates a specific data subject right using a noun phrase beginning with 'The right to' and that is listed among other data privacy rights is typically categorized as a description of a consumer right related to personal information, especially when the right concerns a processing activity that relies on collected data.",2
11255,3212,A statement that frames a right in terms of the data the organization possesses about the person and the individual's ability to receive that data constitutes a description of the right to know collected personal information.,4
11255,8588,"When a text segment pairs a heading naming a specific right with a clarifying phrase that restates its meaning, the segment is describing the scope and nature of that right.",2
11257,1124,A sentence that enumerates the specific details or items a data subject may request under a legal right to access or know about their personal information is a description of that right.,3
11257,2612,A sentence that pairs a plain-language summary of a privacy right with its formally recognized legal term is functioning as a definitional description of that right.,2
11264,219,A description of a right typically includes the scope (personal data collected or maintained) and any limiting conditions (exceptions permitted by law) to qualify the entitlement.,5
11264,423,A label of 'Description of Right to Delete' applies when the text explains both that the right exists and the circumstances that qualify or restrict it.,6
11266,1109,A sentence that states a right has limitations or exceptions is still a description of that right because it qualifies the scope of the right.,11
11268,426,A sentence that explicitly states a user can request to limit or restrict the use or disclosure of their personal information is classified as a description of a right to limit use.,9
11270,7919,"When a sentence explains the scope of a right by adding qualifiers such as 'restricted from further use,' it serves a purely descriptive function of outlining what the right entails.",2
11271,2269,"A sentence that identifies a legal mechanism by which consumers may decline a specific data-processing activity constitutes a description of that opt-out right, regardless of the varying statutory terminology used.",3
11273,429,"The label 'Description of Right to Opt-out of sale of PI' applies to sentences that either state the right directly or plainly identify the subject matter of the opt-out, since such references form part of the disclosure required to make the statutory right effectively exercisable.",4
11274,1898,A sentence that explicitly grants a user a right to halt data processing and specifies the conditions under which processing will cease is categorized under a description of an opt-out right.,2
11307,6544,"The presence of a detailed, itemized list of data elements to be shared with the requester indicates the sentence's function is to describe the right to know specific collected personal information.",2
11307,854,"A sentence that enumerates the specific categories of personal information a company must disclose upon request, including sources, purposes, third parties, and business-purpose disclosures, is describing the consumer's statutory right to know about the collection, sale, and sharing of personal information.",8
11308,1164,"When a sentence explicitly states what information will be provided to the consumer upon request, it constitutes a description of the right to know personally identifiable information collected.",2
11308,2222,"A sentence that frames the right as one to request disclosure from a business/controller, followed by a list of items that must be disclosed, is a description of the right to know/access.",2
11309,1520,"A sentence that enumerates discrete categories of personal data and pairs them with a statement that such data may be disclosed to named third parties for identified purposes signals a disclosure of which categories are transferred, because specifying recipient types and purposes establishes that the data leaves the controller.",2
11311,4846,"The reference to identifying categories of personal data and categories of recipients specifies the substantive content that must be disclosed, which is characteristic of a right-to-know provision.",2
11311,825,A statement that explicitly grants a data subject the right to receive information about any sharing or selling of their personal information to third parties constitutes a description of the right to know about such transfers.,8
11313,116,A statement that explicitly names a data protection right and explains what it permits the individual to do constitutes a description of that right.,5
11338,5549,Sentences that describe notification duties following a policy revision are representative of updated privacy policy content.,4
11338,5868,"Statements describing a visible marker, such as a modification date, that reflects the current version of the policy are characteristic of update-related disclosures.",2
11366,4419,"Statements that detail the specific categories and pieces of personal information to be provided are characteristic of privacy notices that explain a consumer's right to know about collected, shared, or sold data.",9
11378,3241,"A statement that identifies a technology as the mobile equivalent of a web-based tracker indicates that user data is being captured on devices, which falls under the classification of collected personal information.",2
11391,1398,A sentence that enumerates the types or specific pieces of personal information that will be disclosed to a consumer upon request directly serves to describe the scope of the consumer's right to know what data has been collected.,4
11391,1508,"When a sentence enumerates the scope of information available upon a verified consumer request, it functions as a description of the corresponding access right.",2
11391,3433,"In a disclosure concerning the right to know what personal information is collected, any statement clarifying the mechanisms or conditions that affect that collection is relevant to describing the right.",4
11391,413,"A label describing a consumer privacy right applies when the sentence directly identifies a discrete disclosure a data subject may demand, such as the exact personal information collected.",2
11391,940,A sentence is classified as a description of a right when it explicitly states the consumer's entitlement to perform an action regarding their data.,2
11473,148,"Action verbs like 'limit' indicate an opt-out or restriction mechanism, which is a core characteristic of how privacy rights are phrased in notices or policies.",2
11473,1894,A sentence that grants individuals the ability to restrict or object to how their personal information is processed articulates a data subject's right to limit use.,13
11473,5205,"Privacy notices commonly segment user rights into distinct categories, so a statement that names the 'Right to Know' and lists the data-use activities covered is a direct articulation of that specific right.",3
11474,2149,A sentence that explicitly uses verbs like 'seek correction' or 'amendment' to describe an action on personal data directly articulates the substance of the right to rectification.,2
11474,3247,Statements that frame an ability or obligation to amend data when it fails to reflect current truth are categorized as descriptions of the right to correction.,3
11506,1051,"When a privacy notice pairs a list of information categories with a statutory cross-reference to a disclosure paragraph, the sentence functions as an operational description of the right to know what personal information is held.",3
11534,310,"A disclosure that information may be shared with business partners for promotional purposes indicates that personal information is being transferred to third parties in exchange for commercial benefits, which is a hallmark of a sale under privacy regulations.",4
11534,314,"A disclosure that explains future or contingent sharing of personal information with outside parties for transaction completion falls under sold categories, as it reflects a potential commercial transfer of data.",3
11556,1328,Text stating that an individual may require an organization to fix incomplete or inaccurate personal data is a prototypical expression of the right to correct information.,3
11556,4530,"When a legal or policy text lists an entitlement in the form of an action the individual can initiate, it is appropriately labeled as a description of that specific right.",3
11559,1256,A sentence that explicitly promises not to discriminate against consumers for exercising their privacy rights directly states and thereby describes the right to non-discrimination.,21
11559,4141,"If the sentence explicitly names the specific statute (e.g., CCPA) and ties the action to rights granted under that statute, it serves to inform the consumer of a protected entitlement, matching the label for that entitlement's description.",2
11593,117,A sentence that names the 'right to opt out' and ties it to 'sale(s) of personal information' precisely matches the defining content of the label for such opt-out rights.,3
11593,869,A sentence that explicitly names a right to opt out of the sale of personal information is a direct description of that right.,16
1160,1713,A sentence that specifies legal exemptions or circumstances where a data deletion request may not be honored is an essential part of describing the scope and limitations of that right.,3
1160,7472,"When a policy explicitly mentions legal compliance as a reason for retaining data after deletion, that statement outlines conditions under which the right to erasure may not be fully honored.",2
11670,1506,A sentence that explains what information a business will disclose in response to a consumer rights request is typically categorized as a description of that right.,6
11670,237,"A description of a right to know typically specifies the scope of data that must be revealed, distinguishing it from a general statement of the right's existence.",3
11679,1789,A sentence that explicitly states a consumer's ability to prohibit the sale of their personal information directly expresses the right to opt out of such sale.,11
11679,56,"A clause that assigns a specific name to an entitlement (e.g., 'right to opt-out') and then states what action the entitled party may take is characteristically a description of that right.",2
11682,1023,"A sentence that ties a non-discrimination guarantee to the exercise of rights under a specific law (e.g., CCPA) is a description of that right.",2
11682,1256,A sentence that explicitly promises not to discriminate against consumers for exercising their privacy rights directly states and thereby describes the right to non-discrimination.,21
11682,2096,"A sentence that explicitly states a policy of not treating consumers adversely for exercising their legal rights directly describes the right to non-discrimination, as the core of that right is a guarantee of equal treatment.",2
11682,4694,"Language that prohibits discriminatory treatment — including denial of services, different pricing, or varying quality — directly indicates the 'Right to Non-discrimination on exercising rights'.",2
11682,6568,"The presence of a heading that names the right, such as 'Non-Discrimination', signals that the following sentence explains that particular right.",2
11683,1593,"A sentence that enumerates specific prohibited actions (such as denying goods, charging different prices, or offering different quality) serves to concretely define the scope of a non-discrimination right.",12
11683,736,"Such a sentence serves to operationalize an abstract anti-discrimination pledge by listing observable, actionable behaviors that would violate the protected right.",2
11729,6470,"Using the phrase 'categories of third parties' signals that the statement is disclosing the recipients of personal information, which is a core element of transparency obligations regarding data sharing and selling.",4
11791,661,"Privacy disclosures often define the scope of an opt-out right by stating that data is processed only for legally permitted purposes, thereby narrowing when the right can be exercised.",2
11792,1749,A sentence that explains the procedural steps a data controller will follow when an individual exercises a stated privacy right is a description of that right.,4
11793,1119,"When a sentence introduces or names a user entitlement to learn about collected personal information, it is appropriately labeled as a description of the right to know about collected personal data.",8
11793,6846,"The use of a direct possessive phrase like 'Your Personal Information' indicates that the text is centered on the data subject's own data, which is a core feature of notices that describe a 'right to know' under privacy frameworks.",3
11793,958,"When a sentence frames the disclosure as a consumer's entitlement to request information about collected personal data, it directly corresponds to a 'right to know' privacy right.",10
11804,29,Provisions explaining how and when amended terms become binding on users are typical markers of policy-update content.,2
11804,4701,Language stating that changes take effect upon posting or publication is a hallmark of a policy-update notification section.,3
11804,5554,"When a sentence sets expectations that the policy will evolve and refers to the process or conditions for such changes, it belongs to the category of announcing a revised privacy policy.",2
11806,1150,A sentence that explicitly names a consumer privacy right in its heading and then elaborates on what that right allows the consumer to do is classified as a description of that right.,41
11806,408,A label denoting a description of the right to know about personal information sold or shared applies to any statement that directly expresses a consumer's entitlement to be informed about how their data is transferred to third parties.,2
11806,4222,"In privacy notices, a sentence that combines a consumer right phrase with language about data sharing for marketing purposes is typically categorized as a description of that right to know about information disclosure.",2
11806,947,A sentence is labeled as a description of a right to know about sale or sharing when it appears in a document that explicitly discusses how that right is exercised under a specific law or provision.,2
11809,183,A sentence that enumerates a specific category or piece of data within a list of disclosures tied to a defined privacy right serves to describe the scope of that right.,3
11809,7422,"When a passage begins with a heading that names a right and then proceeds to explain the conditions under which that right can be invoked, the subordinate sentence functions as a description of the right's availability and application.",2
11811,405,"A label concerning non-discrimination applies to any sentence that identifies the context in which consumers are safeguarded from adverse consequences, regardless of whether that sentence itself specifies the particular prohibited actions.",2
11811,932,A sentence that functions as a section heading introducing a list of prohibited retaliatory or differential treatments of consumers who exercise their privacy rights is appropriately labeled as a description of the right to non-discrimination.,2
11814,4267,"In a privacy policy structured as a list of rights, each heading that names a right corresponds to the description of that right, so the heading itself carries the related label.",2
11817,1150,A sentence that explicitly names a consumer privacy right in its heading and then elaborates on what that right allows the consumer to do is classified as a description of that right.,41
11817,4067,"If a sentence frames an obligation for an organization to notify individuals about what personal data is being collected and how it will be used, it expresses the consumer's right to know PI collected.",2
11907,198,"A statement that clarifies the scope or limitations of a consumer right is part of describing that right, because it helps define what the right actually covers.",3
11909,200,"A description of a consumer's right to opt out of the sale of personal information characteristically states that the consumer can direct the company to stop using or processing their data, since preventing the use of the data is the essential mechanism for preventing its sale.",3
11984,1381,Sentences that announce how future modifications to a policy will be communicated signal that the text belongs to an update or change-notification section.,4
11984,3497,"Statements informing users about how and when a privacy policy will be amended are classified as 'Updated Privacy Policy' content, as they provide notice of the policy's lifecycle.",4
11984,7671,"When a sentence appears directly after a declaration that a policy has been updated, it typically serves to direct users to the specifics of the change.",2
11999,1558,A sentence that enumerates specific categories of personal information subject to prior disclosure for a business purpose typically falls under the right to know about data sharing or selling.,2
11999,3077,"A statement focusing on who receives the personal information, rather than on what data is collected or why, falls under the category of describing the right to know about personal information sold or shared.",2
11999,5209,"The presence of the phrase 'categories of third parties' signals that the text is specifying recipients of shared or sold data, which is a core element of right-to-know privacy notices.",2
12010,2028,A sentence that explicitly names the consumer's entitlement to be informed about the transfer of their personal information to outside parties is a direct expression of that disclosure right.,2
12010,236,A sentence that articulates a statutory or regulatory right for individuals to obtain details about the disclosure of their personal information to third parties constitutes a description of a right to know about such sharing or selling.,21
12010,4457,"In privacy policy documents, a sentence that serves as an introductory clause to a set of data-related requests is categorized under the right to know about personal information sold or shared.",2
12010,4585,The presence of the phrase 'you have the right to request' signals a declarative articulation of a statutory consumer privilege rather than a procedural or exceptional detail.,13
1203,1869,A sentence that explicitly grants a consumer the right to request information about disclosures of personal information to third parties for marketing purposes falls under the category of describing a right to know about the sale or sharing of personal information.,7
1205,869,A sentence that explicitly names a right to opt out of the sale of personal information is a direct description of that right.,16
1206,8392,"When a sentence uses the formula 'You have the right to [action]' for a specific data privacy right, it functions as a declarative description of that right.",2
1206,962,A sentence that explicitly states an individual's entitlement to have inaccurate personal data amended or rectified is categorized as a description of the right to correct information.,15
1211,4647,Language indicating that changes become effective upon posting or after subsequent user action signals the transition from an old policy to a newly revised version.,2
1211,991,A sentence that references a revised policy and specifies how its updated version will be made visible to users signals that the content is an update notice.,4
12252,1436,A sentence that explicitly affirms the user's ability to make a choice regarding the sale of their personal information is a description of the right to opt out.,24
12252,1504,"A sentence that reads as a declarative statement of a consumer entitlement, rather than a procedural detail or definition, is best categorized as a description of the corresponding privacy right.",2
12252,6363,"The presence of the phrase 'Do Not Sell' serves as a canonical marker of the opt-out right, irrespective of surrounding explanatory text, because it names the precise action the consumer can forbid.",3
12396,1507,"A sentence that enumerates lawful uses for retaining personal information explains an exception or limitation to a deletion request, thereby describing the boundaries of the right to delete.",3
12396,3302,"The right to delete is typically framed by exceptions that allow retention for protective or legal activities, so sentences stating such exceptions belong to the right's description.",5
12401,1510,"A sentence that enumerates a statutory or regulatory reason for which a data controller may lawfully retain personal data is classified as part of the description of a deletion right, since it defines when the right does not apply.",2
12401,4236,"In a privacy notice, any statement that specifies a condition under which a deletion request can be denied serves to clarify the boundaries of the offered deletion right, making it an inherent component of that right's description.",2
12421,432,A label specifying a 'Description of Right to Non-discrimination' is indicated by the presence of both a protected activity (exercising privacy rights) and a prohibition on retaliation or unequal treatment.,3
12422,1593,"A sentence that enumerates specific prohibited actions (such as denying goods, charging different prices, or offering different quality) serves to concretely define the scope of a non-discrimination right.",12
12428,1798,A sentence that explicitly announces modifications or alterations to a policy's provisions serves as a direct cue that the policy has been revised and reissued.,2
12428,368,A heading or section title containing the phrase 'Changes to' signals that the document is presenting an updated version of the policy rather than the original.,2
12428,732,"A sentence announcing an update date functions as a notice of policy modification, aligning with document sections that describe how and when the policy is revised.",3
12429,1296,A sentence that names a specific type of information a consumer can request under a data privacy right is a description of the scope of that right.,8
12429,4842,Listing specific disclosure targets (like third parties) in the context of a 'Right to Know' provision signals that the statement is describing the scope of information about data sharing that the consumer can request.,2
12454,2098,A sentence that explicitly states a specific effective date signals that the policy has been recently revised and put into force.,2
12481,1105,A sentence that appears within a privacy notice and outlines the types of disclosures available to consumers about their personal information is characterizing the right to know what was collected.,3
12481,1125,A sentence that explicitly states a business purpose for which personal information is used supports the disclosure of the categories and purposes required by a consumer's right to know about collected personal information.,5
12481,1398,A sentence that enumerates the types or specific pieces of personal information that will be disclosed to a consumer upon request directly serves to describe the scope of the consumer's right to know what data has been collected.,4
12481,1420,A sentence that details the specific categories of personal information a consumer may request regarding sales constitutes a description of the right to know.,7
1249,952,"A sentence is labeled as a method for exercising rights when it specifies concrete procedural actions, such as submitting a form or contacting a designated address, that a user must take to invoke a privacy right.",5
12492,7690,"When a statement appears within a list of grounds on which a deletion request may be denied, it functions to delineate the scope of the deletion right rather than to grant an unconditional deletion.",2
12492,848,A sentence that enumerates specific statutory exceptions or conditions under which a deletion request may be refused is describing the scope and limitations of the right to delete.,17
12492,960,A sentence is labeled 'Description of Right to Delete' when it explicitly states that consumers possess the legal right to request deletion of their personal information.,4
12499,718,A section whose content enumerates permissible queries about collected personal information and promises free responses describes the operational scope of a right-to-know obligation.,2
1250,1975,A sentence that names a specific consumer right and states that a particular law provides that right to a defined group of individuals is a direct description of that right.,2
1251,1636,A sentence that instructs consumers on specific procedures or channels for submitting privacy requests directly explains how to exercise their rights.,4
12560,1444,"A sentence that directly states a data subject's entitlement to request erasure of their personal information, while acknowledging legal qualifications, is characteristically labeled as describing the right to deletion.",4
12560,4585,The presence of the phrase 'you have the right to request' signals a declarative articulation of a statutory consumer privilege rather than a procedural or exceptional detail.,13
12564,580,"Sentences that provide reasons for refusing a deletion request are part of the description of the right to delete, as they outline the limitations on that right.",10
12568,848,A sentence that enumerates specific statutory exceptions or conditions under which a deletion request may be refused is describing the scope and limitations of the right to delete.,17
12568,96,"A clause that specifies a legitimate purpose (such as public-interest research) for retaining personal information, along with safeguards like informed consent, defines a permissible limitation on the consumer's deletion right.",2
12570,580,"Sentences that provide reasons for refusing a deletion request are part of the description of the right to delete, as they outline the limitations on that right.",10
12576,5186,Presenting a consumer entitlement in the form of the consumer's own authority over a business ('you have the right to direct us to not...') is a hallmark of an explanatory description of that right.,2
12576,56,"A clause that assigns a specific name to an entitlement (e.g., 'right to opt-out') and then states what action the entitled party may take is characteristically a description of that right.",2
12578,4638,"Language indicating that an opt-out can be exercised 'at any time' emphasizes the ongoing nature of the right, which is a core element of its description.",3
12583,859,A sentence explaining how a permissible incentive program interacts with the general anti-discrimination rule demonstrates the lawful boundary where differential treatment is allowed without constituting discrimination.,2
12583,989,"Stating that consent can be revoked at any time emphasizes that any differential treatment is contingent on the consumer's ongoing voluntary agreement, which is fundamental to describing how the right against discrimination is preserved.",3
12593,1553,"A sentence that enumerates specific business events (such as merger, acquisition, or asset sale) as triggers for the transfer of personal data indicates a category of information sharing or disclosure.",3
12593,294,"When a sentence states a condition under which personal data may be transferred to a third party, it is appropriately labeled as a category of information disclosure.",6
12593,737,A sentence that enumerates specific circumstances or purposes under which personal data is shared with third parties directly supports labeling it as a category of information shared or disclosed.,9
12617,310,"A disclosure that information may be shared with business partners for promotional purposes indicates that personal information is being transferred to third parties in exchange for commercial benefits, which is a hallmark of a sale under privacy regulations.",4
12617,5444,"Sentences describing the provision of personal data to external entities for marketing or product offerings imply that the data is being made available for monetary or other valuable consideration, aligning with definitions of selling personal information.",2
12617,7553,"When a privacy policy acknowledges that certain data uses may be considered 'sales' or 'sharing' under state privacy laws (often for non-monetary consideration), a subsequent enumeration of concrete data fields is treated as identifying the categories of personal information subject to that sale or sharing.",2
12673,1049,"A sentence stating the existence and scope of an opt-out right, without instructions or consequences, is categorized as a description of that right.",4
12673,224,"A description of a right includes the scope of the right, such as what information it covers and from whom it can be requested.",4
12684,1847,A sentence that explicitly employs the verbs 'correct' or 'rectify' with reference to personal data characteristically describes the data subject's right to have inaccurate information amended.,10
12684,2493,A statement that explicitly names an action the data subject can request concerning their own personal data typically functions as a description of a data subject right.,2
12684,4988,"Phrasing such as 'personal information we have about you' ties the statement to the data controller's holdings, making it a right exercised against the controller within a privacy framework.",2
12689,1569,"A sentence that enumerates specific contact channels (such as postal address, web form, or phone number) for users to pursue data-related requests is classified under methods to exercise rights.",8
12689,5729,"When a sentence presents an alternative option to previously stated request mechanisms, it contributes to the set of methods for exercising rights.",2
12690,1978,A sentence that explicitly names a legal right in a declarative heading-style form is labeled as a description of that right.,3
12697,5907,Statements that explain the notification mechanism rather than altering the substantive terms of the policy belong to a section dedicated to procedural updates.,2
12732,1980,"A sentence that explicitly names an action a data subject can take regarding their own data, such as correcting it, directly corresponds to a recognized data subject right.",2
12733,102,"When a non-discrimination clause is tied to 'exercising these rights', it clarifies that the protection is specifically about preventing adverse treatment resulting from the lawful use of other established rights.",3
12733,1809,A sentence that explicitly states a right to be free from discrimination when exercising other rights is classified as a description of that right.,11
12733,2003,"A sentence that explicitly names a right followed by a prohibition, such as 'the right to not be discriminated against,' directly signals that the stated label is about the content of that protective guarantee.",3
12759,1929,"A sentence that explicitly instructs the user on how to exercise a specified data privacy right, such as opting out, warrants the label 'Methods to exercise rights'.",2
12895,2138,A sentence that explicitly states the purpose of describing what personal information is collected and from what sources directly serves the consumer's right to know about data collection practices.,2
12901,262,"A description of the right to know commonly separates sales from business-purpose disclosures, so a sentence that covers one of those components while specifying the information to be revealed is part of that right's explanation.",2
12901,303,A sentence that explicitly addresses disclosures made for a business purpose and requires identifying the categories of personal information obtained by each category of recipient is describing the consumer's right to know about non-sale disclosures.,5
12901,3855,"Even a sentence that lists recipient categories without enumerating specific data types contributes to a right-to-know disclosure, as it clarifies the downstream flow of personal information, thereby describing the scope of the sale or sharing practice the consumer is entitled to learn about.",3
12903,1047,"A sentence stating that deletion will occur 'unless an exception applies' characterizes the right as subject to defined limitations, a hallmark of a description of the right rather than its assertion or denial.",2
12903,771,A sentence that elaborates on the obligations a business must fulfill after receiving a valid consumer request is part of describing the right to delete.,3
12919,1387,"A sentence that prescribes the specific format, required content, or procedural steps for submitting a privacy-related request is classified as describing a method to exercise rights.",7
12926,3121,"A statement that affirms the organization refrains from selling data of a specified class of individuals (e.g., minors) is a functional description of the opt-out right because it tells those consumers that the right is not exercised since the practice already does not occur.",2
12929,1216,"When a sentence ties the prohibition of discrimination to the act of exercising other specified rights, it constitutes a description of the non-discrimination right in that context.",6
12944,1537,"A sentence that enumerates distinct recipient types or transaction scenarios (e.g., legal authorities, corporate transfers, affiliates) for which data may be revealed is classified under categories of sharing or disclosure because it specifies the situations and parties to whom information is released.",2
12944,1559,"A sentence that explicitly lists distinct types of recipients (such as service providers, affiliates, and business partners) and states that personal information may be shared with them is classifying the categories of information disclosure.",7
13045,2003,"A sentence that explicitly names a right followed by a prohibition, such as 'the right to not be discriminated against,' directly signals that the stated label is about the content of that protective guarantee.",3
13046,2002,"A sentence that explicitly names a specific right using the phrase 'Right to ...' directly identifies that right, making it a description of that right.",4
13046,247,"A description of a right typically employs the infinitive verb form (e.g., 'to correct') to articulate the permitted action, making the sentence an explanatory statement of entitlement.",3
13046,7831,"When a sentence enumerates a right without additional context or justification, it functions as a descriptive label for that right.",2
13049,239,A description of a right to limit the use of personal information often specifies the statutory exceptions or permitted purposes that narrow or remove the consumer's ability to exercise that right.,5
13059,300,Any statement that names recipients of personal data and the conditions under which their own privacy policies apply constitutes a disclosure of personal information categories.,9
13059,974,"When a sentence indicates that technical identifiers like IP addresses are considered personal information only if linked to a user's unique identifiers, it is specifying the boundaries of the personal information categories.",2
13061,3706,"When a disclosure explains how communications are monitored or stored, it signals that the organization is collecting information that falls within a defined personal data category.",3
13084,1825,A sentence that explicitly excludes a type of information from the definition of personal information clarifies the boundaries of the categories of personal information that are shared or disclosed.,3
13084,3062,A statement distinguishing business information from personal information serves to delineate the categories of personal information that are subject to sharing and disclosure.,2
13197,1462,A sentence that directs users to existing deletion procedures for additional data types describes the scope and mechanism of the data deletion right.,2
13207,3454,The label 'Updated Privacy Policy' is appropriate for a sentence that serves as a temporal marker distinguishing the current version from prior ones; such markers are typically bare dates with no additional contextual prose.,4
13207,473,"A sentence that specifies an explicit effective date is commonly used to signal that a policy has been updated, as the date marks the start of the new terms.",15
13207,474,"In privacy policy documents, an effective date near the beginning of a section about modifications is a conventional cue for identifying the updated policy.",6
13241,2011,"A sentence that explicitly names a specific privacy right, such as the right to deletion, and is phrased as a heading or title is generally labeled as a description of that right because it directly identifies the subject matter.",2
13251,1197,"A sentence that clarifies the boundaries or exceptions of a stated right is considered a description of that right, as it delineates what the right does and does not cover.",3
13254,1549,"A sentence that enumerates specific prohibited acts of differential treatment (denying services, varying prices, or altering quality) characteristically serves as a description of a non-discrimination right.",11
13255,3031,"A statement announcing changes to a specific section, such as a resident privacy notice, signals that the document has been or will be revised, making the label about an updated policy applicable.",2
13255,5442,"Sentences that explicitly state the right to modify a policy or notice at any time indicate that the document's terms are subject to future change, which is characteristic of an updated policy.",2
13255,5620,"Sentences that identify an effective or revised date typically appear within an update-notice section, making them direct evidence that the policy has been amended rather than remaining static.",3
13270,473,"A sentence that specifies an explicit effective date is commonly used to signal that a policy has been updated, as the date marks the start of the new terms.",15
13272,2011,"A sentence that explicitly names a specific privacy right, such as the right to deletion, and is phrased as a heading or title is generally labeled as a description of that right because it directly identifies the subject matter.",2
13273,3686,"When a stated deletion right is qualified by a list of allowable retention purposes, sentences detailing those purposes function to clarify the scope of that right.",3
13273,7623,"When a right is explicitly framed as belonging to the data subject (e.g., 'you have the right to...'), the sentence serves to notify that individual of the existence of the entitlement.",3
1329,1988,"A sentence that explicitly names a privacy right using the phrase 'the right to...' and states what the right allows (e.g., limiting use or disclosure) is a direct description of that right.",3
1329,420,A label for a 'Description of Right to Know PI Collected' applies when the sentence explicitly grants an individual the ability to obtain an accounting of their collected personal information and its flow.,8
1329,4944,"Mentioning 'personal information' ties the stated right to the core subject matter of data protection, which is characteristic of privacy-right disclosures.",3
13290,3564,Descriptions of user options to disable or restrict tracking technologies like cookies directly address the types of personal information gathered through those mechanisms.,2
13290,5314,"References to browser settings that manage cookies point to the underlying data types (e.g., identifiers and behavioral logs) that such technologies collect, situating the text within a discussion of collected information categories.",2
1330,1893,A sentence that explicitly grants users the right to request access and receive copies of their personal data directly describes the consumer right to know what personal information has been collected and processed.,6
1330,3260,Privacy statements that empower data subjects to request disclosure of their collected information serve to operationalize the statutory right to be informed about personal data processing.,3
1330,4594,"When a sentence clarifies that individuals can ask an organization for the personal data it maintains, that sentence serves as a description of the right to know privacy rights.",3
13307,4530,"When a legal or policy text lists an entitlement in the form of an action the individual can initiate, it is appropriately labeled as a description of that specific right.",3
13324,1436,A sentence that explicitly affirms the user's ability to make a choice regarding the sale of their personal information is a description of the right to opt out.,24
13324,7946,"When a sentence specifies the jurisdictions (e.g., by naming states) to which the right applies, it is characterizing the scope and existence of that right, a hallmark of a descriptive statement.",2
13340,2388,"A sentence that outlines the procedural steps a consumer must follow to invoke a privacy right, such as verifying their request and awaiting disclosure of categories of data, is describing a method to exercise that right.",3
1335,2764,"When a sentence functions as a section heading and is immediately followed by content elaborating the mechanics of that right, it is typically labeled as the description of that right.",6
13356,1074,"A sentence that advises users to periodically review a policy for changes indicates the policy is subject to amendment, which is characteristic of an 'Updated' policy label.",2
13356,2057,"A sentence that explicitly references the date when a policy was last revised indicates that the document has a versioned update history, which is a core marker of an updated policy.",3
13356,3795,"When a document discusses amendment procedures and references updating the 'last updated' date, the sentence bearing that date is recognized as part of the updated policy notice.",4
13356,732,"A sentence announcing an update date functions as a notice of policy modification, aligning with document sections that describe how and when the policy is revised.",3
1337,1338,A sentence that explicitly states a user has the ability to update or correct their own personal data through a self-service method describes a right to correct information.,3
1337,1790,"A sentence that frames the correction as an opportunity or ability granted to the user, rather than as an obligation of the data controller, is labeled as a description of the right to correct information.",2
1338,3959,"Specifying the condition 'inaccurate' clarifies the purpose of the right (error correction), a hallmark of a substantive rights statement.",2
13444,1520,"A sentence that enumerates discrete categories of personal data and pairs them with a statement that such data may be disclosed to named third parties for identified purposes signals a disclosure of which categories are transferred, because specifying recipient types and purposes establishes that the data leaves the controller.",2
13444,7037,"When a text contains a structured listing where each data category is annotated with its sale or disclosure status, that formatting indicates the content is classifying personal information according to whether it is sold.",2
13444,7951,"When a sentence explicitly states that personal information may be shared, sold, or transferred during a business transaction, it signals that the data could be made available to third parties for value, thereby indicating the categories of personal information that may be sold.",2
13450,259,A sentence that explicitly states a user may request deletion of their personal data is classified as a description of the right to delete.,31
13450,4302,"The inclusion of a qualifier such as 'subject to certain exceptions' indicates that the sentence is describing the scope and limitations of the right, not merely mentioning it.",7
13451,551,A sentence that explicitly states that an individual may request correction of inaccurate data directly describes the right to correct information.,27
13451,6948,"The presence of the term 'inaccurate' directly ties the statement to data rectification, which is the core of a right to correct information.",2
13455,952,"A sentence is labeled as a method for exercising rights when it specifies concrete procedural actions, such as submitting a form or contacting a designated address, that a user must take to invoke a privacy right.",5
13464,305,"A disclosure statement that identifies both the category of recipient (e.g., service providers) and the specific purpose of the disclosure directly matches a label describing categories of shared or disclosed personal information.",6
13464,3746,"When a privacy notice describes providing personal information to external entities for operational functions like analytics or compliance, it is communicating a sharing practice that a consumer would have the right to know about.",2
13464,7573,"When a privacy policy introduces a passage with a statement that categories of personal data are disclosed to certain third parties, then a bulleted list of the activities those third parties undertake in connection with that data constitutes an elaboration of the disclosed sharing arrangement rather than a separate topic.",2
1347,1963,"When a sentence pairs the name of a consumer privacy right (e.g., “Right to Know”) with the concrete data elements to be provided, it serves to explain what that right entails.",3
1347,2089,"A sentence that explicitly states the business or commercial purpose for collecting, selling, or sharing personal information directly addresses the consumer's right to know how their data is used, which is a core element of the 'Right to Know' disclosure.",3
1347,4078,"Short, fragmentary sentences that contain key legal terminology like 'right to know' are often classified as descriptions of that right, even without full grammatical structure.",2
13512,551,A sentence that explicitly states that an individual may request correction of inaccurate data directly describes the right to correct information.,27
13520,1518,"A sentence that enumerates categories of personal information in a privacy policy, following an explicit acknowledgement that such data has been sold, is naturally categorized as describing the types of data sold.",2
13520,7274,"When a disclosure statement groups multiple data types under a heading that mirrors statutory language about sales, the sentence functions as a classification of sold information rather than a general collection or use description.",2
13568,1084,Sentences denoting the effective date of a policy section are labeled as updates when they coincide with a policy change notice and re-set the applicable timeframe.,6
13568,3795,"When a document discusses amendment procedures and references updating the 'last updated' date, the sentence bearing that date is recognized as part of the updated policy notice.",4
13568,761,A sentence that states an explicit effective or revision date using a phrase like 'Last updated' serves as the official marker of a policy's most recent modification.,13
13660,1187,A sentence that explicitly names a consumer right using standard legal terminology is classified as a description of that right.,11
13661,817,"A sentence that outlines the specific procedure and conditions for fulfilling a correction request, such as verifying the request before acting, is a description of the right to correct information.",2
13670,1150,A sentence that explicitly names a consumer privacy right in its heading and then elaborates on what that right allows the consumer to do is classified as a description of that right.,41
13670,1879,"A sentence that explicitly states a user's entitlement or right, using phrases like 'you have the right to request...', is typically classified as a description of that right.",12
13670,3830,"When a sentence specifies the type of data (e.g., sensitive personal information) and the permitted purpose, it characterizes a right to limit use.",3
13692,1877,A sentence that explicitly frames an action as a consumer's entitlement using the phrase 'You have the right to request' is characteristically a description of that legal right.,4
13696,641,"A privacy notice that affirmatively states an entity does not sell or share personal information directly informs consumers whether the right to opt out is currently exercisable or merely prospective, making it a foundational description of that right.",2
13733,6912,"The presence of terms such as 'disclose,' 'transferred,' and 'asset transfer' in a statement is a hallmark of text that identifies the categories of personal information subject to sharing or disclosure.",2
13733,797,A sentence that enumerates distinct types of external parties or circumstances under which personal data is transferred is classified as describing categories of sharing or disclosure.,9
13769,1700,A sentence that states continued use of a service after policy changes constitutes acceptance and agreement to be bound by the revised terms is characteristic of an updated privacy policy provision.,2
13804,1119,"When a sentence introduces or names a user entitlement to learn about collected personal information, it is appropriately labeled as a description of the right to know about collected personal data.",8
13804,311,"A privacy disclosure that articulates the specific business purposes for which collected personal information will be used directly serves a consumer's right to know, as it clarifies the intended treatment of their data.",6
13804,5212,"Privacy notices that separate the requestable items (e.g., categories of data, sources, specific pieces) are defining the boundaries of a right-to-know obligation rather than stating a policy or a procedure.",2
13804,5499,"When a sentence uses language like 'You have a right to request' and then lists the types of data and disclosures covered, it is characterizing the scope of a right-to-know provision rather than stating a company's actual practice.",2
13870,355,"The presence of a revision timestamp in the header of a policy document implies that the content has been modified or superseded, thereby marking it as an updated version.",3
13870,368,A heading or section title containing the phrase 'Changes to' signals that the document is presenting an updated version of the policy rather than the original.,2
13870,4389,"When a sentence contains the word 'Updated' followed by a specific date, it typically functions as a metadata header that identifies the most recent modification of the policy, warranting the label 'Updated Privacy Policy'.",6
13870,761,A sentence that states an explicit effective or revision date using a phrase like 'Last updated' serves as the official marker of a policy's most recent modification.,13
13874,2341,"Sentences that instruct a reader on concrete, step-by-step actions (such as filing a specific request or ceasing certain behavior) to invoke a legal or privacy right are classified as methods for exercising that right.",3
13929,218,"A description of a right commonly identifies the action required (such as deletion of personal information) and clarifies who bears that requirement, thereby defining the right's practical meaning.",2
13931,1140,A sentence that explicitly names a legal right and defines its scope or conditions serves as a direct description of that right.,4
13931,1256,A sentence that explicitly promises not to discriminate against consumers for exercising their privacy rights directly states and thereby describes the right to non-discrimination.,21
13931,1441,A sentence that directly names a protected consumer action and states a guarantee against adverse treatment is typically classified as describing that specific non-discrimination right.,3
13931,3405,"Mentioning a specific legal framework, such as the CCPA, and tying it to the act of exercising privacy rights identifies the sentence as a formal description of a statutory right.",5
13931,4822,The label 'Description of Right to Non-discrimination on exercising rights' applies when the sentence states that discrimination is prohibited specifically as a consequence of invoking other stated rights.,6
13933,3670,Descriptions of the right to opt out of the sale or sharing of personal information often include instructions about how to access additional information about the companies involved.,3
13937,771,A sentence that elaborates on the obligations a business must fulfill after receiving a valid consumer request is part of describing the right to delete.,3
13937,848,A sentence that enumerates specific statutory exceptions or conditions under which a deletion request may be refused is describing the scope and limitations of the right to delete.,17
13956,1501,"A sentence that enumerates specific recipients or triggering conditions for information disclosure, such as legal obligations or security enforcement, is classified as specifying the categories of personal information shared or disclosed.",5
13956,579,A passage grouped under a heading about monitoring and legal compliance contributes to the enumeration of collected data categories whenever it names the kinds of personal data that could be provided in response to legal processes.,2
13990,741,"For a sentence to be labeled as describing a right to non-discrimination on exercising rights, it must explicitly or implicitly address both the act of exercising a right and the accompanying protection from discriminatory treatment.",5
14021,117,A sentence that names the 'right to opt out' and ties it to 'sale(s) of personal information' precisely matches the defining content of the label for such opt-out rights.,3
14022,1751,A sentence that explains the procedural steps or prerequisites a user must satisfy to exercise a privacy right is categorized as describing a method for exercising that right.,4
14033,125,A concise imperative or heading-style sentence that names a consumer data-privacy action is categorized according to the specific right or option it grants to the individual.,2
14033,2032,"A sentence that explicitly names the right or action being addressed, such as using the exact phrase 'opt-out of sales,' is a strong direct indicator of a description of that right.",3
14040,102,"When a non-discrimination clause is tied to 'exercising these rights', it clarifies that the protection is specifically about preventing adverse treatment resulting from the lawful use of other established rights.",3
14040,1329,A sentence that explicitly guarantees no unfavorable treatment due to an individual's exercise of a data protection right is properly labeled as a description of the right to non-discrimination.,3
14045,6936,The presence of the phrase 'you have a right to opt out' followed by clarifications of the resulting behavior marks the sentence as part of a right's description.,2
14045,869,A sentence that explicitly names a right to opt out of the sale of personal information is a direct description of that right.,16
14057,1390,A sentence that describes the process for notifying users about revisions to a policy and updating its effective date is characteristic of a section devoted to policy updates.,2
14057,3945,"Explicitly noting that changes become effective when posted helps establish a clear effective date, which is characteristic of an officially updated policy.",2
14058,3405,"Mentioning a specific legal framework, such as the CCPA, and tying it to the act of exercising privacy rights identifies the sentence as a formal description of a statutory right.",5
14058,869,A sentence that explicitly names a right to opt out of the sale of personal information is a direct description of that right.,16
14105,2291,"The pairing of a personal information category with a list of recipient roles (e.g., service providers, acquirers, parties at user direction) indicates that the text describes sharing or disclosure arrangements.",2
14105,3057,"Statements about third-party analytics providers receiving data about users denote an actual transfer of personal information to an outside party, which is the essence of a disclosure.",5
14244,539,"Any disclosure that a specific technology's outputs can be associated with personally identifiable details is a way of alerting users to the types of personal information that may be compiled, thereby fitting under the heading of categories collected.",2
14244,652,"In privacy policy contexts, a statement that announces the categories of personal information gathered serves as an organizing header for a disclosure of collected data, warranting the label of the information's categories.",2
14259,1902,A sentence that explicitly grants a user the ability to review and update their personal data through a self-service channel is classified as a description of the right to correct information.,3
14272,2086,Sentences that explicitly state that a data subject holds an entitlement to request a specific action regarding their personal information are labeled as descriptions of that right.,5
14272,6687,"The presence of explicit action verbs such as 'delete,' 'aggregate,' or 'de-identify' applied to personal data signals that the statement concerns the right to have data removed.",2
14274,5300,"Qualifying language like 'as provided for in applicable law' indicates that the statement is a formal legal right description, which supports its classification as a rights provision.",2
14274,6631,"The presence of a phrase such as 'right to not be discriminated against' is a direct indicator of a non-discrimination right, and when it is tied to 'exercising certain of your rights', it signals that the description specifically concerns the exercise of rights.",4
14274,741,"For a sentence to be labeled as describing a right to non-discrimination on exercising rights, it must explicitly or implicitly address both the act of exercising a right and the accompanying protection from discriminatory treatment.",5
14276,3520,Content that explains identity-verification requirements tied to who makes a request and what is requested establishes the process for acting on privacy choices.,2
14326,873,A sentence that explicitly states a policy will be revised and a new version will be made available indicates that the policy is subject to updates.,10
14360,4227,"In a privacy disclosure, a structured row that attaches a yes/no flag to each personal-information category functions to identify exactly which categories meet the sale condition.",2
14362,1858,A sentence that names a specific category of personal information and then enumerates concrete examples of data that fall within that category is characteristic of a disclosure that catalogs the types of information collected.,3
14362,3359,"A structured list that pairs each category label with representative examples serves to communicate which types of personal data are processed, which is the defining feature of a 'Categories of Personal Information Collected' disclosure.",2
14366,300,Any statement that names recipients of personal data and the conditions under which their own privacy policies apply constitutes a disclosure of personal information categories.,9
14366,4668,"Language that points to a section explaining when the organization may share or disclose personal information indicates that the sentence is concerned with the categories of information that are released to third parties, thereby matching the label of categories of personal information shared or disclosed.",3
14366,7578,"When a sentence references another portion of the policy that explains the circumstances and parties involved in sharing personal information, its purpose is to point out that such sharing constitutes a disclosure of certain categories of personal information.",2
14383,1173,"A sentence that enumerates the types of data collected (e.g., activity, preferences, inferred attributes) is categorized as disclosing the categories of personal information involved.",12
14419,8019,"When a sentence identifies particular recipient entities (such as joint marketing partners) receiving user information for defined promotional uses, it is characterizing the disclosure of personal data categories.",2
14463,423,A label of 'Description of Right to Delete' applies when the text explains both that the right exists and the circumstances that qualify or restrict it.,6
14463,848,A sentence that enumerates specific statutory exceptions or conditions under which a deletion request may be refused is describing the scope and limitations of the right to delete.,17
14465,1192,"A sentence that discusses the scope of an opt-out right by referencing the legal definition of 'sale' and its exceptions directly concerns the categories of personal information that are sold, since it delineates which transfers fall inside or outside that category.",3
14467,1593,"A sentence that enumerates specific prohibited actions (such as denying goods, charging different prices, or offering different quality) serves to concretely define the scope of a non-discrimination right.",12
14467,2001,A statement that explicitly names a particular right and frames it as a prohibition against negative treatment arising from the exercise of other listed rights is characteristically a description of that anti-discrimination right.,4
14499,419,"A label describing methods to exercise rights is applied when the sentence names specific procedural channels (e.g., a request form, an email address) that a data subject must use.",2
14509,2095,"A sentence that explicitly states a policy may be revised in the future signals that the policy is subject to updates, which is a core characteristic of an update-notification clause.",2
14509,35,A clause describing the conditions under which a policy can be altered and the means of communicating those alterations functions as an 'Updated Privacy Policy' statement.,4
14514,1636,A sentence that instructs consumers on specific procedures or channels for submitting privacy requests directly explains how to exercise their rights.,4
14514,4721,"Language that conditions the promised information on a 'verified request' signals a formal consumer rights mechanism, indicating the sentence is articulating the procedural and substantive components of a right to know how personal information is sold or shared.",2
14537,1733,A sentence that explains the function of a user-controlled tool or mechanism for stopping data collection is categorized as a method for exercising privacy rights.,2
14546,1318,A sentence that describes a concrete action or tool a user can employ to control or limit data collection is classified as a method for exercising rights.,5
14565,1615,A sentence that lists categories of personal information disclosed for value and identifies the types of third parties receiving it directly describes the scope of a right-to-know request regarding sales or sharing.,5
14567,1615,A sentence that lists categories of personal information disclosed for value and identifies the types of third parties receiving it directly describes the scope of a right-to-know request regarding sales or sharing.,5
14567,1620,A sentence that enumerates the categories of recipients and the purposes tied to the sale or sharing of personal information directly supports a disclosure obligation about those transfers.,2
14567,408,A label denoting a description of the right to know about personal information sold or shared applies to any statement that directly expresses a consumer's entitlement to be informed about how their data is transferred to third parties.,2
14591,5467,"Sentences labeled as methods to exercise rights typically enumerate direct contact channels such as email addresses, web forms, and phone numbers to show users how to submit a privacy request.",2
14634,1774,A sentence that lists circumstances under which an organization may retain personal information despite a deletion request is defining the scope of the right to delete.,3
14634,580,"Sentences that provide reasons for refusing a deletion request are part of the description of the right to delete, as they outline the limitations on that right.",10
14639,434,A label indicating 'methods to exercise rights' applies when the sentence explicitly names the procedures or channels through which a user can act on an opt-out or deletion choice.,3
14639,5467,"Sentences labeled as methods to exercise rights typically enumerate direct contact channels such as email addresses, web forms, and phone numbers to show users how to submit a privacy request.",2
14641,2070,"A sentence that explicitly states a right to modify or change a policy signals that the policy is subject to future updates, which is a hallmark of an 'Updated Privacy Policy' label.",7
14641,3335,"A statement that tells readers how to access the latest versions of a policy indicates the document maintains a record of amendments, which is the defining feature of an updated-privacy-policy section.",3
14641,4571,"Language about the right to revise typically appears in a dedicated 'changes' or 'updates' section, reinforcing the label that the policy is an updated version subject to further revision.",2
1470,1392,A sentence that enumerates specific purposes for which data is used implicitly identifies the categories of personal information that must be collected to fulfill those purposes.,6
1470,630,A privacy disclosure sentence is classified under the category of collected information when it explains how the organization will use data about an individual's interests and choices to customize future interactions.,7
14792,2885,"A sentence that tells the user how to initiate a request, such as by calling and stating intent, falls under the category of methods to exercise rights.",3
14792,6779,The presence of imperative verbs and step-by-step directives for user-initiated data control indicates the sentence describes methods to exercise rights.,2
14813,793,A sentence that identifies a specific technology or mechanism (such as cookies) through which data is gathered during user interaction with a website serves to enumerate one of the sources or categories of information collected from or about the user.,4
14833,1026,A sentence referencing information collected from a user's device and its possible transfer to third parties is characteristic of a disclosure describing categories of personal information shared.,2
14833,1583,A sentence that enumerates specific examples of user-supplied data falls under the category of collected personal information because it directly lists the types of details a user may share.,3
14865,4463,"In privacy policy text, a passage that defines a key term and then points to enumerated category lists is characteristically used to declare which types of personal information the business treats as sold.",3
14866,2068,"A sentence that explicitly refers to categories defined by a specific privacy statute (e.g., CCPA) signals that the subsequent or surrounding content enumerates those categories, thus warranting a label for such enumerated categories.",2
14884,1961,A sentence that explicitly names a consumer entitlement ('the right not to be discriminated against') and frames it as something the consumer possesses is classified as a description of that specific right.,2
14884,407,A label such as 'Description of Right to Non-discrimination on exercising rights' is appropriate when the sentence articulates a guarantee against adverse treatment tied to the activation of other rights.,3
14892,1776,"A sentence that explains why cookies are used, such as to enhance experience, indicates that personal information is being collected for operational or functional purposes covered by the disclosed data categories.",2
14892,5314,"References to browser settings that manage cookies point to the underlying data types (e.g., identifiers and behavioral logs) that such technologies collect, situating the text within a discussion of collected information categories.",2
14911,1597,"A sentence that enumerates specific technical identifiers and device metadata (such as IP addresses, browser details, and unique device IDs) being collected is indicative of a passage that defines the categories of personal information gathered.",2
1492,1871,A sentence that explicitly references the disclosure of enumerated categories of personal information and directs readers to a specific section for that information is classified under the label for categories of personal information shared or disclosed.,3
14931,1400,Providing personal information to a third party for the purpose of displaying targeted advertisements on behalf of another company constitutes a 'sale' under comprehensive privacy laws such as the CCPA.,2
14974,2075,A sentence that explicitly states a commitment to refrain from discriminatory treatment when individuals exercise their enumerated rights is classified as a description of that non-discrimination right.,2
14981,305,"A disclosure statement that identifies both the category of recipient (e.g., service providers) and the specific purpose of the disclosure directly matches a label describing categories of shared or disclosed personal information.",6
14991,7905,"When a sentence explains the action a user must take—rather than defining the right, its scope, or its legal basis—it belongs to the category of methods for exercising rights.",2
15082,4697,"Language specifying that deletion occurs upon receipt and confirmation of a valid request, while acknowledging potential exceptions, delineates the scope and mechanics of the right to delete.",2
15087,3121,"A statement that affirms the organization refrains from selling data of a specified class of individuals (e.g., minors) is a functional description of the opt-out right because it tells those consumers that the right is not exercised since the practice already does not occur.",2
15090,1816,A sentence that explicitly commits an entity to refrain from differential treatment or retaliation against individuals for asserting their legal rights directly articulates the non-discrimination guarantee.,2
15124,1681,"A sentence that specifies a purpose for data handling, such as conducting internal analytics, signals that behavioral or usage data is being collected, thereby defining a category of personal information.",2
15301,2604,"A sentence that pairs a legal compliance reference (e.g., CCPA) with an action taken for consumer requests is characterizing how the covered right is operationalized, making it a statement about that right.",2
15317,2682,A sentence that specifies concrete contact channels such as an email address and a postal mailing address for submitting privacy-related requests is providing actionable methods to exercise those rights.,2
15320,4885,Mentioning a specific privacy regulation (such as the CCPA) that mandates disclosures about sales or sharing signals that the sentence falls under the topic of sold personal information categories.,2
15417,3454,The label 'Updated Privacy Policy' is appropriate for a sentence that serves as a temporal marker distinguishing the current version from prior ones; such markers are typically bare dates with no additional contextual prose.,4
15466,5192,"When a disclosure enumerates statutory exceptions or permissible processing purposes, it clarifies the scope of a consumer's right to restrict, thereby describing that right.",2
15475,1507,"A sentence that enumerates lawful uses for retaining personal information explains an exception or limitation to a deletion request, thereby describing the boundaries of the right to delete.",3
15481,2053,"When a sentence directly affirms that exercising one's privacy rights will not lead to discriminatory treatment, it functions as a statement of the non-discrimination guarantee.",4
15481,932,A sentence that functions as a section heading introducing a list of prohibited retaliatory or differential treatments of consumers who exercise their privacy rights is appropriately labeled as a description of the right to non-discrimination.,2
15484,773,"When a statement defines a right by prohibiting adverse treatment in response to exercising other rights, it describes the right to non-discrimination.",4
15496,1395,A sentence that describes the specific data practices involving third-party advertising services is often included to provide context for a consumer's right to opt out of the sale or sharing of personal information.,4
15496,245,"A description of a right to opt out of the sale of personal information often clarifies that exercising the right does not eliminate all related advertising, including interest-based ads, thereby setting expectations about the scope of the opt-out.",5
15496,5536,"Sentences that describe an opt-out pathway for interest-based advertising are categorized as methods to exercise rights, as they inform users how to assert their privacy preference over the handling of their data.",2
15518,1549,"A sentence that enumerates specific prohibited acts of differential treatment (denying services, varying prices, or altering quality) characteristically serves as a description of a non-discrimination right.",11
15525,199,"Descriptions of deletion rights usually include an explicit exception clause that allows the business to retain data under certain defined circumstances, reflecting that the right is not absolute.",2
15525,3149,A statement that connects retention obligations to service providers and legal requirements elaborates on the practical application of a data privacy deletion right.,2
15530,1051,"When a privacy notice pairs a list of information categories with a statutory cross-reference to a disclosure paragraph, the sentence functions as an operational description of the right to know what personal information is held.",3
15530,1555,"A sentence that enumerates the business or commercial purposes for which personal data is collected is typically classified as part of a disclosure addressing the consumer's right to know about the collection, use, sale, or sharing of their information.",3
15570,2308,"A sentence that restricts third parties from using personal information beyond a specified purpose indicates the entity retains control over how shared data is used, which relates to disclosures about data sharing practices.",2
15572,1790,"A sentence that frames the correction as an opportunity or ability granted to the user, rather than as an obligation of the data controller, is labeled as a description of the right to correct information.",2
15572,5117,"Phrases like 'you may request' indicate a user-initiated entitlement, which is a typical marker for statements that describe a data subject's specific rights.",2
15572,5708,The use of action verbs such as 'correct' or 'update' in direct relation to personal data signals a focus on the user's correction rights.,7
15582,1241,"A sentence that conditions the deletion on confirmation of a verifiable request and acknowledges exceptions addresses the procedural requirements and limitations that define how the deletion right is applied, marking it as a description of the right itself.",2
15582,1418,"A sentence that details the procedural steps for exercising a deletion right, including the verification of the request and the consequent deletion of personal information, directly describes that right.",2
15592,3254,Statements that instruct users to check the policy on each visit in case they overlooked announcements of revisions signal that the policy is subject to continuous updates and that the latest version is the relevant one.,2
15626,1943,A sentence that identifies specific technologies or mechanisms used to store or capture user data typically falls under a description of the categories of information collected.,2
15634,3793,"When the action specified is a modification of stored personal data, such as correcting it, the sentence directly corresponds to the legal right to rectification.",3
15637,1173,"A sentence that enumerates the types of data collected (e.g., activity, preferences, inferred attributes) is categorized as disclosing the categories of personal information involved.",12
15637,8109,"When a sentence lists concrete examples of user-related data, it serves to define the scope of personal information categories.",2
15686,3247,Statements that frame an ability or obligation to amend data when it fails to reflect current truth are categorized as descriptions of the right to correction.,3
15693,1989,"A sentence that explicitly names a privacy statute (e.g., the CCPA) and states that it grants consumers the ability to make requests about their personal information is characterizing a data-subject access right, which is what the label 'Description of Right to Know PI Collected' denotes.",2
15695,1615,A sentence that lists categories of personal information disclosed for value and identifies the types of third parties receiving it directly describes the scope of a right-to-know request regarding sales or sharing.,5
15695,6328,"The inclusion of specific disclosure elements—such as categories of information, sources, business purposes, and recipient categories—indicates that the sentence belongs to a section describing the right to know about personal information sold or shared.",3
15695,643,"A statement that pairs 'collection' with 'general use' addresses both the data-gathering practices and the purposes for which data are used, thereby covering the two core elements of a right-to-know privacy notice.",2
15698,955,"When a sentence pairs an explicit statutory term (such as 'sale' of personal information) with a data-subject's ability to decline it, the sentence functions as a description of an opt-out right under that law.",2
15807,2492,A sentence that names a specific type of personal data and illustrates it with concrete sources qualifies as a distinct category of personal information under privacy frameworks.,2
15834,1499,"A sentence that enumerates an exception or condition under which an organization may retain or use personal information, rather than delete it, serves to delineate the scope of a deletion right by clarifying its boundaries.",2
15834,7539,"When a privacy notice lists exceptions to a deletion right, each exception is typically introduced with phrasing that signals an action the entity is legally required to take.",2
15920,6057,"Stating that the information was shared or disclosed 'for a business purpose' directly ties the sentence to the act of transferring data to third parties, which is the essence of a sharing/disclosure disclosure.",2
15920,6312,"The presence of a temporal qualifier such as 'preceding twelve months' signals that the statement is reporting on past sharing or disclosure activities, which is a standard element of such disclosures.",2
15924,208,"A description of a non-discrimination right typically contrasts the act of exercising rights with potential differential treatment, clarifying that differential treatment is only permitted under narrowly defined conditions.",4
15967,1099,"A sentence that appears under a heading such as 'Changes to...' and directly states the right to alter the policy at any time is conventionally part of the section that governs future revisions, making the update-related label appropriate.",2
15987,1811,A sentence that explicitly states a prohibition against discrimination for exercising legal rights directly describes the right to non-discrimination.,23
16038,5407,The presence of a date of last modification in the same document reinforces that the policy is subject to revisions.,3
16038,761,A sentence that states an explicit effective or revision date using a phrase like 'Last updated' serves as the official marker of a policy's most recent modification.,13
16064,1998,A sentence that explicitly names a right and the action it guarantees is a direct statement of that right's description.,2
16064,2764,"When a sentence functions as a section heading and is immediately followed by content elaborating the mechanics of that right, it is typically labeled as the description of that right.",6
16066,2028,A sentence that explicitly names the consumer's entitlement to be informed about the transfer of their personal information to outside parties is a direct expression of that disclosure right.,2
16066,271,A sentence that explicitly names a consumer right using the phrase 'right to know' and ties it to personal information being sold or shared is typically labeled as a description of that specific right.,3
16067,1050,"A sentence stating the option to opt out of a particular data practice is treated as a description of the opt-out right because it communicates the core entitlement itself, independent of any limitations or instructions provided elsewhere.",2
16067,1150,A sentence that explicitly names a consumer privacy right in its heading and then elaborates on what that right allows the consumer to do is classified as a description of that right.,41
16067,1978,A sentence that explicitly names a legal right in a declarative heading-style form is labeled as a description of that right.,3
16068,416,"A label for 'Description of Right to Limit use of PI' is appropriate when the text explains how to prevent a particular type of processing, even if the means involves a third-party utility.",4
16068,956,A sentence is labeled as describing a 'Right to Limit' when it explicitly names a legal right and states that the user can restrict how their information is used or disclosed.,4
16076,1154,A sentence that begins with the explicit phrasing 'You have the right to' and then states a specific action the data subject may take is characteristically a direct description of that corresponding right.,4
16076,1530,"A sentence that enumerates data subject rights using the term 'rectification' signals a description of the right to correct or update personal information, as rectification is the formal legal term for correction.",2
16076,1847,A sentence that explicitly employs the verbs 'correct' or 'rectify' with reference to personal data characteristically describes the data subject's right to have inaccurate information amended.,10
16083,6936,The presence of the phrase 'you have a right to opt out' followed by clarifications of the resulting behavior marks the sentence as part of a right's description.,2
16110,4864,Mentioning a specific 'effective date' for when revised terms begin applies to identifying an updated policy rather than the initial policy text.,2
16110,943,"A sentence is classified as indicating an updated policy when it explicitly states that the document is subject to change, revision, or periodic review.",2
16165,3804,"Disclosures about cookie use serve to inform users which categories of personal information are or are not gathered, thereby addressing the category of personal information collected.",3
16165,5214,"Privacy policies commonly describe cookie usage because cookies are a technical mechanism for collecting personal information, so such statements pertain to the categories of personal information collected.",3
16206,1495,A sentence that explicitly frames a consumer entitlement to obtain disclosure from a business of the personal information collected is classified under a right-to-know label.,4
16206,1989,"A sentence that explicitly names a privacy statute (e.g., the CCPA) and states that it grants consumers the ability to make requests about their personal information is characterizing a data-subject access right, which is what the label 'Description of Right to Know PI Collected' denotes.",2
16206,271,A sentence that explicitly names a consumer right using the phrase 'right to know' and ties it to personal information being sold or shared is typically labeled as a description of that specific right.,3
16206,3938,"If the right described concerns learning which categories of personal data were shared with outside parties and who those parties are, it directly corresponds to a right to know about disclosure or sharing of personal information.",3
16207,1495,A sentence that explicitly frames a consumer entitlement to obtain disclosure from a business of the personal information collected is classified under a right-to-know label.,4
16260,1553,"A sentence that enumerates specific business events (such as merger, acquisition, or asset sale) as triggers for the transfer of personal data indicates a category of information sharing or disclosure.",3
16260,294,"When a sentence states a condition under which personal data may be transferred to a third party, it is appropriately labeled as a category of information disclosure.",6
16280,1811,A sentence that explicitly states a prohibition against discrimination for exercising legal rights directly describes the right to non-discrimination.,23
16316,2686,"A sentence that provides a specific effective date for a policy document typically indicates that the document is a newly updated version, especially when it is positioned at the outset of a text describing modifications.",6
16316,473,"A sentence that specifies an explicit effective date is commonly used to signal that a policy has been updated, as the date marks the start of the new terms.",15
16316,474,"In privacy policy documents, an effective date near the beginning of a section about modifications is a conventional cue for identifying the updated policy.",6
16316,760,A sentence that explicitly states a revision date for a policy document serves as a marker indicating that the policy has been updated.,16
16343,1441,A sentence that directly names a protected consumer action and states a guarantee against adverse treatment is typically classified as describing that specific non-discrimination right.,3
16343,1811,A sentence that explicitly states a prohibition against discrimination for exercising legal rights directly describes the right to non-discrimination.,23
16343,8383,"When a statement uses prohibitive language such as 'will not' to guarantee equal treatment, it is characterizing a legal protection afforded to rights-holders.",3
16363,1569,"A sentence that enumerates specific contact channels (such as postal address, web form, or phone number) for users to pursue data-related requests is classified under methods to exercise rights.",8
16385,1894,A sentence that grants individuals the ability to restrict or object to how their personal information is processed articulates a data subject's right to limit use.,13
16385,1973,A sentence that explicitly names a data subject's entitlement using the pattern 'The right to have [information] [actioned]' is a direct expression of that right and is labeled accordingly.,2
16389,842,"A sentence that introduces or precedes a structured enumeration of distinct data types, through its placement within a larger disclosure, is labeled with categories of personal information collected because it sets the frame for which information is processed.",2
1656,1392,A sentence that enumerates specific purposes for which data is used implicitly identifies the categories of personal information that must be collected to fulfill those purposes.,6
1656,4268,"Privacy policy text that expands a general declaration of information collection into a detailed set of uses effectively clarifies the specific data elements involved, making it appropriate to annotate as 'Categories of Personal Information Collected'.",3
1656,878,"A sentence is labeled as describing categories of personal information collected when it explicitly names the types of data gathered (e.g., browsing history, device usage, network details) even if not directly identifying an individual.",5
1663,6850,"The presence of possessive referents such as ""your"" combined with actions like ""correction"" marks the text as explaining a data-subject right.",2
16652,2230,A sentence that functions as a standalone heading introducing a specific context in which a company may transfer personal data is categorized as a type of information sharing or disclosure.,2
1673,1608,A sentence that enumerates specific types of technical or device-related data is classified as listing categories of personal information when it appears within a disclosure of what data the organization gathers.,5
1673,6586,The presence of a list item detailing the kinds of data obtained from users indicates that the passage is specifying the categories of personal information that are collected.,2
16753,5501,Sentences that begin with a direct assertion of a user's right and then specify the conditions or considerations for exercising that right are treated as explanatory statements of that legal or privacy right.,2
16753,7932,"When a sentence names a specific data-protection right and articulates how it applies (e.g., based on data nature and processing purpose), it serves to describe that right rather than to grant, limit, or procedurally implement it.",2
16753,962,A sentence that explicitly states an individual's entitlement to have inaccurate personal data amended or rectified is categorized as a description of the right to correct information.,15
16757,960,A sentence is labeled 'Description of Right to Delete' when it explicitly states that consumers possess the legal right to request deletion of their personal information.,4
16758,1804,A sentence that states a consumer's entitlement to instruct a business to restrict processing of a specific data category directly constitutes a description of the right to limit the use of that personal information.,15
16762,3795,"When a document discusses amendment procedures and references updating the 'last updated' date, the sentence bearing that date is recognized as part of the updated policy notice.",4
16762,483,Encouraging users to periodically review the policy signals that the document is actively maintained and reflects the latest update.,2
16762,991,A sentence that references a revised policy and specifies how its updated version will be made visible to users signals that the content is an update notice.,4
16765,2682,A sentence that specifies concrete contact channels such as an email address and a postal mailing address for submitting privacy-related requests is providing actionable methods to exercise those rights.,2
1677,855,A sentence enumerating the specific types and origins of personal data that a data subject may request is characteristic of a disclosure of the scope of a privacy access right.,3
16793,3940,Explicitly naming contracted partners or third-party entities as recipients of personal information signals that the disclosure covers categories of data transferred to outside organizations.,2
16793,881,A sentence is labeled as describing categories of personal information sold when it enumerates specific types of personal data that the entity states it sells or discloses to third parties.,7
16802,6066,"Statutory language mirroring the disclosure requirements of a right-to-know law—such as naming types of personal information, collection sources, business purposes, and sharing recipients—indicates the sentence is describing what the right entails.",2
16808,1424,"A sentence that uses the explicit construction 'You have the right to...' followed by an action directly articulates a consumer entitlement, making it a description of that right.",7
16808,1804,A sentence that states a consumer's entitlement to instruct a business to restrict processing of a specific data category directly constitutes a description of the right to limit the use of that personal information.,15
16808,425,A label for a right description applies when the sentence tells the consumer that they can ask the organization to restrict a particular use of their data.,2
1703,2713,"A sentence whose text directly queries what information is shared signals that the surrounding content will disclose the categories of personal data transferred or sold, thereby satisfying the consumer's right to know.",2
1703,4922,"Mentioning 'disclose' and 'outside parties' directly signals the transfer or sharing of personal information, which is a core element of the right to know about PI sold or shared.",2
1706,1495,A sentence that explicitly frames a consumer entitlement to obtain disclosure from a business of the personal information collected is classified under a right-to-know label.,4
1706,5113,The use of terms like 'right to request' and 'disclose' directly indicates that the text is articulating a privacy-based access or knowledge right for individuals.,3
1708,854,"A sentence that enumerates the specific categories of personal information a company must disclose upon request, including sources, purposes, third parties, and business-purpose disclosures, is describing the consumer's statutory right to know about the collection, sale, and sharing of personal information.",8
17165,937,"When a sentence contains the phrase 'opt out' in connection with ceasing the 'sale' of personal information and explains the consequence (no longer selling and instead suppressing data), it directly characterizes the right to opt out of a sale.",14
17235,3157,A statement that describes third parties (such as marketers) using data for their own business purposes—like tailoring ads or improving their own databases—indicates that the personal information is shared or disclosed to those parties rather than used solely by the collecting company.,2
17235,5583,Sentences that enumerate or exemplify instances where personal information is released to an external entity as part of a user-driven interaction fall under the disclosure-categories label because they make concrete the categories and recipients of shared data.,2
17260,1451,A sentence that directs the reader to external organizations or mechanisms for exercising control over data practices is classified as describing an opt-out right.,2
17265,1926,A sentence that instructs users on specific actions to take to exercise their privacy rights is classified as describing methods to exercise rights.,11
17265,3405,"Mentioning a specific legal framework, such as the CCPA, and tying it to the act of exercising privacy rights identifies the sentence as a formal description of a statutory right.",5
17355,1150,A sentence that explicitly names a consumer privacy right in its heading and then elaborates on what that right allows the consumer to do is classified as a description of that right.,41
17355,1169,"Mention of specific categories like 'Sensitive Personal Information' in connection with limiting further processing ties the sentence to the corresponding privacy right, signaling that it describes the right to restrict use of that data.",8
17355,1804,A sentence that states a consumer's entitlement to instruct a business to restrict processing of a specific data category directly constitutes a description of the right to limit the use of that personal information.,15
17355,7277,"When a disclosure states that a business processes personal information only for specified lawful purposes and therefore declines to offer a limit option, each sentence reciting one of those purposes forms a component of describing the right to limit use of that information.",2
17358,3017,"A statement about disclosure being restricted under certain risk conditions clarifies the practical operation of the right to know, since that right is not absolute and includes permissible limitations.",2
17359,1311,"A sentence that describes circumstances under which a business may refuse to provide personal information falls within the scope of the right to know, because such exceptions define the boundaries of that right.",2
17359,3017,"A statement about disclosure being restricted under certain risk conditions clarifies the practical operation of the right to know, since that right is not absolute and includes permissible limitations.",2
17363,609,"A sentence that explicitly states a consumer has the right to opt out of a specific data practice (such as the sale of personal information) directly expresses a description of that right, warranting a label naming the right.",6
17363,937,"When a sentence contains the phrase 'opt out' in connection with ceasing the 'sale' of personal information and explains the consequence (no longer selling and instead suppressing data), it directly characterizes the right to opt out of a sale.",14
17384,1047,"A sentence stating that deletion will occur 'unless an exception applies' characterizes the right as subject to defined limitations, a hallmark of a description of the right rather than its assertion or denial.",2
17384,203,"A description of a deletion right typically specifies that the deletion action is contingent on first receiving and confirming a verifiable consumer request, establishing a procedural precondition for exercising the right.",2
17384,3158,Language describing the obligation to remove personal information upon request serves to characterize the deletion right's implementation.,2
17384,671,A provision defining the scope of removal — covering all personal data unless earlier exclusions apply — characterizes the boundaries of a stated data-deletion right.,2
1747,2685,Sentences that provide concrete contact channels (such as email or postal addresses) for addressing privacy-related inquiries are classified as methods to exercise rights because they offer a procedural path for individuals to act on those rights.,3
17489,1534,"A sentence that enumerates distinct data types (e.g., device identifiers, browsing activity, cookie data) is typically categorized as outlining the categories of personal information that a business may sell or share.",2
17489,4411,"In privacy disclosures, stating that certain categories of personal data will not be used for particular purposes (such as advertising) constitutes a transparent description of the data subject's rights regarding the collection and use of that data.",3
17494,2122,"A sentence that explicitly states that personal information is disclosed when the user directs or intentionally initiates the disclosure indicates that the text describes a disclosure practice, so it falls under a label for categories of personal information shared or disclosed.",4
17494,2134,A sentence that identifies a legal or regulatory obligation as a reason for transferring personal information to outside parties is classified under disclosures because it describes a condition under which data sharing occurs.,2
1750,1150,A sentence that explicitly names a consumer privacy right in its heading and then elaborates on what that right allows the consumer to do is classified as a description of that right.,41
1750,5550,Sentences that enumerate protections against adverse treatment—such as discrimination or retaliation—for exercising privacy rights are descriptions of the non-discrimination right.,2
17505,1256,A sentence that explicitly promises not to discriminate against consumers for exercising their privacy rights directly states and thereby describes the right to non-discrimination.,21
17505,3072,"A statement expressing a negative obligation (e.g., 'will not discriminate') directly articulates the substance of a right rather than merely introducing or summarizing it.",2
1751,1150,A sentence that explicitly names a consumer privacy right in its heading and then elaborates on what that right allows the consumer to do is classified as a description of that right.,41
1753,3711,"Descriptions of opt-out rights often contain a direct assertion that the organization does not sell or share information, which signals a boundary condition for exercising the right.",2
17540,1084,Sentences denoting the effective date of a policy section are labeled as updates when they coincide with a policy change notice and re-set the applicable timeframe.,6
17540,156,A date that is later than other effective dates previously mentioned in the document indicates this sentence represents a more recent policy update.,2
17540,6655,The presence of a specific calendar date after a section discussing when changes take effect indicates that the policy has been formally updated to reflect that date.,2
17540,760,A sentence that explicitly states a revision date for a policy document serves as a marker indicating that the policy has been updated.,16
1757,1499,"A sentence that enumerates an exception or condition under which an organization may retain or use personal information, rather than delete it, serves to delineate the scope of a deletion right by clarifying its boundaries.",2
1757,3686,"When a stated deletion right is qualified by a list of allowable retention purposes, sentences detailing those purposes function to clarify the scope of that right.",3
1758,1669,"A sentence that explains a business necessity for retaining information, such as providing services, is typically part of a description of the right to delete because it qualifies the deletion right.",2
17608,2764,"When a sentence functions as a section heading and is immediately followed by content elaborating the mechanics of that right, it is typically labeled as the description of that right.",6
17668,1835,A sentence that explicitly describes the process and channels for notifying users about modifications to a policy belongs to an updated policy notice when the surrounding document features multiple versioned policy sections with revision histories.,2
17700,2685,Sentences that provide concrete contact channels (such as email or postal addresses) for addressing privacy-related inquiries are classified as methods to exercise rights because they offer a procedural path for individuals to act on those rights.,3
17700,992,"A sentence offering a direct, actionable way to address issues or requests falls under the label for methods to exercise rights.",4
17709,236,A sentence that articulates a statutory or regulatory right for individuals to obtain details about the disclosure of their personal information to third parties constitutes a description of a right to know about such sharing or selling.,21
17709,401,A heading that signals content about third-party data practices is labeled as a disclosure of the right to know about selling or sharing personal information when it introduces details of external data collection and sharing.,3
17710,1327,A sentence that provides a specific action or instruction for how an individual can exercise a data privacy right is classified as a method for exercising that right.,9
1772,2064,"A sentence that outlines when an organization will delete personal information while stating explicit exceptions tied to legally permitted purposes is characterizing the scope of a deletion right, thereby describing that right.",2
1772,2410,"A sentence that justifies retaining information for lawful purposes compatible with the original context reflects a standard statutory carve-out to deletion requirements, thereby contributing to the explanation of the deletion right.",2
1778,2322,A sentence that instructs an individual on a specific action they can take to invoke a privacy right (such as calling a phone number) constitutes a method for exercising that right.,2
17835,5945,Statements that describe procedures or tools for users to change or update their own personal data are classified as explanations of the right to correct information.,2
1787,5209,"The presence of the phrase 'categories of third parties' signals that the text is specifying recipients of shared or sold data, which is a core element of right-to-know privacy notices.",2
1787,9,"The label corresponds to the information being characterized as potentially sold or shared; enumerating those categories is the defining feature that separates this from related disclosures about limitations, recipients, or transfers.",2
17875,7671,"When a sentence appears directly after a declaration that a policy has been updated, it typically serves to direct users to the specifics of the change.",2
17875,991,A sentence that references a revised policy and specifies how its updated version will be made visible to users signals that the content is an update notice.,4
17914,548,"Any sentence that describes an event where collected personal information will be handed over to another party, such as in a merger or bankruptcy, is a clear instance of sharing/disclosure because it alerts users to a transfer of their data to entities beyond the original service provider.",2
17914,821,"A sentence describing the transfer of personal information to a successor entity during a merger, acquisition, or sale of assets is classified under categories of personal information sold because such corporate transactions are treated as a commercial transfer or disclosure of personal data.",11
17942,165,"A sentence that explicitly describes how users will be informed of revisions to a policy indicates the policy is subject to change, which supports the 'Updated Privacy Policy' label.",26
17942,931,A sentence instructing users to periodically check a source for policy modifications is categorized as part of an updated policy notice because it directs attention to prospective revisions.,3
1795,1114,A sentence that specifies an exception or condition under which the right to delete does not apply contributes to describing the right to delete by defining its boundaries.,2
1795,3140,"A statement that clarifies what happens when a user exercises a deletion right, including circumstances where data is still kept, is part of explaining that right.",2
1795,3901,"If the sentence explicitly references the permanence or limitations of a deletion request through statutory or compliance exceptions, it serves to explain the practical application of the deletion right.",3
1795,510,"A sentence that provides illustrative examples of permissible retention after a deletion request is used to educate users about the scope of the deletion right, making it a component of the right's description.",3
18043,259,A sentence that explicitly states a user may request deletion of their personal data is classified as a description of the right to delete.,31
18043,871,"A sentence that explicitly names a right (e.g., 'Right to Delete') and states that the user may request a specific action (deletion) is a direct description of that right.",5
18046,1787,A sentence that explicitly states an entity will not treat someone adversely for taking a protected action is a direct description of a non-discrimination right.,8
18071,1290,A sentence that explicitly names a specific data privacy right and explains who holds that right is classified as a description of that right.,22
18075,165,"A sentence that explicitly describes how users will be informed of revisions to a policy indicates the policy is subject to change, which supports the 'Updated Privacy Policy' label.",26
18075,3093,"A statement indicating how future modifications to a policy will be communicated to users is characteristic of an updated privacy policy, as it addresses the revision process.",5
1809,1125,A sentence that explicitly states a business purpose for which personal information is used supports the disclosure of the categories and purposes required by a consumer's right to know about collected personal information.,5
1809,698,"A purpose statement that explains why personal information is gathered is categorized under the right to know, as it informs the consumer of the use of their data.",2
18133,1436,A sentence that explicitly affirms the user's ability to make a choice regarding the sale of their personal information is a description of the right to opt out.,24
18133,1975,A sentence that names a specific consumer right and states that a particular law provides that right to a defined group of individuals is a direct description of that right.,2
18135,2368,A sentence that introduces a formal legal term for a right and then provides a plain-language explanation of what that right allows is typically categorized as a description of that specific right.,2
18135,773,"When a statement defines a right by prohibiting adverse treatment in response to exercising other rights, it describes the right to non-discrimination.",4
18146,1614,"A sentence that enumerates specific user activities or events triggering data collection is typically classified as stating the categories of personal information collected, since it defines what data is gathered under what circumstances.",2
18146,3697,Statements that explicitly identify sources from which personal information is obtained are labeled as categories of personal information collected because they specify the origins of the data acquisition process.,6
18183,1963,"When a sentence pairs the name of a consumer privacy right (e.g., “Right to Know”) with the concrete data elements to be provided, it serves to explain what that right entails.",3
18183,1974,A sentence that explicitly names a specific privacy statute and states the right it grants to consumers is typically categorized as describing a statutory right to know or access personal information.,5
1820,259,A sentence that explicitly states a user may request deletion of their personal data is classified as a description of the right to delete.,31
1820,3964,Sentences that articulate a user's control over the erasure of their personal information are classified under descriptions of the right to delete.,4
1821,1545,A sentence that enumerates grounds for retaining or using data after a deletion request is an integral part of explaining the right to delete because it clarifies when the right does not apply.,2
1821,3521,"Explanations of how a company will handle data in the context of honoring a deletion request count as describing the right to delete, even when they outline exceptions or retention policies.",2
1821,510,"A sentence that provides illustrative examples of permissible retention after a deletion request is used to educate users about the scope of the deletion right, making it a component of the right's description.",3
1821,580,"Sentences that provide reasons for refusing a deletion request are part of the description of the right to delete, as they outline the limitations on that right.",10
18268,433,"The label 'Categories of Personal Information Sold' applies to sentences that enumerate distinct types of personal data a business may handle, regardless of whether the sentence explicitly mentions selling, because the label classifies the data type itself.",12
18308,1426,A sentence that explains the practical steps a consumer must take to fully effectuate an opt-out right constitutes a description of that right.,2
18308,2330,"A sentence that instructs consumers on how to exercise an opt-out choice by providing specific websites or mechanisms is classified as a description of that opt-out right, since it explains the practical means of exercising the right.",2
18308,3779,"Directing the reader to specific opt-out pages indicates that the sentence is providing a concrete method for exercising a right, which characterizes it as a description of an opt-out right.",2
18347,259,A sentence that explicitly states a user may request deletion of their personal data is classified as a description of the right to delete.,31
18347,4815,"The presence of the phrase 'You have the right to' signals that the sentence is formally articulating a legal entitlement, which is characteristic of a rights description.",9
18363,567,"Any statement that explicitly informs users about the collection or use of personal data for targeted advertising falls within the scope of categories of personal information shared or disclosed, because it addresses a named type of data flow.",2
18367,1256,A sentence that explicitly promises not to discriminate against consumers for exercising their privacy rights directly states and thereby describes the right to non-discrimination.,21
18367,1593,"A sentence that enumerates specific prohibited actions (such as denying goods, charging different prices, or offering different quality) serves to concretely define the scope of a non-discrimination right.",12
18381,1577,"A sentence that introduces a list of specific data fields or examples (such as names, addresses, or device IDs) is characteristically classified as enumerating categories of personal information collected.",4
18462,500,An explicit statement denying any sale of personal data in a particular context still constitutes a disclosure about the sale of personal information and thus belongs to the section on categories of personal data sold.,3
18469,7457,"When a phrase includes terms like 'right to be informed,' the sentence directly addresses the obligation to disclose what personal information is collected, fitting a category for describing such a right.",2
18477,200,"A description of a consumer's right to opt out of the sale of personal information characteristically states that the consumer can direct the company to stop using or processing their data, since preventing the use of the data is the essential mechanism for preventing its sale.",3
18477,3238,"A statement that grants the data subject an unconditional power to halt data usage, without reference to specific legal grounds like a legitimate interest or direct marketing, is typically classified as a description of an opt-out right because opt-out provisions are generally framed as broad, direct permissions.",2
18480,1787,A sentence that explicitly states an entity will not treat someone adversely for taking a protected action is a direct description of a non-discrimination right.,8
18480,4065,"If a sentence explicitly names a right and then restates it in more precise terms referencing statutory protections, it is presenting the right's definition and therefore carries a descriptive label.",2
18480,6280,The presence of a heading such as 'Non-Discrimination' preceding a statement signals that the text describes that specific right.,3
18483,2021,A sentence that explicitly names a user right in its heading and then states the condition under which the right applies is classified as a description of that right.,3
18486,873,A sentence that explicitly states a policy will be revised and a new version will be made available indicates that the policy is subject to updates.,10
18488,2336,A sentence that instructs readers to periodically check the document itself for changes signals that the policy's content is subject to future revision.,2
18542,1108,A sentence that functions as a section heading and introduces a list of specific data-processing or data-sharing activities is often classified as a category of personal information sold.,2
18562,314,"A disclosure that explains future or contingent sharing of personal information with outside parties for transaction completion falls under sold categories, as it reflects a potential commercial transfer of data.",3
18562,954,"A sentence that enumerates types or sources of personal information (such as applications, preferences, transactions, or third-party data) following an introductory statement about 'sale' or 'sharing' under a privacy law is labeled as a category of personal information sold.",5
18563,1782,"A sentence that explicitly addresses whether personal data is sold to third parties, such as by posing a direct question and providing an answer about sale, belongs to a disclosure category pertaining to sold personal information categories.",4
18563,3854,Even a negative declaration about selling data still falls under the category of information about sales when it is presented as the response to a specific inquiry about sold data categories.,2
18563,632,"A privacy disclosure that explicitly denies selling, trading, or exchanging personal information is still classified under the category addressing the sale of personal information because it directly states the company's practice regarding such transfers.",2
18563,959,"A sentence that explicitly denies selling or sharing personal data for monetary or other valuable consideration directly addresses the question of which categories of personal information are sold, so it is labeled as information about categories sold even when the denial presents an absence for a specific context.",4
18564,1782,"A sentence that explicitly addresses whether personal data is sold to third parties, such as by posing a direct question and providing an answer about sale, belongs to a disclosure category pertaining to sold personal information categories.",4
18564,1823,"A sentence that explicitly defines a key statutory term, such as 'sell,' and distinguishes its meaning from common usage, serves to clarify the scope of a privacy right and thus functions as a description of that right.",2
18564,500,An explicit statement denying any sale of personal data in a particular context still constitutes a disclosure about the sale of personal information and thus belongs to the section on categories of personal data sold.,3
18576,1256,A sentence that explicitly promises not to discriminate against consumers for exercising their privacy rights directly states and thereby describes the right to non-discrimination.,21
18576,2053,"When a sentence directly affirms that exercising one's privacy rights will not lead to discriminatory treatment, it functions as a statement of the non-discrimination guarantee.",4
18606,3454,The label 'Updated Privacy Policy' is appropriate for a sentence that serves as a temporal marker distinguishing the current version from prior ones; such markers are typically bare dates with no additional contextual prose.,4
1863,1150,A sentence that explicitly names a consumer privacy right in its heading and then elaborates on what that right allows the consumer to do is classified as a description of that right.,41
1863,219,A description of a right typically includes the scope (personal data collected or maintained) and any limiting conditions (exceptions permitted by law) to qualify the entitlement.,5
1863,5001,Mentioning that the right is subject to conditions or exceptions indicates that the sentence is outlining the parameters of the right rather than merely announcing it.,2
1864,1509,"A sentence that enumerates specific lawful bases for retaining personal information, framed as exceptions to a data deletion request, functions as a description of the deletion right because it clarifies the right's scope and limitations.",2
1864,510,"A sentence that provides illustrative examples of permissible retention after a deletion request is used to educate users about the scope of the deletion right, making it a component of the right's description.",3
1864,603,A passage that presents a set of conditions allowing retention is characteristic of a 'Description of Right to Delete' because such descriptions typically must inform consumers about statutory exceptions to the right.,2
1865,1408,A sentence that explicitly grants an individual the right to rectify or correct inaccurate personal data is characteristically a description of the right to correct information.,5
1865,5001,Mentioning that the right is subject to conditions or exceptions indicates that the sentence is outlining the parameters of the right rather than merely announcing it.,2
1865,7089,"When a sentence uses phrasing like 'you have the right to...' and then specifies an action the data subject may request, it functions as an informative disclosure of a legal or policy-based correction option.",2
1866,1109,A sentence that states a right has limitations or exceptions is still a description of that right because it qualifies the scope of the right.,11
1868,1150,A sentence that explicitly names a consumer privacy right in its heading and then elaborates on what that right allows the consumer to do is classified as a description of that right.,41
1868,5372,"Referencing a specific legal framework, such as a state civil code or privacy statute, serves as a marker that the sentence is formally defining a consumer privacy entitlement rather than merely stating a policy.",2
18692,1290,A sentence that explicitly names a specific data privacy right and explains who holds that right is classified as a description of that right.,22
18692,246,"A right's description typically defines who holds the right, against whom it is exercisable, and what action may be demanded.",3
18700,2126,"A sentence that explicitly states the policy may be changed or revised signals that the policy is subject to updates, which is a core characteristic of an 'Updated Privacy Policy' label.",4
18700,645,A privacy policy provision that explicitly states the policy may be revised or updated over time is typically categorized as an update notice for that policy.,6
18701,1380,"When a sentence explains the mechanism for identifying a revised policy and when the revision takes effect, it serves to inform users about updates to the document.",3
18701,3045,"A statement declaring that modifications take effect upon publication informs readers that the new version is immediately applicable, a common trait of updated policy notices.",2
18701,5760,"When a policy document includes a section about how changes are posted and refers to a version date, a sentence providing that exact date functions as the formal notification of an update.",3
18711,6794,"When a disclosure uses unrestricted language such as ""we may process your data"" and does not explicitly exclude transfers to third parties, it is read as covering all possible downstream uses, including the sale of the personal information.",2
18812,2070,"A sentence that explicitly states a right to modify or change a policy signals that the policy is subject to future updates, which is a hallmark of an 'Updated Privacy Policy' label.",7
18812,5,"When a sentence's main purpose is to announce or introduce the act of changing a privacy policy, it is categorized as an updated privacy policy.",4
18812,6304,The inclusion of a section heading that signals changes to the policy indicates the content belongs to a revision notice rather than to the operative terms.,2
18844,1591,A sentence that enumerates specific procedural actions or requirements for invoking a legal right is classified as describing methods to exercise rights.,2
18883,2071,"A sentence that explicitly reserves the right to modify or update a policy at any time, without prior notice, describes the update mechanism and is therefore labeled as an instance of a policy update.",3
18883,6565,The presence of a heading or phrase indicating modifications to the policy signals that the content pertains to policy updates.,6
18900,2001,A statement that explicitly names a particular right and frames it as a prohibition against negative treatment arising from the exercise of other listed rights is characteristically a description of that anti-discrimination right.,4
18900,741,"For a sentence to be labeled as describing a right to non-discrimination on exercising rights, it must explicitly or implicitly address both the act of exercising a right and the accompanying protection from discriminatory treatment.",5
18924,1021,"When a sentence pairs a titled heading ('Right to Opt Out') with a clarifying clause about when that right applies, it functions as an explanatory description of that right.",2
18924,1146,Sentences phrased as entitlements using second-person language ('you have the right') are generally categorized as descriptions of the corresponding rights.,3
18924,1436,A sentence that explicitly affirms the user's ability to make a choice regarding the sale of their personal information is a description of the right to opt out.,24
19064,4141,"If the sentence explicitly names the specific statute (e.g., CCPA) and ties the action to rights granted under that statute, it serves to inform the consumer of a protected entitlement, matching the label for that entitlement's description.",2
19064,779,A sentence that explicitly states that the exercise of other enumerated rights is protected from discriminatory treatment is directly describing a right to non-discrimination.,7
19078,2060,A sentence that explicitly references a specific consumer privacy statute and states it is providing a summary of collected personal information functions as a description of the consumer's right to know what information is collected.,2
19147,1139,A sentence that explicitly names a specific data subject right and frames it as the individual's entitlement is typically classified as a description of that right.,3
19147,3753,"Descriptive sentences about a privacy right typically reference the right itself directly rather than the conditions, exceptions, or mechanisms for exercising it.",2
19179,1119,"When a sentence introduces or names a user entitlement to learn about collected personal information, it is appropriately labeled as a description of the right to know about collected personal data.",8
19179,222,"A description of a right focuses on the user's power to constrain a business's actions, distinguishing it from statements of the business's own current practices.",2
19179,7854,"When a sentence enumerates the details of a disclosure right, such as the type of data involved and the recipients, it functions as a descriptive statement of the right rather than a procedural or enforcement rule.",2
19265,662,A privacy statement that explicitly names the types of recipients (such as service providers or affiliated entities) and the specific purposes served by sharing personal information is characteristically labeled as describing the categories of personal information shared or disclosed.,2
1934,808,A sentence that tells individuals how to initiate a privacy request by specifying a contact channel (such as an email address) is labeled as a method for exercising rights.,9
19415,1626,"A sentence that outlines exceptions or limitations to a data privacy right is still classified as describing that right, because it specifies the scope and boundaries of the entitlement.",2
19515,1782,"A sentence that explicitly addresses whether personal data is sold to third parties, such as by posing a direct question and providing an answer about sale, belongs to a disclosure category pertaining to sold personal information categories.",4
19515,2044,"The explicit phrase 'selling personal information' is a strong lexical cue that the sentence concerns the sale of personal data, which is the substantive topic captured by the 'Categories of Personal Information Sold' label, even when the sentence explains rationale rather than listing specific data types.",2
19515,5231,"When a privacy policy separately admits to having sold personal information, a sentence enumerating the business purposes for which data is handled is interpreted as delineating the scope and categories of information that the sale covers.",2
19518,2057,"A sentence that explicitly references the date when a policy was last revised indicates that the document has a versioned update history, which is a core marker of an updated policy.",3
19518,3909,"Explaining the placement of an effective date signals that the policy undergoes revisions and that users can track when the latest changes take effect, a typical component of update-related privacy notices.",2
19518,6661,"The presence of a specific past revision date in a sentence signals that the policy has undergone at least one change, aligning the sentence with the 'Updated Privacy Policy' category.",2
19522,1150,A sentence that explicitly names a consumer privacy right in its heading and then elaborates on what that right allows the consumer to do is classified as a description of that right.,41
19522,4741,"When a sentence employs the exact statutory phrase for a right, such as 'Right to Limit', alongside references to 'Sensitive Personal Information', it directly signals that the text is characterizing that particular right.",4
19522,7155,"When a sentence uses the possessive form (e.g., 'your') to frame an entitlement, it signals that the right belongs to the data subject, which is characteristic of a rights description.",2
19530,2086,Sentences that explicitly state that a data subject holds an entitlement to request a specific action regarding their personal information are labeled as descriptions of that right.,5
19559,2862,"A sentence that states that a data subject may have certain rights regarding the processing of their personal data, without enumerating them, typically introduces a broader disclosure that is categorized as describing the right to know what personal information is collected.",2
19606,1434,A sentence that names a specific right and is immediately followed by an explanation of that right functions as a description of the right.,4
19610,219,A description of a right typically includes the scope (personal data collected or maintained) and any limiting conditions (exceptions permitted by law) to qualify the entitlement.,5
19610,871,"A sentence that explicitly names a right (e.g., 'Right to Delete') and states that the user may request a specific action (deletion) is a direct description of that right.",5
19613,2053,"When a sentence directly affirms that exercising one's privacy rights will not lead to discriminatory treatment, it functions as a statement of the non-discrimination guarantee.",4
19692,1632,A sentence that specifies the various channels or sources through which personal information is gathered belongs to the category describing the categories or origins of collected data.,4
19721,1139,A sentence that explicitly names a specific data subject right and frames it as the individual's entitlement is typically classified as a description of that right.,3
19721,5012,Sentences that pair the handling of inaccurate personal information with authoritative legal references are commonly recognized as descriptions of the right to have such inaccuracies corrected.,2
19724,230,"A description of a right that emphasizes user control over certain data types is conventionally labeled as a description of a right to limit the use of personal information, distinguishing it from rights about access, correction, or deletion.",2
19724,242,"A description of a right to limit use typically clarifies that the information will not be used beyond the purpose for which it was provided, emphasizing user control over their data.",3
19725,3720,Descriptions of rights frequently incorporate clarifications or limitations that specify when the right may not apply or what consequences may legally follow from its exercise.,2
19725,963,A sentence that explicitly names the right and then defines its protection qualifies as a description of that right.,3
19755,5540,"Sentences that provide actionable, step-by-step instructions for disabling tracking, resetting identifiers, or otherwise limiting data collection describe concrete mechanisms users can employ to exercise their privacy rights.",2
19805,7588,"When a privacy policy segment focuses on how collected information is used to tailor features or content, it directly addresses the consumer's entitlement to know the specific pieces of personal information gathered, thereby matching that disclosure category.",2
19805,812,"A sentence that explicitly enumerates distinct categories of personal data—such as commercial information, identifiers, usage data, geolocation, and inferences—and states they are shared with third parties signals disclosure of the specific types of information encompassed by a sale/disclosure label.",3
19828,1371,"In privacy policies subject to data-sale disclosure obligations, the 'categories sold' section commonly co-locates the types of personal data with the business purposes that justify their transfer, so a listing of such purposes embedded within a passage about being sold is treated as part of the categories-sold disclosure.",5
19828,1518,"A sentence that enumerates categories of personal information in a privacy policy, following an explicit acknowledgement that such data has been sold, is naturally categorized as describing the types of data sold.",2
19940,1955,"A sentence that explicitly mentions the 'most up-to-date version' of a policy indicates that the policy is versioned and can be revised, which is a defining feature of an updated privacy policy.",2
19940,3335,"A statement that tells readers how to access the latest versions of a policy indicates the document maintains a record of amendments, which is the defining feature of an updated-privacy-policy section.",3
19941,730,"Language describing repeated future updates and their corresponding public announcements reflects a policy that is designed to be continuously revised, which is characteristic of an updated privacy policy clause.",3
19954,1436,A sentence that explicitly affirms the user's ability to make a choice regarding the sale of their personal information is a description of the right to opt out.,24
19955,1290,A sentence that explicitly names a specific data privacy right and explains who holds that right is classified as a description of that right.,22
19955,4741,"When a sentence employs the exact statutory phrase for a right, such as 'Right to Limit', alongside references to 'Sensitive Personal Information', it directly signals that the text is characterizing that particular right.",4
19955,901,A sentence framed as an entitlement that empowers a data subject to impose constraints on how businesses handle and share their sensitive data functions as a description of the limit-use right.,2
19956,956,A sentence is labeled as describing a 'Right to Limit' when it explicitly names a legal right and states that the user can restrict how their information is used or disclosed.,4
20,738,"A sentence appearing under a heading about access to personal information is typically interpreted as describing a data subject's rights, including correction.",2
20011,1522,"A sentence that enumerates the types of third-party recipients (e.g., marketing, advertising, payment providers) with whom information is shared, when appearing in a disclosure about sales, serves to specify the categories of personal information that may be sold.",6
20011,1560,"A sentence that enumerates specific categories of third-party recipients, particularly advertising partners and joint marketing partners, indicates that the disclosed personal information may be considered sold or shared under state privacy laws, since such disclosures often involve commercial data transactions.",7
20011,1934,"When the recipient types named alongside the enumerated categories overlap with those identified in a document's explicit statement that specified categories may be sold or shared, the sentence is understood to disclose categories sold.",3
20011,312,"A disclosure that enumerates specific data categories (like identifiers, commercial information, geolocation) and ties them to transfers to third parties is characteristic of a statement about the categories of personal information sold.",4
20011,6194,"The act of selling personal information to third parties is a form of disclosure or sharing, so a sentence detailing such sales with recipient categories and uses falls under the shared/disclosed categories label.",2
20011,6794,"When a disclosure uses unrestricted language such as ""we may process your data"" and does not explicitly exclude transfers to third parties, it is read as covering all possible downstream uses, including the sale of the personal information.",2
20019,4111,"Mentioning the categories of third parties to whom personal information may be sold or shared, in the context of commercial purposes, supports classification as a statement about categories of personal information sold.",2
20019,433,"The label 'Categories of Personal Information Sold' applies to sentences that enumerate distinct types of personal data a business may handle, regardless of whether the sentence explicitly mentions selling, because the label classifies the data type itself.",12
20019,5444,"Sentences describing the provision of personal data to external entities for marketing or product offerings imply that the data is being made available for monetary or other valuable consideration, aligning with definitions of selling personal information.",2
20019,881,A sentence is labeled as describing categories of personal information sold when it enumerates specific types of personal data that the entity states it sells or discloses to third parties.,7
20037,2330,"A sentence that instructs consumers on how to exercise an opt-out choice by providing specific websites or mechanisms is classified as a description of that opt-out right, since it explains the practical means of exercising the right.",2
20044,1636,A sentence that instructs consumers on specific procedures or channels for submitting privacy requests directly explains how to exercise their rights.,4
20048,1150,A sentence that explicitly names a consumer privacy right in its heading and then elaborates on what that right allows the consumer to do is classified as a description of that right.,41
20053,5552,"Statements that authorize disclosure under legal obligations describe a specific condition under which personal information is transferred to external parties, which falls under the scope of sharing or disclosure categories.",2
20053,561,"Any statement articulating the scope of third-party access—whether it affirms non-disclosure, lists permissible recipients, or specifies triggering circumstances—falls under the category of personal information shared or disclosed.",2
20075,1444,"A sentence that directly states a data subject's entitlement to request erasure of their personal information, while acknowledging legal qualifications, is characteristically labeled as describing the right to deletion.",4
20075,7016,"The sentence's function is to inform the data subject of an available action, and such declarative statements of entitlement are classified by the specific right they announce.",2
20076,2584,A sentence that outlines the concrete actions an organization will take when a user invokes a privacy right can be categorized as a description of that right.,2
20079,1847,A sentence that explicitly employs the verbs 'correct' or 'rectify' with reference to personal data characteristically describes the data subject's right to have inaccurate information amended.,10
20079,4585,The presence of the phrase 'you have the right to request' signals a declarative articulation of a statutory consumer privilege rather than a procedural or exceptional detail.,13
20079,962,A sentence that explicitly states an individual's entitlement to have inaccurate personal data amended or rectified is categorized as a description of the right to correct information.,15
20081,1154,A sentence that begins with the explicit phrasing 'You have the right to' and then states a specific action the data subject may take is characteristically a direct description of that corresponding right.,4
20081,1804,A sentence that states a consumer's entitlement to instruct a business to restrict processing of a specific data category directly constitutes a description of the right to limit the use of that personal information.,15
20082,2003,"A sentence that explicitly names a right followed by a prohibition, such as 'the right to not be discriminated against,' directly signals that the stated label is about the content of that protective guarantee.",3
20082,4822,The label 'Description of Right to Non-discrimination on exercising rights' applies when the sentence states that discrimination is prohibited specifically as a consequence of invoking other stated rights.,6
20082,779,A sentence that explicitly states that the exercise of other enumerated rights is protected from discriminatory treatment is directly describing a right to non-discrimination.,7
20130,1622,"A sentence that enumerates the categories of sources from which personal information is gathered directly informs consumers of the origins of their data, thereby fulfilling the disclosure obligation associated with the right to know about collected information.",3
20130,311,"A privacy disclosure that articulates the specific business purposes for which collected personal information will be used directly serves a consumer's right to know, as it clarifies the intended treatment of their data.",6
20130,5567,"Sentences that detail the types of information a consumer may request under a privacy law (e.g., collected categories, sources, purposes) are best labeled as a description of the right to access or know that collected information.",2
20132,237,"A description of a right to know typically specifies the scope of data that must be revealed, distinguishing it from a general statement of the right's existence.",3
20132,819,"When a sentence explicitly states a right to access or request information about how personal data is shared with third parties, it constitutes a description of the right to know about personal information sold or shared.",4
20150,1894,A sentence that grants individuals the ability to restrict or object to how their personal information is processed articulates a data subject's right to limit use.,13
20152,1729,A sentence that explains the consequences of the user exercising a privacy choice is classified under the right to limit the use of personal information.,2
20152,1731,A sentence that states what will happen to personal information after a user takes a control action describes the effect and scope of that privacy right.,2
20152,4354,"In data-protection documents, any clause that frames a restriction as available to the individual qualifies as detailing a right to limit how personal information is used.",2
20168,26,"In a privacy disclosure, a clause that lists the types of external parties to whom personal information is disclosed for operational reasons is a necessary part of informing consumers about data sharing, which falls under the right-to-know label.",3
20168,4922,"Mentioning 'disclose' and 'outside parties' directly signals the transfer or sharing of personal information, which is a core element of the right to know about PI sold or shared.",2
20168,825,A statement that explicitly grants a data subject the right to receive information about any sharing or selling of their personal information to third parties constitutes a description of the right to know about such transfers.,8
20174,7588,"When a privacy policy segment focuses on how collected information is used to tailor features or content, it directly addresses the consumer's entitlement to know the specific pieces of personal information gathered, thereby matching that disclosure category.",2
20208,551,A sentence that explicitly states that an individual may request correction of inaccurate data directly describes the right to correct information.,27
20224,551,A sentence that explicitly states that an individual may request correction of inaccurate data directly describes the right to correct information.,27
20224,5708,The use of action verbs such as 'correct' or 'update' in direct relation to personal data signals a focus on the user's correction rights.,7
20452,259,A sentence that explicitly states a user may request deletion of their personal data is classified as a description of the right to delete.,31
20452,3654,Describing when a data subject may require removal of personal data—such as when it is unnecessary or consent is withdrawn—is an explanation of the right to delete.,2
20452,7472,"When a policy explicitly mentions legal compliance as a reason for retaining data after deletion, that statement outlines conditions under which the right to erasure may not be fully honored.",2
20455,8099,"When a sentence lays out detailed circumstances or triggers under which a data subject may suspend or constrain how their personal information is handled, it functions as an explanation of a limitation right rather than a statement of other privacy protections.",2
20458,1217,A sentence that explicitly grants users the ability to object to or opt out of a specified use of their personal data constitutes a description of a right to limit use of personal information.,12
20549,1392,A sentence that enumerates specific purposes for which data is used implicitly identifies the categories of personal information that must be collected to fulfill those purposes.,6
20607,878,"A sentence is labeled as describing categories of personal information collected when it explicitly names the types of data gathered (e.g., browsing history, device usage, network details) even if not directly identifying an individual.",5
2063,1749,A sentence that explains the procedural steps a data controller will follow when an individual exercises a stated privacy right is a description of that right.,4
20660,1789,A sentence that explicitly states a consumer's ability to prohibit the sale of their personal information directly expresses the right to opt out of such sale.,11
20660,4815,"The presence of the phrase 'You have the right to' signals that the sentence is formally articulating a legal entitlement, which is characteristic of a rights description.",9
20660,6919,"When a heading or phrase is immediately followed by a clause that explains the right to opt out of the sale of personal information, the heading serves as a description of that same opt-out right.",2
20664,767,"A sentence containing phrasing such as 'you have the right to request that we limit the use of' directly signals a restriction or limitation on how personal information is processed, which maps to a right-to-limit-use description.",2
20664,99,"A clause that specifies the scope of the limitation—here, 'sensitive personal information'—strengthens the match to a description of limiting use, since the sentence defines both the right and its target data category.",2
20669,2154,A statement that explicitly affirms that consumers will not face discriminatory treatment for exercising their privacy rights directly conveys the existence and scope of a non-discrimination right.,4
2071,1826,"A sentence that explicitly denies engaging in a particular data practice still falls under the category that names that practice, because it directly addresses the subject matter of that category.",2
2071,318,"A statement of non-disclosure or non-sale is a form of disclosure about the category, as it informs the reader about the organization's handling of that category.",2
20735,1392,A sentence that enumerates specific purposes for which data is used implicitly identifies the categories of personal information that must be collected to fulfill those purposes.,6
20735,420,A label for a 'Description of Right to Know PI Collected' applies when the sentence explicitly grants an individual the ability to obtain an accounting of their collected personal information and its flow.,8
20741,3940,Explicitly naming contracted partners or third-party entities as recipients of personal information signals that the disclosure covers categories of data transferred to outside organizations.,2
20744,1471,"A sentence that discloses the specific business purposes or data-handling contexts in which personal information is involved falls under the category of describing the Right to Know PI sold or shared, because it informs the data subject about analytical uses of their information.",2
20744,1514,"A sentence that enumerates categories of activities tied to processing personal information for operational or commercial reasons, without focusing on consumer rights or security measures, is properly labeled as a description of the Right to Know PI sold or shared.",2
20750,2308,"A sentence that restricts third parties from using personal information beyond a specified purpose indicates the entity retains control over how shared data is used, which relates to disclosures about data sharing practices.",2
20752,1113,A sentence that explicitly states the entity may sell or disclose collected information directly addresses the consumer's right to know about the sale or sharing of personal information.,6
20752,4655,"Using language that indicates the transfer of personal information for purposes beyond the company's own operations (such as marketing by others) signals that the sentence is informing consumers about data sharing or selling, a core component of the right to know.",2
20756,165,"A sentence that explicitly describes how users will be informed of revisions to a policy indicates the policy is subject to change, which supports the 'Updated Privacy Policy' label.",26
20756,365,"The presence of a heading or phrase such as 'CHANGES TO THE PRIVACY POLICY' directly indicates that the content addresses modifications, aligning with the label.",7
20758,1380,"When a sentence explains the mechanism for identifying a revised policy and when the revision takes effect, it serves to inform users about updates to the document.",3
20758,1795,"A sentence that explicitly states the policy may be revised in the future signals that the policy is subject to updates, warranting an 'Updated Privacy Policy' label.",5
20758,5442,"Sentences that explicitly state the right to modify a policy or notice at any time indicate that the document's terms are subject to future change, which is characteristic of an updated policy.",2
20758,5760,"When a policy document includes a section about how changes are posted and refers to a version date, a sentence providing that exact date functions as the formal notification of an update.",3
20758,5762,"Sentences that specify that changes become effective immediately upon posting are characteristic of the updated policy label, as they define the implementation of revisions.",2
20762,29,Provisions explaining how and when amended terms become binding on users are typical markers of policy-update content.,2
20781,1256,A sentence that explicitly promises not to discriminate against consumers for exercising their privacy rights directly states and thereby describes the right to non-discrimination.,21
20815,1150,A sentence that explicitly names a consumer privacy right in its heading and then elaborates on what that right allows the consumer to do is classified as a description of that right.,41
20815,937,"When a sentence contains the phrase 'opt out' in connection with ceasing the 'sale' of personal information and explains the consequence (no longer selling and instead suppressing data), it directly characterizes the right to opt out of a sale.",14
20817,1019,A sentence referencing a data privacy law and specifying that it enables individuals to obtain information about how their personal details were given to outside entities for marketing aligns with the classification of a right to know about personal information sold or shared.,2
20817,1181,A sentence that cites a specific legal statute and explains that it grants certain individuals the right to request information about how their personal data is shared with third parties directly describes a consumer right to know about that sharing or sale.,5
20817,3274,Statements that outline a statutory mechanism for consumers to inquire about a company's disclosure of personal data to external companies for commercial or promotional reasons indicate the label for a right to know about personal information being sold or shared.,3
20817,4069,"If a sentence frames the ability to ask about third-party marketing disclosures as a legal grant to certain residents, it is labeling that provision as a description of a right to know about the sale or sharing of personal information.",2
20817,428,"The label 'Description of Right to Know PI sold / shared' applies to sentences that articulate the circumstances under which personal information is collected and used, including the legal justifications that permit such sharing.",11
20847,224,"A description of a right includes the scope of the right, such as what information it covers and from whom it can be requested.",4
20847,949,"A sentence that functions as a section heading and names a specific consumer right is best labeled as a description of that right, since it identifies the right rather than explaining its conditions or exceptions.",4
20952,236,A sentence that articulates a statutory or regulatory right for individuals to obtain details about the disclosure of their personal information to third parties constitutes a description of a right to know about such sharing or selling.,21
20953,1637,"A sentence that enumerates the procedural steps the service will take upon receiving a verified deletion request, such as removing the data within a legally mandated timeframe, constitutes a description of the right to delete rather than merely a promise to honor it.",2
20953,259,A sentence that explicitly states a user may request deletion of their personal data is classified as a description of the right to delete.,31
20953,6803,"When the language frames the entitlement from the perspective of the consumer ('you have the right to request that we delete...') and then elaborates on what the business may or may not do, it is a canonical articulation of a rights description as seen in privacy policies.",2
21,551,A sentence that explicitly states that an individual may request correction of inaccurate data directly describes the right to correct information.,27
21,5708,The use of action verbs such as 'correct' or 'update' in direct relation to personal data signals a focus on the user's correction rights.,7
21008,1216,"When a sentence ties the prohibition of discrimination to the act of exercising other specified rights, it constitutes a description of the non-discrimination right in that context.",6
21008,1809,A sentence that explicitly states a right to be free from discrimination when exercising other rights is classified as a description of that right.,11
21008,5364,"The presence of a phrase referencing previously stated rights, such as 'rights listed above,' signals that the sentence describes a protective condition attached to the exercise of those rights.",2
21035,1860,A sentence that explicitly enumerates specific communication channels or submission procedures for users to invoke their privacy rights is categorized as detailing the methods to exercise those rights.,2
21078,1522,"A sentence that enumerates the types of third-party recipients (e.g., marketing, advertising, payment providers) with whom information is shared, when appearing in a disclosure about sales, serves to specify the categories of personal information that may be sold.",6
21078,433,"The label 'Categories of Personal Information Sold' applies to sentences that enumerate distinct types of personal data a business may handle, regardless of whether the sentence explicitly mentions selling, because the label classifies the data type itself.",12
21080,317,"A disclosure that explicitly mentions transferring information during a merger, acquisition, or sale of assets indicates the data may be sold to another entity, warranting classification under sale categories.",2
21080,6141,"Text that describes the disposition of data as an asset during corporate transactions signals that personal information may be exchanged as part of the deal, which falls under sale categories.",2
21080,6912,"The presence of terms such as 'disclose,' 'transferred,' and 'asset transfer' in a statement is a hallmark of text that identifies the categories of personal information subject to sharing or disclosure.",2
21089,1184,A sentence that cites a specific statutory provision and describes a legal entitlement granted to a defined class of individuals signals a description of a right to limit use of personal information.,2
21150,3454,The label 'Updated Privacy Policy' is appropriate for a sentence that serves as a temporal marker distinguishing the current version from prior ones; such markers are typically bare dates with no additional contextual prose.,4
21150,355,"The presence of a revision timestamp in the header of a policy document implies that the content has been modified or superseded, thereby marking it as an updated version.",3
21150,495,The inclusion of a 'Last updated' date at the top of a privacy policy signals that the document has a version history and reflects its most recent revision.,4
21150,761,A sentence that states an explicit effective or revision date using a phrase like 'Last updated' serves as the official marker of a policy's most recent modification.,13
21177,1230,"When the sentence links the non-discrimination guarantee to the exercise of other specified rights, it signals a right-to-non-discrimination statement.",5
21189,1387,"A sentence that prescribes the specific format, required content, or procedural steps for submitting a privacy-related request is classified as describing a method to exercise rights.",7
21189,2320,A sentence that instructs a data subject on what identifying details to include when submitting a formal privacy request is describing a method for exercising their rights.,3
21191,1436,A sentence that explicitly affirms the user's ability to make a choice regarding the sale of their personal information is a description of the right to opt out.,24
21254,2013,"A sentence that serves as a section heading and begins with the phrase 'Right to ...' followed by a specific legal entitlement is conventionally used to state or name that right, making it a description of the right itself rather than an implementation detail.",6
21254,4254,"Informing users that they are subject to another party's privacy policy is a way of describing the circumstances under which personal information may be collected, which is part of a right-to-know disclosure.",3
21255,2013,"A sentence that serves as a section heading and begins with the phrase 'Right to ...' followed by a specific legal entitlement is conventionally used to state or name that right, making it a description of the right itself rather than an implementation detail.",6
21255,420,A label for a 'Description of Right to Know PI Collected' applies when the sentence explicitly grants an individual the ability to obtain an accounting of their collected personal information and its flow.,8
21257,2066,"A sentence that explicitly references the privacy policy and appears within a group of statements enumerating the purposes of collection, categories of third parties, and specific pieces of personal information is classified as describing the consumer's right to know about the sale or sharing of that information.",2
21257,5482,"Sentences structured as a list of user entitlements, introduced by a phrase like 'The right to...', signal a description of a specific privacy right rather than a policy obligation or data practice.",4
21260,1116,"A sentence that articulates a specific data subject right using a noun phrase beginning with 'The right to' and that is listed among other data privacy rights is typically categorized as a description of a consumer right related to personal information, especially when the right concerns a processing activity that relies on collected data.",2
21263,260,"Text that lists lawful justifications for retaining personal data—such as legal obligations, research, or compatible internal uses—functions to define when the right to delete does not apply, thereby describing that right.",3
21263,261,"A description of the right to delete typically includes reference to personal information previously gathered and frames the individual's ability to compel its removal, as opposed to merely acknowledging a process.",4
21272,1549,"A sentence that enumerates specific prohibited acts of differential treatment (denying services, varying prices, or altering quality) characteristically serves as a description of a non-discrimination right.",11
21281,5043,"When a statement enumerates the categories of user attributes drawn from specific platforms, it serves to specify the types of personal information that are subject to transfer or disclosure",2
21360,1334,A sentence that explicitly states that the organization obtains or processes personal information in a specific context is categorized under the types of data collected when it names the data or its origin.,3
21360,3256,A statement that introduces a distinction between identifiable and non-identifiable data reflects the types of personal information the organization may handle.,2
21371,1699,A sentence that explains how certain data types are reclassified as personal information under specific legal or regulatory contexts serves to define and clarify the boundaries of what constitutes personal information in a privacy policy.,2
21371,3256,A statement that introduces a distinction between identifiable and non-identifiable data reflects the types of personal information the organization may handle.,2
21390,878,"A sentence is labeled as describing categories of personal information collected when it explicitly names the types of data gathered (e.g., browsing history, device usage, network details) even if not directly identifying an individual.",5
21396,3697,Statements that explicitly identify sources from which personal information is obtained are labeled as categories of personal information collected because they specify the origins of the data acquisition process.,6
21401,5536,"Sentences that describe an opt-out pathway for interest-based advertising are categorized as methods to exercise rights, as they inform users how to assert their privacy preference over the handling of their data.",2
21426,1217,A sentence that explicitly grants users the ability to object to or opt out of a specified use of their personal data constitutes a description of a right to limit use of personal information.,12
21426,7782,"When a sentence details how users can exercise control over their information in the context of data sales or similar commercial uses, it fulfills the requirement of explaining an opt-out right.",2
21472,808,A sentence that tells individuals how to initiate a privacy request by specifying a contact channel (such as an email address) is labeled as a method for exercising rights.,9
21488,2352,A sentence that instructs users on how to change their privacy preferences through a specific setting is categorized as a method for exercising rights.,2
21488,3741,Descriptions of user-initiated actions to limit the collection or sharing of data qualify as methods to exercise privacy rights.,2
2154,848,A sentence that enumerates specific statutory exceptions or conditions under which a deletion request may be refused is describing the scope and limitations of the right to delete.,17
2160,1196,"A sentence that explains the scope and conditions of a specific consumer privacy right, including permitted actions and the exceptions that limit it, functions as a description of that right.",5
21657,869,A sentence that explicitly names a right to opt out of the sale of personal information is a direct description of that right.,16
21657,937,"When a sentence contains the phrase 'opt out' in connection with ceasing the 'sale' of personal information and explains the consequence (no longer selling and instead suppressing data), it directly characterizes the right to opt out of a sale.",14
21658,1783,A sentence that explicitly addresses whether personal information is sold for monetary compensation directly pertains to the disclosure category of personal information sale.,2
21658,333,"A disclosure that states a negative fact about the sale of personal information still falls under the category of information about sold personal information, because it clarifies the absence of such sales.",2
21658,433,"The label 'Categories of Personal Information Sold' applies to sentences that enumerate distinct types of personal data a business may handle, regardless of whether the sentence explicitly mentions selling, because the label classifies the data type itself.",12
21658,7585,"When a privacy policy section is dedicated to consumer opt-out rights, sentences that mention the sale of personal information are typically mapped to the corresponding category of sold data.",3
21671,1608,A sentence that enumerates specific types of technical or device-related data is classified as listing categories of personal information when it appears within a disclosure of what data the organization gathers.,5
217,1952,The presence of the phrase 'opt out' together with 'Personal Data' directly aligns with the concept of the right to opt out of the sale of personal information.,3
217,2228,"A sentence that frames the user's control over data usage through choices is typically a description of a privacy right, such as the right to opt out of sale.",2
217,4253,"In a privacy policy, any sentence that frames the opt-out as a personal decision available to the user contributes to describing that right.",4
21727,7569,"When a sentence appears as a subsection label within a privacy-policy part that enumerates how collected data will be used, it functions as part of the description of the right to know the personal information collected and the reasons for its use.",2
21824,5407,The presence of a date of last modification in the same document reinforces that the policy is subject to revisions.,3
21831,937,"When a sentence contains the phrase 'opt out' in connection with ceasing the 'sale' of personal information and explains the consequence (no longer selling and instead suppressing data), it directly characterizes the right to opt out of a sale.",14
21831,941,"A sentence is classified as a description of a right when it predigests the right's core meaning (that consumers may correct incorrect data) rather than providing an example, condition, or exception.",2
21839,7425,"When a passage describes deriving inferences about consumer behavior or creating audience segments from demographics and actual or inferred interests, it indicates that such traits constitute categories of personal information.",2
21883,4533,Labeling as 'sold / shared' applies when the text identifies specific third parties or agencies that may receive personal information beyond the primary service context.,2
21883,6005,"Stating why the information was collected alongside with whom it was shared clarifies the nature of data transfers, a core element of a right-to-know disclosure for sold or shared personal information.",3
21883,7120,The use of permissive language like 'may disclose' combined with a range of commercial purposes signals that the sentence is informing consumers of their right to know about potential data transfers to third parties.,2
21888,1343,A sentence that explains a consumer's ability to opt out of or limit the use of personal information for advertising purposes is classified as a description of the right to limit use of personal information.,6
21927,1894,A sentence that grants individuals the ability to restrict or object to how their personal information is processed articulates a data subject's right to limit use.,13
21928,2254,A sentence that grants an individual the ability to suspend or constrain ongoing data processing under specified conditions is expressing a right to limit processing.,2
21938,1971,A sentence that explicitly names a data subject right and then elaborates on its scope by describing what the individual may request is classified as a description of that right.,7
21938,788,"A sentence describing the right to know about personal information collection and use is considered a description of the right to know about personal information sold or shared, as the right to know covers all such activities.",4
21959,1588,"A sentence that enumerates specific legal or regulatory compliance purposes for processing personal data indicates the categories of information an organization is required to collect, because each distinct obligation corresponds to particular data elements.",2
21959,2441,"A sentence that lists lawful bases under which personal data is processed clarifies which categories of personal information are involved, since the stated purpose determines the nature and scope of the data to be collected.",2
21959,579,A passage grouped under a heading about monitoring and legal compliance contributes to the enumeration of collected data categories whenever it names the kinds of personal data that could be provided in response to legal processes.,2
21964,1561,"A sentence that enumerates the categories of personal data a data subject may request (source, purposes, recipients, retention) describes the scope of the 'right to know/access' obligation.",4
21964,1648,A sentence that enumerates the specific data elements and processing details a data subject may access describes the right to know what personal information is collected and held about them.,2
21964,3761,"Detailing the categories, sources, purposes, recipients, and retention periods of data conveys the scope of transparency guarantees regarding collected personal information.",2
21966,2254,A sentence that grants an individual the ability to suspend or constrain ongoing data processing under specified conditions is expressing a right to limit processing.,2
21983,1495,A sentence that explicitly frames a consumer entitlement to obtain disclosure from a business of the personal information collected is classified under a right-to-know label.,4
21983,776,"A sentence describing access to categories, sources, purposes, or retention of personal data aligns with a 'right to know' description because those elements constitute the core information that such a right entitles a person to obtain.",2
22112,1460,"A sentence that instructs users on how to control their personal data through technical settings or tools (e.g., rejecting cookies, clearing storage) constitutes a method for exercising data privacy rights.",3
22115,523,"Phrases containing 'opt out' indicate a mechanism for users to restrict how their personal information is applied, which directly corresponds to a limitation-of-use right.",4
22115,556,A sentence that names a user-initiated action to stop a specific form of data processing (such as targeted advertising) describes a right to limit the use of personal information.,3
22115,7483,"When a policy statement details a pathway for ceasing specific types of data processing, it falls under a description of the right to limit the use of personal information.",2
22122,1343,A sentence that explains a consumer's ability to opt out of or limit the use of personal information for advertising purposes is classified as a description of the right to limit use of personal information.,6
22122,1729,A sentence that explains the consequences of the user exercising a privacy choice is classified under the right to limit the use of personal information.,2
22126,212,"A description of an opt-out right often includes caveats about how technical behaviors—like clearing cookies—affect whether the consumer's choice persists, thereby clarifying the right's conditions.",2
22126,214,"Detailing the scope of an opt-out right, including that it applies per browser and website rather than globally across all devices, is characteristic of a full description of that right.",3
22129,1343,A sentence that explains a consumer's ability to opt out of or limit the use of personal information for advertising purposes is classified as a description of the right to limit use of personal information.,6
22130,238,"A description of a right to limit use of personal information typically details the conditional or alternative handling of a request, making the consumer's control over data usage explicit.",5
22130,2688,A sentence that specifies a concrete mechanism or tool for users to exercise control over the processing of their personal data is classified as a description of the right to limit use of that data.,3
22130,3059,"A statement detailing the operational limits of an opt-out choice informs the user of the precise parameters of their data restriction, which is a defining feature of describing how a right to limit personal information usage is applied.",3
22130,416,"A label for 'Description of Right to Limit use of PI' is appropriate when the text explains how to prevent a particular type of processing, even if the means involves a third-party utility.",4
22132,1217,A sentence that explicitly grants users the ability to object to or opt out of a specified use of their personal data constitutes a description of a right to limit use of personal information.,12
22132,8250,"When a sentence references a recognized self-regulatory program for advertising opt-outs, it informs the user of a specific channel to restrict use of their personal data, consistent with a right-to-limit description.",2
22132,969,A sentence linking data collection to advertising purposes and tying that to a user's ability to restrict the practice is part of explaining the right to opt out of the sale of personal information.,2
22133,1744,"A sentence that explains the practical consequences of exercising an opt-out choice, such as continuing to receive non-personalized content, is a description of the right to limit use of personal information.",2
22133,5370,Referencing a recognized self-regulatory organization's opt-out tool indicates that the sentence informs users of a mechanism to restrict data processing.,2
22135,1457,A sentence that directs users to a platform where they can manage their advertising preferences constitutes a description of the right to limit use of personal information.,2
22135,2688,A sentence that specifies a concrete mechanism or tool for users to exercise control over the processing of their personal data is classified as a description of the right to limit use of that data.,3
22136,556,A sentence that names a user-initiated action to stop a specific form of data processing (such as targeted advertising) describes a right to limit the use of personal information.,3
22136,8250,"When a sentence references a recognized self-regulatory program for advertising opt-outs, it informs the user of a specific channel to restrict use of their personal data, consistent with a right-to-limit description.",2
22137,1457,A sentence that directs users to a platform where they can manage their advertising preferences constitutes a description of the right to limit use of personal information.,2
22138,1743,A sentence that serves as a heading or lead-in to further details about opt-out or limitation mechanisms is part of the description of the right to limit use of personal information.,2
22138,1830,"A sentence that explicitly names a consumer control over sensitive personal information, such as limiting its processing, is classified as describing the right to limit use of personal information.",4
22164,570,"Statements clarifying that information comes from both direct user input and from external parties (partners, service providers, and affiliates) are typical of disclosures outlining the categories of collected personal data.",4
22197,737,A sentence that enumerates specific circumstances or purposes under which personal data is shared with third parties directly supports labeling it as a category of information shared or disclosed.,9
22210,1655,"A sentence that enumerates the tasks or functions performed by third-party recipients of personal data serves to specify the business or commercial purpose behind the disclosure of that data, and is therefore classified as pertaining to the sharing/disclosure of personal information.",2
22210,7573,"When a privacy policy introduces a passage with a statement that categories of personal data are disclosed to certain third parties, then a bulleted list of the activities those third parties undertake in connection with that data constitutes an elaboration of the disclosed sharing arrangement rather than a separate topic.",2
22241,150,"A sentence that enumerates specific data categories and states a retention period for them is typically used to disclose which types of personal information an organization collects, making it a statement about the categories of information collected.",2
22315,321,"A disclosure that identifies both the organizational scope of sharing and external recipient categories (such as customers, partners, and service providers) describes the substantive data practice rather than merely reciting a legal right, which aligns with a right-to-know description.",2
22315,3359,"A structured list that pairs each category label with representative examples serves to communicate which types of personal data are processed, which is the defining feature of a 'Categories of Personal Information Collected' disclosure.",2
22315,4193,"In a disclosure of data-sharing practices, naming the exact types of personal data within a category is a way to inform readers precisely which of their details may be involved.",3
22315,7451,"When a passage systematically lays out which data elements are provided to which outside entities for defined commercial reasons, it is describing the categories of information shared or disclosed rather than a broader privacy statement.",2
22325,238,"A description of a right to limit use of personal information typically details the conditional or alternative handling of a request, making the consumer's control over data usage explicit.",5
22325,2490,A sentence that names a data subject right and then defines it in terms of constraining or placing conditions on processing activities serves as a description of the right to limit the use of personal data.,2
22325,7932,"When a sentence names a specific data-protection right and articulates how it applies (e.g., based on data nature and processing purpose), it serves to describe that right rather than to grant, limit, or procedurally implement it.",2
22327,263,"A description of the right to know typically frames the entitlement from the consumer's perspective using phrases like 'right to know about', indicating the user can request such information.",2
22327,6111,"Such sentences explicitly enumerate the processing activities covered (e.g., collect, use, disclose, sell, share) to fully define the scope of the right.",2
22330,1621,A sentence that explicitly lists the types of recipients to which personal data may be transferred or made available is classified under categories of information shared or disclosed.,4
22362,760,A sentence that explicitly states a revision date for a policy document serves as a marker indicating that the policy has been updated.,16
22394,245,"A description of a right to opt out of the sale of personal information often clarifies that exercising the right does not eliminate all related advertising, including interest-based ads, thereby setting expectations about the scope of the opt-out.",5
22401,1021,"When a sentence pairs a titled heading ('Right to Opt Out') with a clarifying clause about when that right applies, it functions as an explanatory description of that right.",2
22401,2346,Sentences that frame a disclosure of selling data as being subject to a user's ability to refuse or stop those sales are indicative of a description of the opt-out right.,3
22401,937,"When a sentence contains the phrase 'opt out' in connection with ceasing the 'sale' of personal information and explains the consequence (no longer selling and instead suppressing data), it directly characterizes the right to opt out of a sale.",14
22441,5370,Referencing a recognized self-regulatory organization's opt-out tool indicates that the sentence informs users of a mechanism to restrict data processing.,2
22441,5650,Sentences that outline concrete procedural steps or channels through which an individual can exercise a privacy choice are categorized as methods for exercising rights.,4
22452,1542,"A sentence that identifies a category of third-party recipients within a disclosure section, where the surrounding text establishes that personal information is transferred to such recipients, constitutes a category of personal information shared or disclosed.",8
22452,501,A sentence that explicitly states that personal information is shared with third parties and specifies the recipient's purpose directly communicates the categories of information being disclosed or shared.,8
22452,570,"Statements clarifying that information comes from both direct user input and from external parties (partners, service providers, and affiliates) are typical of disclosures outlining the categories of collected personal data.",4
22454,2123,"A sentence that explicitly states that personal information may be shared with third parties addresses the disclosure of sharing even when it does not list specific data fields, because referring to 'personal information' as a general category still falls under the scope of what is shared.",2
22454,8440,"When a statement describes the potential recipients of data (e.g., third parties) and the nature of the data involved, it directly addresses the scope of information sharing, which aligns with labeling categories of personal information shared or disclosed.",5
22491,4352,"In consumer privacy notices, a statement prohibiting discriminatory treatment as a consequence of asserting one's other rights is conventionally labeled a description of the right to non-discrimination on exercising rights.",2
22491,8588,"When a text segment pairs a heading naming a specific right with a clarifying phrase that restates its meaning, the segment is describing the scope and nature of that right.",2
22497,1812,A sentence that explicitly assures that exercising a privacy right will not lead to different service quality or pricing is a description of a non-discrimination right.,3
225,1974,A sentence that explicitly names a specific privacy statute and states the right it grants to consumers is typically categorized as describing a statutory right to know or access personal information.,5
22528,1805,A sentence that explicitly articulates a consumer's entitlement to request data removal directly corresponds to a label denoting a description of that deletion right.,3
2256,808,A sentence that tells individuals how to initiate a privacy request by specifying a contact channel (such as an email address) is labeled as a method for exercising rights.,9
22594,4568,Language about retaining information 'by law or otherwise' and deferring compliance until that retention requirement is fulfilled signals that the data at issue falls within the personal information categories collected and governed by the policy.,2
22595,879,When a sentence focuses on describing the breadth and nature of user data captured — such as online visits and device usage — it is providing categories of personal information rather than stating purposes or retention terms.,2
22691,1915,A sentence that explicitly includes a heading or label naming a consumer right immediately followed by a declarative explanation is typically a direct description of that right.,2
22691,259,A sentence that explicitly states a user may request deletion of their personal data is classified as a description of the right to delete.,31
22735,1387,"A sentence that prescribes the specific format, required content, or procedural steps for submitting a privacy-related request is classified as describing a method to exercise rights.",7
22735,3520,Content that explains identity-verification requirements tied to who makes a request and what is requested establishes the process for acting on privacy choices.,2
22756,1762,"A sentence that prescribes a specific procedure or channel (e.g., a form, email, or portal) for taking an action classified as a privacy right falls under the label for methods of exercising that right.",3
22756,952,"A sentence is labeled as a method for exercising rights when it specifies concrete procedural actions, such as submitting a form or contacting a designated address, that a user must take to invoke a privacy right.",5
22801,2045,"A sentence that explicitly states the organization does not process a designated category of personal information is describing a restriction on the use of that data, which constitutes a right-to-limit disclosure.",2
22820,1749,A sentence that explains the procedural steps a data controller will follow when an individual exercises a stated privacy right is a description of that right.,4
22820,3317,A statement that references a submission process for refusing a defined data practice constitutes a description of the corresponding right to opt out.,2
22890,433,"The label 'Categories of Personal Information Sold' applies to sentences that enumerate distinct types of personal data a business may handle, regardless of whether the sentence explicitly mentions selling, because the label classifies the data type itself.",12
22895,1941,A sentence that explicitly lists the categories of sources for collected personal information as something to be disclosed is a core element of a right-to-know provision.,2
22903,1774,A sentence that lists circumstances under which an organization may retain personal information despite a deletion request is defining the scope of the right to delete.,3
22903,3302,"The right to delete is typically framed by exceptions that allow retention for protective or legal activities, so sentences stating such exceptions belong to the right's description.",5
22903,580,"Sentences that provide reasons for refusing a deletion request are part of the description of the right to delete, as they outline the limitations on that right.",10
22904,1118,"A sentence that specifies exceptions or conditions under which an entity may decline to fully act on a consumer request serves to define the scope of that right, and is therefore part of its description.",2
22912,2002,"A sentence that explicitly names a specific right using the phrase 'Right to ...' directly identifies that right, making it a description of that right.",4
22912,2764,"When a sentence functions as a section heading and is immediately followed by content elaborating the mechanics of that right, it is typically labeled as the description of that right.",6
22912,4153,"If the sentence uses the exact terminology expected for the right (e.g., 'Correct Your Inaccurate Personal Information'), it unambiguously indicates that the labeled right is the subject matter.",2
22913,1895,A sentence that explicitly identifies a data subject's ability to request rectification of their information serves as a description of the right to correct data.,6
22913,5205,"Privacy notices commonly segment user rights into distinct categories, so a statement that names the 'Right to Know' and lists the data-use activities covered is a direct articulation of that specific right.",3
22914,2584,A sentence that outlines the concrete actions an organization will take when a user invokes a privacy right can be categorized as a description of that right.,2
22926,2547,"When a sentence links a protected activity (exercising privacy rights) to a safeguard against adverse or unequal treatment, it serves to characterize the corresponding non-discrimination protection.",3
22926,7133,Using prohibitive language such as 'will not discriminate' indicates the sentence is articulating a right rather than stating a policy condition or exception.,2
2294,1150,A sentence that explicitly names a consumer privacy right in its heading and then elaborates on what that right allows the consumer to do is classified as a description of that right.,41
2294,1804,A sentence that states a consumer's entitlement to instruct a business to restrict processing of a specific data category directly constitutes a description of the right to limit the use of that personal information.,15
2294,3283,"Describing both 'use' and 'disclosure' of information aligns with the scope of a limit-use right, as it covers internal processing and external sharing.",4
2294,3526,"When a sentence narrows the described right to a specific data category, such as sensitive personal information, it serves to define the scope of the right and thus functions as a description of that right.",11
2294,5106,The phrasing 'You may have the right to request' signals that the statement is articulating a user-facing right rather than a business obligation or procedural detail.,6
22942,1366,A sentence that describes procedural requirements or exemptions for submitting a data-related consumer request is classified under methods for exercising rights.,2
22944,365,"The presence of a heading or phrase such as 'CHANGES TO THE PRIVACY POLICY' directly indicates that the content addresses modifications, aligning with the label.",7
22944,385,A heading that explicitly names the subject of changes to a privacy notice signals that the document addresses revisions to its policy.,2
2299,1774,A sentence that lists circumstances under which an organization may retain personal information despite a deletion request is defining the scope of the right to delete.,3
2300,1732,"A sentence that explains the practical consequences or limitations that follow from exercising a stated privacy right is considered part of the description of that right, because the description is incomplete without noting downstream effects.",2
2300,4236,"In a privacy notice, any statement that specifies a condition under which a deletion request can be denied serves to clarify the boundaries of the offered deletion right, making it an inherent component of that right's description.",2
23014,2713,"A sentence whose text directly queries what information is shared signals that the surrounding content will disclose the categories of personal data transferred or sold, thereby satisfying the consumer's right to know.",2
23014,428,"The label 'Description of Right to Know PI sold / shared' applies to sentences that articulate the circumstances under which personal information is collected and used, including the legal justifications that permit such sharing.",11
23026,2142,"A sentence that references a specific, named tool or mechanism for opting out directly describes the exercise of the opt-out right.",2
23026,3317,A statement that references a submission process for refusing a defined data practice constitutes a description of the corresponding right to opt out.,2
23026,429,"The label 'Description of Right to Opt-out of sale of PI' applies to sentences that either state the right directly or plainly identify the subject matter of the opt-out, since such references form part of the disclosure required to make the statutory right effectively exercisable.",4
2309,1420,A sentence that details the specific categories of personal information a consumer may request regarding sales constitutes a description of the right to know.,7
2309,3258,A statement that introduces a topic about other websites and their data collection practices is treated as part of the right-to-know disclosure when it frames those practices as involving the user's personal information.,2
2309,4419,"Statements that detail the specific categories and pieces of personal information to be provided are characteristic of privacy notices that explain a consumer's right to know about collected, shared, or sold data.",9
2309,650,"A privacy policy sentence that explicitly states the purposes for which collected information is used directly informs users about the scope of data processing, thereby addressing the transparency requirement of the right to know about personal information collected.",2
23138,962,A sentence that explicitly states an individual's entitlement to have inaccurate personal data amended or rectified is categorized as a description of the right to correct information.,15
23200,1217,A sentence that explicitly grants users the ability to object to or opt out of a specified use of their personal data constitutes a description of a right to limit use of personal information.,12
23200,238,"A description of a right to limit use of personal information typically details the conditional or alternative handling of a request, making the consumer's control over data usage explicit.",5
23200,3703,Descriptions of legal or privacy rights often include legal-permission caveats and specific circumstantial examples to convey the full operational meaning of the right.,2
23201,1744,"A sentence that explains the practical consequences of exercising an opt-out choice, such as continuing to receive non-personalized content, is a description of the right to limit use of personal information.",2
23201,484,"An explanation that distinguishes between targeted and non-targeted advertising clarifies the practical outcome of the opt-out, which is essential guidance for exercising one's privacy rights.",2
23202,1123,"A sentence that articulates the scope or boundary of an opt-out mechanism, such as which specific devices or browsers it affects, serves to explain how a user can exercise control over their personal information, thereby describing the right to limit its use.",3
23202,1954,"A sentence that explicitly mentions the availability of 'choices' or 'options' regarding how personal information is used signals that the data subject retains control over the processing, which is a defining feature of a right to limit use of personal information.",2
23202,3059,"A statement detailing the operational limits of an opt-out choice informs the user of the precise parameters of their data restriction, which is a defining feature of describing how a right to limit personal information usage is applied.",3
23202,3096,A statement indicating that individuals can determine or impose limits on how their information is used or distributed reflects a privacy right that grants control over data utilization.,2
23204,1548,A sentence that enumerates personal data types in a structured list (using lettered or bulleted items) and directly follows language about what information was sold under a privacy statute is functioning as the disclosure of the categories sold.,2
23204,2473,"A sentence whose content consists solely of a list of data-category descriptors (identifiers, commercial information, geolocation data, inferences) is inherently about those categories, and the semantic role of the surrounding disclosure—selling data—determines that the list is specifically the categories sold.",2
23205,1868,A sentence that explicitly states that certain categories of personal information have been disclosed for business purposes directly matches a label denoting categories of personal information shared or disclosed.,5
23205,850,"When a sentence enumerates specific types of consumer data (e.g., identifiers, commercial information) while framing them as having been shared with third parties, it evidences a disclosure-of-categories classification.",3
23213,423,A label of 'Description of Right to Delete' applies when the text explains both that the right exists and the circumstances that qualify or restrict it.,6
23213,4302,"The inclusion of a qualifier such as 'subject to certain exceptions' indicates that the sentence is describing the scope and limitations of the right, not merely mentioning it.",7
23271,381,"When a heading explicitly names a type of information and uses the verb 'disclose', it signals that the subsequent content will enumerate the categories of that information's disclosure.",2
23271,7665,"When a sentence appears as a section title immediately before a structured list of data categories, the title inherits the semantic category of the list it organizes.",2
23276,8145,"When a sentence names a data type (e.g., 'geolocation data') that is commonly defined by a privacy statute like the CCPA, it is interpreted as belonging to the set of data categories that the statute governs under that heading.",2
23314,2341,"Sentences that instruct a reader on concrete, step-by-step actions (such as filing a specific request or ceasing certain behavior) to invoke a legal or privacy right are classified as methods for exercising that right.",3
23314,2701,"If a sentence explains the process by which an individual can invoke a privacy right, it is labeled as a method to exercise that right.",6
23314,434,A label indicating 'methods to exercise rights' applies when the sentence explicitly names the procedures or channels through which a user can act on an opt-out or deletion choice.,3
2336,7569,"When a sentence appears as a subsection label within a privacy-policy part that enumerates how collected data will be used, it functions as part of the description of the right to know the personal information collected and the reasons for its use.",2
23403,2293,"A statement that enumerates specific business transactions or events (e.g., merger, sale, reorganization) under which personal information would be passed to an outside party is appropriately labeled as referring to categories of shared or disclosed personal information, since it defines the conditions of data sharing.",2
23443,1572,"A sentence that enumerates specific contact methods (e.g., phone, email) for submitting a formal request is labeled as a method for exercising rights.",2
23476,1455,"A sentence that provides a concrete mechanism or channel for users to act on their data privacy preferences, such as a webpage or form, indicates methods to exercise rights.",2
23514,1549,"A sentence that enumerates specific prohibited acts of differential treatment (denying services, varying prices, or altering quality) characteristically serves as a description of a non-discrimination right.",11
23524,1381,Sentences that announce how future modifications to a policy will be communicated signal that the text belongs to an update or change-notification section.,4
23524,3093,"A statement indicating how future modifications to a policy will be communicated to users is characteristic of an updated privacy policy, as it addresses the revision process.",5
23524,3513,"Content that outlines notification procedures for significant changes directly addresses the process of revising a policy, which is the core of an update notice.",2
23540,1632,A sentence that specifies the various channels or sources through which personal information is gathered belongs to the category describing the categories or origins of collected data.,4
23559,5959,Statements that present the elements a consumer would need to understand how their personal information is gathered and used correspond to a description of the right to know collected personal information.,3
23560,825,A statement that explicitly grants a data subject the right to receive information about any sharing or selling of their personal information to third parties constitutes a description of the right to know about such transfers.,8
23562,786,A sentence that explicitly instructs or mandates the fixing of inaccuracies in information inherently describes the substantive content of a right to correct that information.,4
23586,5597,Sentences that enumerate the specific third-party sources or channels through which an organization obtains personal data are typically categorized under the types of information collected.,2
23586,879,When a sentence focuses on describing the breadth and nature of user data captured — such as online visits and device usage — it is providing categories of personal information rather than stating purposes or retention terms.,2
23593,1473,A sentence that discusses how long personal data is retained may be assigned to a category about collected information because retention periods are defined by the purposes for which the data was originally gathered.,2
23614,1460,"A sentence that instructs users on how to control their personal data through technical settings or tools (e.g., rejecting cookies, clearing storage) constitutes a method for exercising data privacy rights.",3
23614,3741,Descriptions of user-initiated actions to limit the collection or sharing of data qualify as methods to exercise privacy rights.,2
23653,1608,A sentence that enumerates specific types of technical or device-related data is classified as listing categories of personal information when it appears within a disclosure of what data the organization gathers.,5
23653,4375,"Information tied to a device's circumstances, such as where it is used, qualifies as personal information because it can be associated with an identifiable individual.",2
23653,7712,"When a sentence characterizes a dataset by naming its typical constituent elements, it informs data subjects about the categories of personal information that the controller gathers, fulfilling the purpose of a 'description of collected personal information'.",2
23730,2052,A sentence that explicitly promises not to treat a user differently in pricing or service terms based on their exercise of a data right is a direct articulation of a non-discrimination guarantee.,2
23730,6492,"The presence of a non-discrimination clause alongside disclosure and opt-out rights signals that the sentence is describing a privacy right granted by law, specifically the right to know about personal information that is sold or shared.",2
23733,165,"A sentence that explicitly describes how users will be informed of revisions to a policy indicates the policy is subject to change, which supports the 'Updated Privacy Policy' label.",26
23733,1800,"A sentence that explicitly states the policy may be modified and describes the mechanism for posting revised terms is classified as an update notice, because it directly addresses alterations to the document.",5
23791,4607,"When a sentence labels a type of disclosure as being for legal reasons, it signals that the disclosure is a recognized exception to prohibitions on selling or sharing PI, making it part of the comprehensive information consumers need about how their data is handled.",2
23791,5928,"When a statement explicitly enumerates the types of data involved (e.g., contact information, content interest, activity data, and any other information including Personal Data), it is functionally listing categories of personal information subject to sharing or disclosure.",6
23791,737,A sentence that enumerates specific circumstances or purposes under which personal data is shared with third parties directly supports labeling it as a category of information shared or disclosed.,9
23797,1869,A sentence that explicitly grants a consumer the right to request information about disclosures of personal information to third parties for marketing purposes falls under the category of describing a right to know about the sale or sharing of personal information.,7
23833,5232,Sentences formatted as declarative disclosures within a privacy-policy section that addresses selling or sharing of data are appropriately assigned to a category that itemizes categories of personal information sold.,2
23888,88,"When a privacy policy clause explicitly connects a type of transaction with the potential transfer of personal data, that clause belongs to a section categorizing the circumstances of information disclosure.",2
2393,2138,A sentence that explicitly states the purpose of describing what personal information is collected and from what sources directly serves the consumer's right to know about data collection practices.,2
2393,406,"A label concerning the categories of personal information collected applies to any sentence that identifies the kinds of personal data an organization handles, even when the sentence primarily describes an activity like inviting someone to research.",9
2394,1371,"In privacy policies subject to data-sale disclosure obligations, the 'categories sold' section commonly co-locates the types of personal data with the business purposes that justify their transfer, so a listing of such purposes embedded within a passage about being sold is treated as part of the categories-sold disclosure.",5
2394,2295,"The label for describing the right to know about personal information sold or shared applies when the sentence delineates categories of recipients and the business purposes behind the transfer, thereby enabling consumers to understand how their information is used outside the company.",6
2394,5220,"Privacy policies often express the right to know through section headings that explicitly mention disclosure and sale categories, so a heading following that pattern maps to this label.",2
23975,3123,"A statement that articulates a prohibition on using or disclosing personal information following the exercise of a user right, while acknowledging an exception for later consent, serves to describe that user's right to limit processing.",2
240,1926,A sentence that instructs users on specific actions to take to exercise their privacy rights is classified as describing methods to exercise rights.,11
2402,1644,A sentence that enumerates the specific categories of personal information sold or shared within a defined lookback period directly fulfills the disclosure requirement of the right to know about such transfers.,4
2402,1673,A sentence that explains a consumer's right to request details about the sale or disclosure of their personal information in the past 12 months falls under a description of the 'right to know' pertaining to sold or shared data.,2
24045,1519,A statement that appears within a section devoted to sales of personal information and that acknowledges the occurrence of sales is labeled under categories sold because the context signals that the disclosure pertains to the sale of consumer data.,4
24045,325,Disclosures covering both the purpose of a data transaction and the third-party categories involved are standard elements in explaining the scope of a consumer's right to know about sold or shared personal information.,8
24045,649,A sentence that specifies the applicable privacy policy for data collected by a third party through a company's interface directly addresses the consumer's right to know when their personal information is handled by other parties.,3
24064,852,"A sentence enumerating the categories of personal data collected, the sources of that data, the purposes of collection or sale, and the categories of third-party recipients describes the full scope of data practices, which is precisely the substance a right-to-know disclosure must communicate.",4
24087,2692,A sentence that provides concrete instructions or tools to stop data collection or processing is labeled as a method for exercising data protection rights.,2
24100,1051,"When a privacy notice pairs a list of information categories with a statutory cross-reference to a disclosure paragraph, the sentence functions as an operational description of the right to know what personal information is held.",3
24100,1622,"A sentence that enumerates the categories of sources from which personal information is gathered directly informs consumers of the origins of their data, thereby fulfilling the disclosure obligation associated with the right to know about collected information.",3
24100,3268,Statements that spell out the scope of information a consumer may request to learn about—such as categories collected and their sources—constitute the content of a right-to-know disclosure.,3
24100,4419,"Statements that detail the specific categories and pieces of personal information to be provided are characteristic of privacy notices that explain a consumer's right to know about collected, shared, or sold data.",9
24100,830,"A sentence detailing the categories of personal data that users can choose to expose or share publicly indicates disclosure categories, as it explicitly enumerates the data types involved.",3
24100,855,A sentence enumerating the specific types and origins of personal data that a data subject may request is characteristic of a disclosure of the scope of a privacy access right.,3
24103,1327,A sentence that provides a specific action or instruction for how an individual can exercise a data privacy right is classified as a method for exercising that right.,9
24130,570,"Statements clarifying that information comes from both direct user input and from external parties (partners, service providers, and affiliates) are typical of disclosures outlining the categories of collected personal data.",4
24130,868,"A sentence that explicitly enumerates the specific types of personal data (e.g., Identity Data, Contact Data) being conveyed to an external party identifies the categories of information disclosed.",6
24152,73,"A clause that establishes a procedure for future modifications, such as posting an updated version, directly signals an updated-policy statement.",3
24152,7300,"When a document contains multiple distinct policy sections and a sentence employs generic terminology like 'updated Notice' rather than a specific named policy, that sentence still expresses the same functional commitment to post changes, which is characteristically labeled as an updated-policy statement.",2
24152,873,A sentence that explicitly states a policy will be revised and a new version will be made available indicates that the policy is subject to updates.,10
24225,5239,Privacy statements that include concrete use-case examples of data processing serve to clarify the categories of personal information that an organization collects.,2
24272,761,A sentence that states an explicit effective or revision date using a phrase like 'Last updated' serves as the official marker of a policy's most recent modification.,13
24332,1317,A sentence that describes a concrete action a user can take to exercise a privacy right—such as using a specific control or mechanism—is classified as a method to exercise rights.,3
24332,2770,"A sentence that specifies a concrete communication channel (e.g., email, phone, or online form) for initiating a rights request constitutes a method to exercise rights because it provides actionable instructions to the user.",3
2436,2067,A sentence that explicitly references the purposes for which personal information was shared directly addresses the scope of a disclosure about the sale or sharing of that information.,2
2436,236,A sentence that articulates a statutory or regulatory right for individuals to obtain details about the disclosure of their personal information to third parties constitutes a description of a right to know about such sharing or selling.,21
24400,1234,"A sentence that combines a recipient category (e.g., internet service providers) with an explicit breakdown of shared data fields is characteristic of a disclosure notice for personal information categories.",4
24402,875,A sentence that explicitly identifies the type or nature of personal information being transferred (such as 'marketing information') serves as a disclosure of the category of personal information that is sold.,5
24411,1109,A sentence that states a right has limitations or exceptions is still a description of that right because it qualifies the scope of the right.,11
24411,1290,A sentence that explicitly names a specific data privacy right and explains who holds that right is classified as a description of that right.,22
24411,8392,"When a sentence uses the formula 'You have the right to [action]' for a specific data privacy right, it functions as a declarative description of that right.",2
24435,806,A sentence that mentions a general business purpose for data processing can be labeled as a category of personal information sold if it is grouped with other sentences that explicitly discuss selling or transferring personal information.,3
24447,1253,"A sentence that connects a specific data practice to a statutory definition of 'sale' or 'sharing', such as the CCPA, is directly addressing the conditions under which personal information categories are sold or shared.",2
24447,314,"A disclosure that explains future or contingent sharing of personal information with outside parties for transaction completion falls under sold categories, as it reflects a potential commercial transfer of data.",3
24449,1581,"Sentences that explicitly enumerate specific categories of personal information (such as identifiers, financial details, and network activity data) are commonly categorized as describing the categories of personal information involved in a sale.",2
24488,853,"A sentence enumerating the categories of recipients of sold personal information falls under the umbrella of the consumer's right to know, because that right encompasses disclosures about data sharing and sales.",2
24499,3544,Mentioning specific communication channels for notifying users of changes indicates a notification mechanism within an amended privacy policy.,3
245,5760,"When a policy document includes a section about how changes are posted and refers to a version date, a sentence providing that exact date functions as the formal notification of an update.",3
245,761,A sentence that states an explicit effective or revision date using a phrase like 'Last updated' serves as the official marker of a policy's most recent modification.,13
24528,473,"A sentence that specifies an explicit effective date is commonly used to signal that a policy has been updated, as the date marks the start of the new terms.",15
24541,797,A sentence that enumerates distinct types of external parties or circumstances under which personal data is transferred is classified as describing categories of sharing or disclosure.,9
24541,8440,"When a statement describes the potential recipients of data (e.g., third parties) and the nature of the data involved, it directly addresses the scope of information sharing, which aligns with labeling categories of personal information shared or disclosed.",5
24551,168,A sentence that explicitly states a commitment to not discriminate on the basis of exercising legal rights directly describes the right to non-discrimination.,4
24600,4732,"Language that obligates the organization to respond to privacy complaints or data-use issues signals an operational mechanism for users to raise requests, thereby qualifying as a rights-exercise method.",2
2463,1290,A sentence that explicitly names a specific data privacy right and explains who holds that right is classified as a description of that right.,22
2463,941,"A sentence is classified as a description of a right when it predigests the right's core meaning (that consumers may correct incorrect data) rather than providing an example, condition, or exception.",2
2464,382,"A heading that explicitly names a right using terminology that mirrors the action restricted in the accompanying text (e.g., limiting use or disclosure) constitutes a description of that right.",3
24645,1862,"A sentence that explicitly enumerates specific data types—even by disclaiming their collection—functions to delineate the scope of personal information addressed in a policy, thereby fitting under a heading that catalogs data categories.",2
2470,1880,"When a sentence instructs the consumer on how to initiate an action—like calling or visiting a portal—and ties that action to exercising a right, it is labeled 'Methods to exercise rights' since it describes the process rather than merely stating the right itself.",2
2470,2703,When a sentence focuses on the procedural channels or steps for acting on a legal or privacy right—rather than on defining the right or its scope—the appropriate label is the one indicating the process for exercising that right.,2
24766,2885,"A sentence that tells the user how to initiate a request, such as by calling and stating intent, falls under the category of methods to exercise rights.",3
24768,1436,A sentence that explicitly affirms the user's ability to make a choice regarding the sale of their personal information is a description of the right to opt out.,24
24768,4638,"Language indicating that an opt-out can be exercised 'at any time' emphasizes the ongoing nature of the right, which is a core element of its description.",3
24782,325,Disclosures covering both the purpose of a data transaction and the third-party categories involved are standard elements in explaining the scope of a consumer's right to know about sold or shared personal information.,8
24782,5231,"When a privacy policy separately admits to having sold personal information, a sentence enumerating the business purposes for which data is handled is interpreted as delineating the scope and categories of information that the sale covers.",2
24785,1519,A statement that appears within a section devoted to sales of personal information and that acknowledges the occurrence of sales is labeled under categories sold because the context signals that the disclosure pertains to the sale of consumer data.,4
24785,1822,A sentence that explicitly states that certain categories of personal information were sold within a stated lookback period is classified as disclosing the categories of personal information sold.,3
24840,1150,A sentence that explicitly names a consumer privacy right in its heading and then elaborates on what that right allows the consumer to do is classified as a description of that right.,41
24840,7152,The use of the phrase 'right not to receive discriminatory treatment' directly signals a non-discrimination right.,3
24938,1434,A sentence that names a specific right and is immediately followed by an explanation of that right functions as a description of the right.,4
24938,1964,A sentence that names a specific consumer right and then states that the individual may have that right serves to describe the right rather than to impose an obligation.,2
24938,5106,The phrasing 'You may have the right to request' signals that the statement is articulating a user-facing right rather than a business obligation or procedural detail.,6
24969,1248,"When a sentence discusses user-controlled settings or preferences that limit data sharing or tracking, it functions as an explanation of how an individual can exercise an opt-out right.",2
24969,3564,Descriptions of user options to disable or restrict tracking technologies like cookies directly address the types of personal information gathered through those mechanisms.,2
24975,1522,"A sentence that enumerates the types of third-party recipients (e.g., marketing, advertising, payment providers) with whom information is shared, when appearing in a disclosure about sales, serves to specify the categories of personal information that may be sold.",6
24975,1934,"When the recipient types named alongside the enumerated categories overlap with those identified in a document's explicit statement that specified categories may be sold or shared, the sentence is understood to disclose categories sold.",3
24975,2434,A sentence that lists data categories immediately after naming a recipient or context tied to a monetary exchange indicates the types of personal information subject to sale.,2
25,1096,"A sentence that appears as a standalone heading in a privacy policy and names a specific jurisdiction's privacy rights signals that the following content will enumerate those statutory entitlements, so the heading is labeled according to the first or primary right described, such as the right to know what personal information is collected.",2
25,2612,A sentence that pairs a plain-language summary of a privacy right with its formally recognized legal term is functioning as a definitional description of that right.,2
25007,6492,"The presence of a non-discrimination clause alongside disclosure and opt-out rights signals that the sentence is describing a privacy right granted by law, specifically the right to know about personal information that is sold or shared.",2
25008,196,"A description of a consumer data right often includes the limitations and conditions under which that right can be exercised, such as special handling for particular data categories.",3
25008,2378,A sentence that introduces a right by its common heading and then elaborates on its conditions or scope is characteristically a description of that right.,2
25008,5106,The phrasing 'You may have the right to request' signals that the statement is articulating a user-facing right rather than a business obligation or procedural detail.,6
25060,2051,A statement that explicitly commits to not penalizing or treating differently a consumer for asserting privacy rights is a direct articulation of a non-discrimination right.,3
25060,226,An assurance that exercising a right will not lead to adverse consequences is a standard way of describing a safeguard against retaliation or unequal treatment.,2
25060,8383,"When a statement uses prohibitive language such as 'will not' to guarantee equal treatment, it is characterizing a legal protection afforded to rights-holders.",3
25097,1581,"Sentences that explicitly enumerate specific categories of personal information (such as identifiers, financial details, and network activity data) are commonly categorized as describing the categories of personal information involved in a sale.",2
25097,4030,"If a document presents a list of categories of personal information that are sold, any sentence detailing a particular type of collected data within that list should carry the label of the corresponding sold category.",2
25149,2461,"When a label concerns the right to know about personal information sold or shared, the associated sentence often announces the forthcoming categories of both business purposes and types of third parties, thereby framing the scope of that right.",2
25150,1512,A sentence that enumerates the specific disclosures a consumer may request—such as business purposes for collection or sale and categories of third parties receiving data—functions as a description of the right to know about those sales or shares.,4
25150,3274,Statements that outline a statutory mechanism for consumers to inquire about a company's disclosure of personal data to external companies for commercial or promotional reasons indicate the label for a right to know about personal information being sold or shared.,3
25150,7279,"When a disclosure text pairs the business purpose behind collecting or sharing personal information with the categories of recipients, it signals that the sentence is informing consumers of what they can learn about how their data is sold or shared.",2
25152,3102,"A statement that refers to 'personal information we have collected about you' and promises to hand over the exact items pinpoints the substance of a data subject's right to know, rather than describing purposes, sources, or sharing.",2
25310,1646,"A sentence that enumerates the specific types of information a data subject can request about their personal data—such as categories, purposes, and sources—functions as a description of a right to know.",2
25310,274,"A description that lists categories, business purposes, and sources of personal data is characteristic of transparency-oriented disclosures that define a right-to-know right.",4
25310,4585,The presence of the phrase 'you have the right to request' signals a declarative articulation of a statutory consumer privilege rather than a procedural or exceptional detail.,13
25311,1511,A sentence that identifies a third-party recipient and then enumerates the types of user data that may be provided to that recipient is describing categories of personal information that are shared or disclosed.,11
25311,1521,"A sentence that enumerates the categories of third parties receiving personal information for a business purpose directly addresses the consumer's right to know about the sharing of personal information, as it specifies the recipients of data transfers.",15
25311,330,"Statements describing how data collected by an external party is subject to a separate privacy policy are typical of a disclosure that personal information may be sold or shared with third parties, as they clarify the division of responsibility for the user's data.",4
25311,428,"The label 'Description of Right to Know PI sold / shared' applies to sentences that articulate the circumstances under which personal information is collected and used, including the legal justifications that permit such sharing.",11
25311,5805,"When a privacy notice names the classes of entities that may receive personal information, it fulfills the regulatory requirement to describe data sharing arrangements clearly.",2
25311,6470,"Using the phrase 'categories of third parties' signals that the statement is disclosing the recipients of personal information, which is a core element of transparency obligations regarding data sharing and selling.",4
25312,1555,"A sentence that enumerates the business or commercial purposes for which personal data is collected is typically classified as part of a disclosure addressing the consumer's right to know about the collection, use, sale, or sharing of their information.",3
25312,5235,"Privacy regulations (e.g., CCPA/CPRA) define rights by pairing 'the right to know' with a specific data activity, so a sentence enumerating what data is gathered constitutes a description of that right's scope.",2
25318,1795,"A sentence that explicitly states the policy may be revised in the future signals that the policy is subject to updates, warranting an 'Updated Privacy Policy' label.",5
25318,5432,"Sentences containing phrases like 'from time to time' and 'latest information' explicitly signal that the policy is subject to ongoing revision, which categorizes them under an update notice.",2
25370,300,Any statement that names recipients of personal data and the conditions under which their own privacy policies apply constitutes a disclosure of personal information categories.,9
25370,737,A sentence that enumerates specific circumstances or purposes under which personal data is shared with third parties directly supports labeling it as a category of information shared or disclosed.,9
25396,426,A sentence that explicitly states a user can request to limit or restrict the use or disclosure of their personal information is classified as a description of a right to limit use.,9
25396,6348,"The presence of 'sensitive personal information' links the statement to privacy regulations that grant specific rights to limit processing, making it a description of such a right.",2
25439,551,A sentence that explicitly states that an individual may request correction of inaccurate data directly describes the right to correct information.,27
25441,259,A sentence that explicitly states a user may request deletion of their personal data is classified as a description of the right to delete.,31
25441,4302,"The inclusion of a qualifier such as 'subject to certain exceptions' indicates that the sentence is describing the scope and limitations of the right, not merely mentioning it.",7
25441,4814,"The use of the term 'Personal Data' places the sentence within a data protection context, where describing deletion rights is a common disclosure requirement.",4
25441,6476,"When a sentence frames an action as a user-initiated request ('you can request') for personal information already collected, it signals a description of a privacy right rather than a statement of operational practice.",3
25487,1328,Text stating that an individual may require an organization to fix incomplete or inaccurate personal data is a prototypical expression of the right to correct information.,3
25487,2058,"A sentence that explicitly references a right to request correction and then qualifies it with legal limitations is describing that right, even when the qualification narrows its scope.",2
25488,1044,A sentence stating that a consumer 'may request that a business stop selling' personal information unambiguously conveys the right to opt out of the sale of personal information.,4
25488,2346,Sentences that frame a disclosure of selling data as being subject to a user's ability to refuse or stop those sales are indicative of a description of the opt-out right.,3
25492,2703,When a sentence focuses on the procedural channels or steps for acting on a legal or privacy right—rather than on defining the right or its scope—the appropriate label is the one indicating the process for exercising that right.,2
25494,4884,"Mentioning a specific privacy law (e.g., CCPA/CPRA) signals that the sentence is defining a legal right rather than a policy or procedure.",2
25494,5186,Presenting a consumer entitlement in the form of the consumer's own authority over a business ('you have the right to direct us to not...') is a hallmark of an explanatory description of that right.,2
25495,1811,A sentence that explicitly states a prohibition against discrimination for exercising legal rights directly describes the right to non-discrimination.,23
25558,1871,A sentence that explicitly references the disclosure of enumerated categories of personal information and directs readers to a specific section for that information is classified under the label for categories of personal information shared or disclosed.,3
25561,1762,"A sentence that prescribes a specific procedure or channel (e.g., a form, email, or portal) for taking an action classified as a privacy right falls under the label for methods of exercising that right.",3
25602,1397,"The presence of terms such as 'sale' or 'transfer' in a corporate transaction context implies that personal information is among the assets that may be exchanged, making the sentence relevant to a disclosure about sold personal information categories.",3
25602,306,"When a disclosure indicates that personal information will be shared during a major business restructuring or sale of assets, it implies that those categories of information may be sold, because the information itself is part of the transactional consideration.",4
25602,433,"The label 'Categories of Personal Information Sold' applies to sentences that enumerate distinct types of personal data a business may handle, regardless of whether the sentence explicitly mentions selling, because the label classifies the data type itself.",12
25611,1671,"A sentence that explains a consequence or limitation of exercising a deletion right—such as losing access to services—constitutes a description of that right, because it informs the data subject of what will happen upon their request.",2
25611,59,"A clause that connects a user's deletion request to a specific outcome serves to explain the deletion right within a privacy policy, making it a legitimate component of the right's description.",2
25614,952,"A sentence is labeled as a method for exercising rights when it specifies concrete procedural actions, such as submitting a form or contacting a designated address, that a user must take to invoke a privacy right.",5
25626,1559,"A sentence that explicitly lists distinct types of recipients (such as service providers, affiliates, and business partners) and states that personal information may be shared with them is classifying the categories of information disclosure.",7
25626,821,"A sentence describing the transfer of personal information to a successor entity during a merger, acquisition, or sale of assets is classified under categories of personal information sold because such corporate transactions are treated as a commercial transfer or disclosure of personal data.",11
25711,1951,"Sentences that specify disclosure to governmental or regulatory bodies establish an additional category of external recipients, thereby expanding the documented scope of who personal data is shared with.",2
25711,294,"When a sentence states a condition under which personal data may be transferred to a third party, it is appropriately labeled as a category of information disclosure.",6
25711,4923,"Mentioning disclosures for legal compliance, harm prevention, or fraud investigation describes purposes that trigger data transfers, which is characteristic of a shared/disclosed information category.",2
25717,1106,A sentence that describes the use of tracking technologies that gather data about a user's online behavior and preferences is classified as detailing the categories of personal information collected.,7
25717,3678,Descriptions of cookies that detail what user data they enable or gather are treated as categories within an inventory of personal information.,3
25729,3332,A statement that specifies where policy changes will be posted and how the date of the latest revision will be indicated signals an ongoing policy-update process.,2
25729,730,"Language describing repeated future updates and their corresponding public announcements reflects a policy that is designed to be continuously revised, which is characteristic of an updated privacy policy clause.",3
25731,2140,A sentence that grants users the ability to request corrections by reporting inaccuracies in their data describes a right to rectify personal information.,3
25731,551,A sentence that explicitly states that an individual may request correction of inaccurate data directly describes the right to correct information.,27
25731,5895,Statements that outline a procedure for users to request amendments to their stored information are classified as descriptions of the correction right.,2
25737,1865,"A sentence that explicitly enumerates specific types of personal data (such as names, emails, device identifiers, and cookies) and pairs them with a stated commercial purpose (like targeted advertising) serves to define the categories of information that may be collected and potentially shared with third parties.",2
25779,165,"A sentence that explicitly describes how users will be informed of revisions to a policy indicates the policy is subject to change, which supports the 'Updated Privacy Policy' label.",26
25779,4570,"Language describing the process for announcing or documenting changes to a policy—such as noting them on a designated page—signals a commitment to transparency about revisions, a hallmark of an updated privacy notice.",3
25779,5549,Sentences that describe notification duties following a policy revision are representative of updated privacy policy content.,4
25817,260,"Text that lists lawful justifications for retaining personal data—such as legal obligations, research, or compatible internal uses—functions to define when the right to delete does not apply, thereby describing that right.",3
25817,580,"Sentences that provide reasons for refusing a deletion request are part of the description of the right to delete, as they outline the limitations on that right.",10
25834,1443,A sentence that grants individuals the ability to request corrections to their stored data is categorized as a description of a right to correct information.,9
25834,3932,"Explicitly enumerating the categories of data that can be changed (e.g., contact or financial details) signals that the sentence defines the scope of a correction right.",2
25880,1722,A sentence that explains the concrete steps a company will take to fulfill a consumer's request serves to describe the corresponding privacy right.,2
25880,3645,"Phrasing that specifies a standard of effort, such as 'commercially reasonable efforts,' indicates that the sentence is explaining how the right to correction is fulfilled rather than merely asserting its existence.",2
25880,945,A sentence that outlines the procedural steps taken to fulfill a consumer's request is a description of the corresponding right.,2
25891,1521,"A sentence that enumerates the categories of third parties receiving personal information for a business purpose directly addresses the consumer's right to know about the sharing of personal information, as it specifies the recipients of data transfers.",15
25891,2295,"The label for describing the right to know about personal information sold or shared applies when the sentence delineates categories of recipients and the business purposes behind the transfer, thereby enabling consumers to understand how their information is used outside the company.",6
25891,26,"In a privacy disclosure, a clause that lists the types of external parties to whom personal information is disclosed for operational reasons is a necessary part of informing consumers about data sharing, which falls under the right-to-know label.",3
25905,1959,"The listing of specific data elements (categories collected, source categories, and purposes) serves to define the operational scope of the disclosure right being described.",2
25905,958,"When a sentence frames the disclosure as a consumer's entitlement to request information about collected personal data, it directly corresponds to a 'right to know' privacy right.",10
25907,1000,"A sentence that begins with a direct assertion of a user's entitlement, such as 'You have the right to...', is characteristically used to articulate a specific privacy or data protection right.",5
25907,4305,"The presence of a defined look-back period (such as the preceding twelve months) signals that the sentence is describing the scope of a consumer's right to know, rather than a general privacy policy statement.",3
25966,259,A sentence that explicitly states a user may request deletion of their personal data is classified as a description of the right to delete.,31
2598,303,A sentence that explicitly addresses disclosures made for a business purpose and requires identifying the categories of personal information obtained by each category of recipient is describing the consumer's right to know about non-sale disclosures.,5
2598,954,"A sentence that enumerates types or sources of personal information (such as applications, preferences, transactions, or third-party data) following an introductory statement about 'sale' or 'sharing' under a privacy law is labeled as a category of personal information sold.",5
26038,1050,"A sentence stating the option to opt out of a particular data practice is treated as a description of the opt-out right because it communicates the core entitlement itself, independent of any limitations or instructions provided elsewhere.",2
26038,1818,"A sentence that explicitly grants a defined group of individuals (e.g., state residents) the ability to refuse a specific data practice (e.g., the sale of personal information) directly describes that right of opt-out.",3
26038,3662,The use of the phrase 'Right to Opt-Out' followed by an explanation of what that right entails directly aligns with a label that categorizes such descriptions of the opt-out right.,5
26050,500,An explicit statement denying any sale of personal data in a particular context still constitutes a disclosure about the sale of personal information and thus belongs to the section on categories of personal data sold.,3
26057,2086,Sentences that explicitly state that a data subject holds an entitlement to request a specific action regarding their personal information are labeled as descriptions of that right.,5
26057,259,A sentence that explicitly states a user may request deletion of their personal data is classified as a description of the right to delete.,31
26057,4347,"Including the scope of the data covered, such as information collected or maintained, clarifies the boundaries of the entitlement and reinforces the classification as a rights description.",2
26067,1380,"When a sentence explains the mechanism for identifying a revised policy and when the revision takes effect, it serves to inform users about updates to the document.",3
26067,165,"A sentence that explicitly describes how users will be informed of revisions to a policy indicates the policy is subject to change, which supports the 'Updated Privacy Policy' label.",26
26067,645,A privacy policy provision that explicitly states the policy may be revised or updated over time is typically categorized as an update notice for that policy.,6
26083,1108,A sentence that functions as a section heading and introduces a list of specific data-processing or data-sharing activities is often classified as a category of personal information sold.,2
26083,6375,"The label applies to sentences that state the absence of selling personal information, as that is a substantive statement about the categories sold.",2
26083,881,A sentence is labeled as describing categories of personal information sold when it enumerates specific types of personal data that the entity states it sells or discloses to third parties.,7
26093,788,"A sentence describing the right to know about personal information collection and use is considered a description of the right to know about personal information sold or shared, as the right to know covers all such activities.",4
26116,4252,"In a privacy policy, an announcement of the 'Last Updated' timestamp serves the purpose of informing readers about the version's recency, which aligns with the label indicating an update.",2
26116,6661,"The presence of a specific past revision date in a sentence signals that the policy has undergone at least one change, aligning the sentence with the 'Updated Privacy Policy' category.",2
26116,761,A sentence that states an explicit effective or revision date using a phrase like 'Last updated' serves as the official marker of a policy's most recent modification.,13
26119,165,"A sentence that explicitly describes how users will be informed of revisions to a policy indicates the policy is subject to change, which supports the 'Updated Privacy Policy' label.",26
2614,4847,When a sentence enumerates the specific data categories a consumer may request—such as third parties with whom information was shared or sold—it signals that the text is defining the scope of a right-to-know provision regarding sales or sharing.,3
26152,3385,"Describing when a provider may deny a deletion request clarifies the boundaries of the right, which is an essential component of explaining that right to the consumer.",2
26152,3901,"If the sentence explicitly references the permanence or limitations of a deletion request through statutory or compliance exceptions, it serves to explain the practical application of the deletion right.",3
26152,848,A sentence that enumerates specific statutory exceptions or conditions under which a deletion request may be refused is describing the scope and limitations of the right to delete.,17
26153,1000,"A sentence that begins with a direct assertion of a user's entitlement, such as 'You have the right to...', is characteristically used to articulate a specific privacy or data protection right.",5
26155,1200,A sentence that introduces conditions or exceptions to a stated consumer right serves as a description of that right because it delineates the boundaries of when the right applies.,2
2616,787,"A sentence that instructs the reader on how to modify or update their personal data serves to describe the procedural mechanism for exercising a right to correct information, rather than merely stating that the right exists.",3
26163,1430,A sentence that explicitly names a user's entitlement and then articulates that entitlement in plain terms is a direct description of that right.,3
26163,4850,Matching the exact terminology used in the label—such as 'opt-out' and 'sale of your personal information'—indicates that the sentence uniquely identifies and describes the referenced right.,2
26163,7623,"When a right is explicitly framed as belonging to the data subject (e.g., 'you have the right to...'), the sentence serves to notify that individual of the existence of the entitlement.",3
2617,1977,"A sentence that explicitly names a legal right (e.g., to request correction) and ties it to a defined class of individuals qualifies as a description of that right.",2
26170,1256,A sentence that explicitly promises not to discriminate against consumers for exercising their privacy rights directly states and thereby describes the right to non-discrimination.,21
26170,1593,"A sentence that enumerates specific prohibited actions (such as denying goods, charging different prices, or offering different quality) serves to concretely define the scope of a non-discrimination right.",12
26170,1820,"A sentence that explicitly declares a policy of not discriminating against consumers for exercising their legally granted rights serves to describe the right to non-discrimination, as it directly states the protective guarantee.",3
26172,1860,A sentence that explicitly enumerates specific communication channels or submission procedures for users to invoke their privacy rights is categorized as detailing the methods to exercise those rights.,2
26173,31,A clause stating that continued use after posting of changes constitutes acceptance indicates the policy has been updated and binds the user to new terms.,3
26174,31,A clause stating that continued use after posting of changes constitutes acceptance indicates the policy has been updated and binds the user to new terms.,3
26188,1560,"A sentence that enumerates specific categories of third-party recipients, particularly advertising partners and joint marketing partners, indicates that the disclosed personal information may be considered sold or shared under state privacy laws, since such disclosures often involve commercial data transactions.",7
26188,4156,"When a privacy disclosure introduces a roster of entities or activities immediately following a declaration about selling personal data, the categories appearing in that roster are read as the categories of information involved in that sale.",3
26188,7498,"When such an enumeration appears in a disclosure that explains how data may be transferred to advertising or service providers and treated as a 'sale' under privacy law, it is categorizing the personal information subject to that sale.",2
26213,1616,"A sentence that explicitly asserts the collection of user information and then enumerates the specific operational purposes behind that collection functions as a disclosure of the organization's data-handling practices, which is the defining scope of a label describing categories of personal information collected.",2
26213,310,"A disclosure that information may be shared with business partners for promotional purposes indicates that personal information is being transferred to third parties in exchange for commercial benefits, which is a hallmark of a sale under privacy regulations.",4
26215,4345,Including the scope ('any inaccurate Personal Data we have collected about you') makes the statement a clear description of the right's applicability.,2
26215,4585,The presence of the phrase 'you have the right to request' signals a declarative articulation of a statutory consumer privilege rather than a procedural or exceptional detail.,13
26215,551,A sentence that explicitly states that an individual may request correction of inaccurate data directly describes the right to correct information.,27
26236,1541,"A sentence that enumerates distinct types of personal data—such as names, contact details, identifiers, or commercial preferences—serves to define the boundaries of a category of personal information.",2
26255,1645,"A sentence that lists the types of data disclosed without specifying the recipients is still considered a description of the right to know, because it informs the consumer of the data categories involved in sharing or selling activities.",3
26255,489,"An explicit announcement that specific information will be provided, followed by details about categories of personal data and third parties, signals that the sentence sets out the scope of a right-to-know disclosure.",3
26258,609,"A sentence that explicitly states a consumer has the right to opt out of a specific data practice (such as the sale of personal information) directly expresses a description of that right, warranting a label naming the right.",6
26314,1702,"A sentence that explains how individuals may exercise a right to update or correct their personal information falls under a description of that right, even if it does not use the word 'correct' explicitly.",2
26314,1852,"The classification of a sentence as describing the right to correct is based on whether the associated text indicates that users can amend their data, not on the presence of the explicit word 'correct' in the sentence itself.",2
26315,2099,"A sentence that explicitly states a user can ""review and update"" their personal information directly conveys a right to correct that information.",4
26315,738,"A sentence appearing under a heading about access to personal information is typically interpreted as describing a data subject's rights, including correction.",2
2632,2070,"A sentence that explicitly states a right to modify or change a policy signals that the policy is subject to future updates, which is a hallmark of an 'Updated Privacy Policy' label.",7
2632,35,A clause describing the conditions under which a policy can be altered and the means of communicating those alterations functions as an 'Updated Privacy Policy' statement.,4
2632,5600,"Sentences that state a policy may be revised at any time without specifying a concrete, already-executed change are classified as announcing potential updates rather than documenting a historical revision.",2
26342,1794,"A sentence that explicitly provides a revision date signals that the document has been formally updated, as the date marks the version's effective release point.",5
26342,4878,"Mentioning a specific last-updated date or version reinforces that the policy has been revised, supporting classification under 'Updated Privacy Policy'.",4
26344,1432,"A sentence that enumerates specific contact channels (e.g., a website URL and a telephone number) for exercising privacy rights is classified as a method for exercising those rights.",7
26344,1926,A sentence that instructs users on specific actions to take to exercise their privacy rights is classified as describing methods to exercise rights.,11
26344,2822,Sentences that explicitly reference procedural resources or steps for submitting a rights request are categorized as providing methods to exercise rights.,3
26345,73,"A clause that establishes a procedure for future modifications, such as posting an updated version, directly signals an updated-policy statement.",3
26355,1902,A sentence that explicitly grants a user the ability to review and update their personal data through a self-service channel is classified as a description of the right to correct information.,3
26355,2099,"A sentence that explicitly states a user can ""review and update"" their personal information directly conveys a right to correct that information.",4
26355,6385,"The label applies when the sentence empowers the user to control their personal data through a named procedure, rather than merely stating a policy or fact.",2
26387,2067,A sentence that explicitly references the purposes for which personal information was shared directly addresses the scope of a disclosure about the sale or sharing of that information.,2
26387,6070,"When a document enumerates elements of a privacy notice, a phrase that names the types of recipients and reasons for sharing aligns with a statutory category concerning the right to know about sales or sharing.",2
26387,825,A statement that explicitly grants a data subject the right to receive information about any sharing or selling of their personal information to third parties constitutes a description of the right to know about such transfers.,8
26388,1521,"A sentence that enumerates the categories of third parties receiving personal information for a business purpose directly addresses the consumer's right to know about the sharing of personal information, as it specifies the recipients of data transfers.",15
26388,2295,"The label for describing the right to know about personal information sold or shared applies when the sentence delineates categories of recipients and the business purposes behind the transfer, thereby enabling consumers to understand how their information is used outside the company.",6
26388,3077,"A statement focusing on who receives the personal information, rather than on what data is collected or why, falls under the category of describing the right to know about personal information sold or shared.",2
26388,325,Disclosures covering both the purpose of a data transaction and the third-party categories involved are standard elements in explaining the scope of a consumer's right to know about sold or shared personal information.,8
26388,3263,"When a privacy notice pairs each category of collected data with a list of external recipients (e.g., customers and infrastructure vendors) who receive it for business purposes, the text serves to inform consumers about potential transfers that constitute a sale under applicable privacy laws.",3
26393,1432,"A sentence that enumerates specific contact channels (e.g., a website URL and a telephone number) for exercising privacy rights is classified as a method for exercising those rights.",7
26424,1626,"A sentence that outlines exceptions or limitations to a data privacy right is still classified as describing that right, because it specifies the scope and boundaries of the entitlement.",2
26424,4609,"When a sentence lists permissible internal, legal, and research uses of retained data following a deletion request, it clarifies that the right to delete is qualified rather than absolute, thereby describing the scope of that right.",3
26424,5929,Statements that specify what a data subject cannot request or what a controller is not obligated to do are part of explaining the right to delete.,2
26458,1578,"A sentence that enumerates specific personal data attributes (e.g., demographics, contact details, commercial records) without explaining how they are used or transferred is typically classifying categories of personal information for compliance disclosure.",2
26458,1699,A sentence that explains how certain data types are reclassified as personal information under specific legal or regulatory contexts serves to define and clarify the boundaries of what constitutes personal information in a privacy policy.,2
26515,201,A description of a data privacy right often includes assurances about the minimal and confidential handling of any information kept to fulfill the request.,2
26515,3521,"Explanations of how a company will handle data in the context of honoring a deletion request count as describing the right to delete, even when they outline exceptions or retention policies.",2
26586,2068,"A sentence that explicitly refers to categories defined by a specific privacy statute (e.g., CCPA) signals that the subsequent or surrounding content enumerates those categories, thus warranting a label for such enumerated categories.",2
26588,4040,"In a privacy notice, a sentence appearing as a list item under a category heading—such as employment or education data—is presenting a specific subcategory of collected personal information.",2
26596,1136,The presence of surrounding text that names specific types of personal data and the parties to whom they may be transferred indicates that an otherwise brief heading belongs to the 'categories sold' disclosure.,3
26602,5623,Sentences that outline the steps taken when a policy is altered—rather than stating current terms—are categorized under the updated-policy label.,3
2662,1861,"A sentence that explicitly enumerates specific data fields (such as name, mailing address, occupation, or employer) as items to be gathered indicates a clear listing of the categories of personal information involved.",2
2662,2601,"When a sentence pairs each named category of information with a description of the specific data elements it includes, it is providing a taxonomy of processed personal data, a hallmark of a 'Categories of Personal Information Collected' designation.",4
2662,4040,"In a privacy notice, a sentence appearing as a list item under a category heading—such as employment or education data—is presenting a specific subcategory of collected personal information.",2
2662,7274,"When a disclosure statement groups multiple data types under a heading that mirrors statutory language about sales, the sentence functions as a classification of sold information rather than a general collection or use description.",2
26628,1217,A sentence that explicitly grants users the ability to object to or opt out of a specified use of their personal data constitutes a description of a right to limit use of personal information.,12
26642,2045,"A sentence that explicitly states the organization does not process a designated category of personal information is describing a restriction on the use of that data, which constitutes a right-to-limit disclosure.",2
26655,3433,"In a disclosure concerning the right to know what personal information is collected, any statement clarifying the mechanisms or conditions that affect that collection is relevant to describing the right.",4
26655,535,"Any clause that delineates when a data controller will or will not disclose certain information under a right-to-know request belongs to the description of that right, as it defines its scope of obligations.",2
26656,1196,"A sentence that explains the scope and conditions of a specific consumer privacy right, including permitted actions and the exceptions that limit it, functions as a description of that right.",5
26659,1929,"A sentence that explicitly instructs the user on how to exercise a specified data privacy right, such as opting out, warrants the label 'Methods to exercise rights'.",2
26681,1891,A sentence that explicitly grants an individual the ability to claim and update the information associated with their own record describes the right to correct that information.,2
26681,551,A sentence that explicitly states that an individual may request correction of inaccurate data directly describes the right to correct information.,27
26690,3329,"A statement that specifies the purposes for which collected data may be used, such as understanding the customer base or enhancing services, is treated as part of the disclosure of information collection practices.",2
26690,3433,"In a disclosure concerning the right to know what personal information is collected, any statement clarifying the mechanisms or conditions that affect that collection is relevant to describing the right.",4
26867,2257,"A sentence that states a purpose for sharing personal information (such as legal compliance, fraud prevention, or safety) without naming a specific recipient qualifies as a description of when PI is sold or shared, because it enumerates a category of disclosure under the right-to-know framework.",3
26867,4607,"When a sentence labels a type of disclosure as being for legal reasons, it signals that the disclosure is a recognized exception to prohibitions on selling or sharing PI, making it part of the comprehensive information consumers need about how their data is handled.",2
26871,7278,"When a disclosure tells the user how a named third party receives and uses their data through automated tracking, it satisfies the purpose of informing individuals about the parties with which personal information is shared.",2
26900,3134,"A statement that clarifies data is processed on behalf of third-party customers establishes the service-provider relationship and thereby reveals the parties and contexts involved in data handling, supporting transparency about the flow of personal information.",2
26900,5877,"When a statement enumerates the categories of recipients and the protective terms governing their receipt of data, it falls under the classification of information sharing or disclosure.",2
26924,821,"A sentence describing the transfer of personal information to a successor entity during a merger, acquisition, or sale of assets is classified under categories of personal information sold because such corporate transactions are treated as a commercial transfer or disclosure of personal data.",11
26939,787,"A sentence that instructs the reader on how to modify or update their personal data serves to describe the procedural mechanism for exercising a right to correct information, rather than merely stating that the right exists.",3
26940,1713,A sentence that specifies legal exemptions or circumstances where a data deletion request may not be honored is an essential part of describing the scope and limitations of that right.,3
26969,1916,A sentence that explicitly informs a data subject of an actionable method to stop receiving promotional communications describes a restriction on the use of their personal information.,4
26969,2721,A sentence that references a clearly labeled opt-out or unsubscribe option indicates that the organization provides a means for users to restrict the use of their personal data for promotional purposes.,2
26969,7483,"When a policy statement details a pathway for ceasing specific types of data processing, it falls under a description of the right to limit the use of personal information.",2
26975,1869,A sentence that explicitly grants a consumer the right to request information about disclosures of personal information to third parties for marketing purposes falls under the category of describing a right to know about the sale or sharing of personal information.,7
26975,321,"A disclosure that identifies both the organizational scope of sharing and external recipient categories (such as customers, partners, and service providers) describes the substantive data practice rather than merely reciting a legal right, which aligns with a right-to-know description.",2
27000,1635,A sentence that enumerates the parties to whom personal information is transferred for monetary or other valuable consideration directly identifies the disclosure activity of selling the data.,4
27000,698,"A purpose statement that explains why personal information is gathered is categorized under the right to know, as it informs the consumer of the use of their data.",2
27020,2358,A sentence that presents a specific procedural action (such as contacting a designated officer via a form) to enforce or act upon data privacy entitlements is classified as a method for exercising rights.,2
27020,2685,Sentences that provide concrete contact channels (such as email or postal addresses) for addressing privacy-related inquiries are classified as methods to exercise rights because they offer a procedural path for individuals to act on those rights.,3
27028,7155,"When a sentence uses the possessive form (e.g., 'your') to frame an entitlement, it signals that the right belongs to the data subject, which is characteristic of a rights description.",2
27050,4655,"Using language that indicates the transfer of personal information for purposes beyond the company's own operations (such as marketing by others) signals that the sentence is informing consumers about data sharing or selling, a core component of the right to know.",2
27087,313,A disclosure that enumerates the categories of personal information to be collected and the purposes for their collection constitutes a description of the right to know about data practices.,3
27093,1955,"A sentence that explicitly mentions the 'most up-to-date version' of a policy indicates that the policy is versioned and can be revised, which is a defining feature of an updated privacy policy.",2
27093,4878,"Mentioning a specific last-updated date or version reinforces that the policy has been revised, supporting classification under 'Updated Privacy Policy'.",4
27100,1742,A sentence that explicitly names a specific opt-out mechanism and states its functional effect on the company's data practices qualifies as describing the right to opt out of the sale of personal information.,3
27100,3711,"Descriptions of opt-out rights often contain a direct assertion that the organization does not sell or share information, which signals a boundary condition for exercising the right.",2
27100,7916,When a sentence explains the practical effect of an opt-out mechanism—namely halting collection or use of data by third-party advertising providers—it functions as a description of the opt-out right.,2
27112,1318,A sentence that describes a concrete action or tool a user can employ to control or limit data collection is classified as a method for exercising rights.,5
27112,5647,Sentences that instruct users on how to prevent or restrict the use of their personal data are categorized under methods to exercise rights.,2
27123,1060,A sentence that acknowledges exceptions or limitations to what a requester will receive in response to an access request is typically categorized as a description of the right to know personal information collected.,2
27123,3341,A statement that ties a requester's request to the personal information that has been gathered about them—while acknowledging legal constraints—serves to explain how the right to know collected data operates in practice.,2
27154,1739,"A sentence that informs users how to access a complete set of collected data is characteristic of right-to-know provisions, which require explaining the range of personal information gathered.",2
27154,5680,Sentences that recommend actions for users to obtain a full view of their data fall under the right-to-know disclosures about collected personal information.,2
27161,1217,A sentence that explicitly grants users the ability to object to or opt out of a specified use of their personal data constitutes a description of a right to limit use of personal information.,12
27161,556,A sentence that names a user-initiated action to stop a specific form of data processing (such as targeted advertising) describes a right to limit the use of personal information.,3
27162,551,A sentence that explicitly states that an individual may request correction of inaccurate data directly describes the right to correct information.,27
27164,2253,A sentence that grants individuals the ability to ask whether their personal data is being handled and to view that data directly describes a right to be informed about the collection and use of their personal information.,3
27175,1400,Providing personal information to a third party for the purpose of displaying targeted advertisements on behalf of another company constitutes a 'sale' under comprehensive privacy laws such as the CCPA.,2
27181,630,A privacy disclosure sentence is classified under the category of collected information when it explains how the organization will use data about an individual's interests and choices to customize future interactions.,7
27181,875,A sentence that explicitly identifies the type or nature of personal information being transferred (such as 'marketing information') serves as a disclosure of the category of personal information that is sold.,5
27192,1869,A sentence that explicitly grants a consumer the right to request information about disclosures of personal information to third parties for marketing purposes falls under the category of describing a right to know about the sale or sharing of personal information.,7
27192,3855,"Even a sentence that lists recipient categories without enumerating specific data types contributes to a right-to-know disclosure, as it clarifies the downstream flow of personal information, thereby describing the scope of the sale or sharing practice the consumer is entitled to learn about.",3
27193,1851,"A sentence that explicitly enumerates actions such as deleting personal information and correcting inaccurate personal information directly describes the substance of a data subject's right to erasure, so it is appropriately labeled as a description of the right to delete.",3
27193,6093,"When a sentence names the specific data ('personal information') and the action ('delete'), it clearly matches the label's scope of describing a deletion right.",3
27200,771,A sentence that elaborates on the obligations a business must fulfill after receiving a valid consumer request is part of describing the right to delete.,3
27203,1150,A sentence that explicitly names a consumer privacy right in its heading and then elaborates on what that right allows the consumer to do is classified as a description of that right.,41
27206,1811,A sentence that explicitly states a prohibition against discrimination for exercising legal rights directly describes the right to non-discrimination.,23
27206,2216,"A statement that frames the protection as applying to 'any of these rights' indicates a broad, inclusive description of the non-discrimination right.",2
27212,1398,A sentence that enumerates the types or specific pieces of personal information that will be disclosed to a consumer upon request directly serves to describe the scope of the consumer's right to know what data has been collected.,4
27218,1119,"When a sentence introduces or names a user entitlement to learn about collected personal information, it is appropriately labeled as a description of the right to know about collected personal data.",8
27218,6691,"The presence of both 'categories' and 'specific pieces' of personal information signals a comprehensive description of the data-access right, not merely a summary of one aspect.",2
27226,401,A heading that signals content about third-party data practices is labeled as a disclosure of the right to know about selling or sharing personal information when it introduces details of external data collection and sharing.,3
27226,981,A sentence that names specific third-party service providers (such as analytics platforms or social media widgets) and explains how they receive or use user data is categorized as a disclosure of the types of personal information shared with those parties.,5
27250,3761,"Detailing the categories, sources, purposes, recipients, and retention periods of data conveys the scope of transparency guarantees regarding collected personal information.",2
27252,808,A sentence that tells individuals how to initiate a privacy request by specifying a contact channel (such as an email address) is labeled as a method for exercising rights.,9
27261,922,"A sentence indicating that external businesses will collect or handle consumer data under their own privacy terms implies that the company is transferring personal information to third parties, which constitutes selling or sharing that information.",2
27322,1221,A sentence that clarifies the scope or limitations of a right after exercising an opt-out is characteristic of a description of that opt-out right.,3
27322,3194,A statement that explains what the consumer may still experience after opting out serves to inform them of the practical effects of the right.,2
27335,3626,"Describing the conditions under which a right can be exercised, including explicitly stating what is not necessary, falls under the category of methods to exercise rights.",2
27362,1113,A sentence that explicitly states the entity may sell or disclose collected information directly addresses the consumer's right to know about the sale or sharing of personal information.,6
27362,2089,"A sentence that explicitly states the business or commercial purpose for collecting, selling, or sharing personal information directly addresses the consumer's right to know how their data is used, which is a core element of the 'Right to Know' disclosure.",3
27374,1374,"A sentence that specifies the concrete steps a business will take upon receiving a verified request describes the operational process of fulfilling the right, which is characteristic of a right-to-delete description.",2
27374,2112,"A sentence that states the eventual deletion of personal information from records, subject to exceptions, directly outlines the scope and conditions of the deletion right, making it a description of that right.",7
27405,793,A sentence that identifies a specific technology or mechanism (such as cookies) through which data is gathered during user interaction with a website serves to enumerate one of the sources or categories of information collected from or about the user.,4
2742,1015,"When a sentence instructs users on how to initiate an action concerning their privacy rights—such as requesting information or clarification about compliance—it qualifies as a method to exercise rights, as it frames the process rather than merely stating the right's existence.",2
27440,211,"A description of an opt-out right often clarifies what remains unchanged after the choice is made, so users understand the limited scope of the opt-out.",4
27461,3093,"A statement indicating how future modifications to a policy will be communicated to users is characteristic of an updated privacy policy, as it addresses the revision process.",5
27461,761,A sentence that states an explicit effective or revision date using a phrase like 'Last updated' serves as the official marker of a policy's most recent modification.,13
27482,793,A sentence that identifies a specific technology or mechanism (such as cookies) through which data is gathered during user interaction with a website serves to enumerate one of the sources or categories of information collected from or about the user.,4
27543,1004,"A sentence that articulates the lawful bases or legal justifications under which personal information is processed serves the purpose of informing individuals about why their data is handled, which is a core element of a right-to-know disclosure.",3
27543,375,"A heading phrased as a question about how personal information is processed signals that the following content will specify the business purposes of data collection and use, which is a required element of a consumer's right-to-know disclosure.",2
27543,377,A heading that appears adjacent to explanatory sentences about data handling practices is treated as part of the same disclosure block when determining its semantic label.,2
2756,4846,"The reference to identifying categories of personal data and categories of recipients specifies the substantive content that must be disclosed, which is characteristic of a right-to-know provision.",2
2756,718,A section whose content enumerates permissible queries about collected personal information and promises free responses describes the operational scope of a right-to-know obligation.,2
2756,854,"A sentence that enumerates the specific categories of personal information a company must disclose upon request, including sources, purposes, third parties, and business-purpose disclosures, is describing the consumer's statutory right to know about the collection, sale, and sharing of personal information.",8
2758,535,"Any clause that delineates when a data controller will or will not disclose certain information under a right-to-know request belongs to the description of that right, as it defines its scope of obligations.",2
2759,1877,A sentence that explicitly frames an action as a consumer's entitlement using the phrase 'You have the right to request' is characteristically a description of that legal right.,4
2759,4302,"The inclusion of a qualifier such as 'subject to certain exceptions' indicates that the sentence is describing the scope and limitations of the right, not merely mentioning it.",7
2759,7946,"When a sentence specifies the jurisdictions (e.g., by naming states) to which the right applies, it is characterizing the scope and existence of that right, a hallmark of a descriptive statement.",2
27593,330,"Statements describing how data collected by an external party is subject to a separate privacy policy are typical of a disclosure that personal information may be sold or shared with third parties, as they clarify the division of responsibility for the user's data.",4
27593,981,A sentence that names specific third-party service providers (such as analytics platforms or social media widgets) and explains how they receive or use user data is categorized as a disclosure of the types of personal information shared with those parties.,5
27604,2257,"A sentence that states a purpose for sharing personal information (such as legal compliance, fraud prevention, or safety) without naming a specific recipient qualifies as a description of when PI is sold or shared, because it enumerates a category of disclosure under the right-to-know framework.",3
27609,1907,"A sentence that explicitly identifies a data-collection mechanism (e.g., cookies) and states that the resulting information may qualify as personal information under certain laws serves to enumerate categories of personal information collected.",2
27609,375,"A heading phrased as a question about how personal information is processed signals that the following content will specify the business purposes of data collection and use, which is a required element of a consumer's right-to-know disclosure.",2
27613,1436,A sentence that explicitly affirms the user's ability to make a choice regarding the sale of their personal information is a description of the right to opt out.,24
27613,4253,"In a privacy policy, any sentence that frames the opt-out as a personal decision available to the user contributes to describing that right.",4
27613,937,"When a sentence contains the phrase 'opt out' in connection with ceasing the 'sale' of personal information and explains the consequence (no longer selling and instead suppressing data), it directly characterizes the right to opt out of a sale.",14
27614,252,"If the communication channel from which the user can unsubscribe is one through which the organization could include advertiser or partner messages, then the unsubscribe action effectively stops the flow of personal information to those parties, making the sentence a valid description of a sale opt-out right.",2
27624,1320,"A statement that explicitly informs users of their ability to decline a specific data processing practice, such as targeted advertising, constitutes a description of the right to opt out of the sale of personal information when that practice is treated within the policy as a form of sale or sharing.",3
27624,3161,"A statement that details the practical steps or effects of exercising an opt-out right falls under the category of describing that right, even when it focuses on the resulting technical artifact.",2
2763,1724,"A sentence that explains the procedure a consumer must follow to exercise a data subject right, such as submitting supporting documentation, constitutes a description of that right.",2
2763,3058,"A statement detailing how an organization will process a request to rectify data, including providing instructions and giving consideration to the request, pertains to the right to correction.",2
2763,817,"A sentence that outlines the specific procedure and conditions for fulfilling a correction request, such as verifying the request before acting, is a description of the right to correct information.",2
2764,197,A disclosure of a consumer privacy right typically includes both the affirmative right and any legal exceptions or conditions that narrow its application.,3
27649,1096,"A sentence that appears as a standalone heading in a privacy policy and names a specific jurisdiction's privacy rights signals that the following content will enumerate those statutory entitlements, so the heading is labeled according to the first or primary right described, such as the right to know what personal information is collected.",2
27649,6408,"The label for a right-to-know description applies to any sentence that explicitly invokes a resident's privacy-rights framework and thereby promises to explain which personal information categories, sources, and purposes are subject to disclosure, as such text frames the knowledge entitlement the subsequent paragraphs detail.",2
2765,571,Any statement that specifies how a company may respond to or fulfill a consumer's request to correct personal information belongs to the description of the correction right.,2
27658,1420,A sentence that details the specific categories of personal information a consumer may request regarding sales constitutes a description of the right to know.,7
27665,7176,"When a sentence enumerates specific adverse actions (e.g., denying services, raising prices, reducing quality) that will not be taken as a result of exercising rights, it clarifies the concrete scope of that non-discrimination right.",2
27693,1521,"A sentence that enumerates the categories of third parties receiving personal information for a business purpose directly addresses the consumer's right to know about the sharing of personal information, as it specifies the recipients of data transfers.",15
27718,426,A sentence that explicitly states a user can request to limit or restrict the use or disclosure of their personal information is classified as a description of a right to limit use.,9
27791,1234,"A sentence that combines a recipient category (e.g., internet service providers) with an explicit breakdown of shared data fields is characteristic of a disclosure notice for personal information categories.",4
27791,8440,"When a statement describes the potential recipients of data (e.g., third parties) and the nature of the data involved, it directly addresses the scope of information sharing, which aligns with labeling categories of personal information shared or disclosed.",5
27795,316,"A disclosure that explicitly disclaims control or endorsement of third-party sites, within a section on information sharing, functions as a notice that a user's personal information may be transferred to entities outside the company's direct governance.",2
27795,404,"A label concerning categories of personal information shared or disclosed applies when the text explains how user data flows to external entities, even if specific data types are not enumerated.",3
27804,5446,"When a sentence is grouped with other sentences that give guidance about revisions, effective dates, or posting of changes, it reinforces the interpretation that the sentence belongs to the 'Updated Privacy Policy' category.",3
27804,873,A sentence that explicitly states a policy will be revised and a new version will be made available indicates that the policy is subject to updates.,10
27832,7371,"When a document lists specific circumstances under which a privacy statement is revised, such as responses to external feedback, it signals that the policy is actively maintained and updated, aligning with the label of an updated privacy policy.",2
27905,1572,"A sentence that enumerates specific contact methods (e.g., phone, email) for submitting a formal request is labeled as a method for exercising rights.",2
27909,2240,A sentence that is a short noun-phrase heading explicitly combining 'updates' and 'policies' signals a section announcing changes to privacy policy.,3
27909,385,A heading that explicitly names the subject of changes to a privacy notice signals that the document addresses revisions to its policy.,2
27909,6565,The presence of a heading or phrase indicating modifications to the policy signals that the content pertains to policy updates.,6
27921,1259,"A sentence that consists solely of a date prefixed with 'Updated:' signals a revision-log entry, and in a privacy policy's history section such entries are labeled as updates to the policy rather than as standalone substantive provisions.",2
27940,1795,"A sentence that explicitly states the policy may be revised in the future signals that the policy is subject to updates, warranting an 'Updated Privacy Policy' label.",5
27940,4011,Identifying that a sentence explains when revised terms take effect (rather than what the terms currently require) categorizes it as an 'Updated Privacy Policy' disclosure.,2
27944,3659,Descriptions of altered wording or clarified disclosures within a policy inherently signal that the policy itself has been updated.,2
2795,992,"A sentence offering a direct, actionable way to address issues or requests falls under the label for methods to exercise rights.",4
27955,410,"A label denoting an updated policy applies to sentences that communicate only when a modification occurred, because such sentences add no descriptive substance but serve purely to anchor a revision in time.",3
27955,761,A sentence that states an explicit effective or revision date using a phrase like 'Last updated' serves as the official marker of a policy's most recent modification.,13
27961,1259,"A sentence that consists solely of a date prefixed with 'Updated:' signals a revision-log entry, and in a privacy policy's history section such entries are labeled as updates to the policy rather than as standalone substantive provisions.",2
27961,4198,"In a document describing multiple policy changes, such a date marker identifies a distinct update event for the privacy policy.",2
27969,7243,"When a collection of text contains several dated entries that each describe modifications to a policy's sections, the individual date markers serve as headers for those entries, all falling under an overarching ""policy update"" label.",2
27969,760,A sentence that explicitly states a revision date for a policy document serves as a marker indicating that the policy has been updated.,16
28008,2126,"A sentence that explicitly states the policy may be changed or revised signals that the policy is subject to updates, which is a core characteristic of an 'Updated Privacy Policy' label.",4
28008,2838,"A sentence that states a company may periodically change its privacy policies in response to new or evolving products and services indicates that the surrounding text concerns policy modifications, making it consistent with an 'Updated Privacy Policy' label.",3
28008,487,"An explanatory statement describing why a privacy policy could be updated—such as to accommodate new offerings or evolving customer needs—serves as a rationale typically found in sections that announce policy revisions, aligning with the 'Updated Privacy Policy' label.",2
28049,1004,"A sentence that articulates the lawful bases or legal justifications under which personal information is processed serves the purpose of informing individuals about why their data is handled, which is a core element of a right-to-know disclosure.",3
28049,290,"A disclosure addressing the authority or business arrangement behind processing personal information helps users understand the purposes and legal foundations of collection, which is integral to describing a right to know collected personal information.",5
28049,654,"When a privacy policy lists the elements that must be disclosed upon request, including business purposes and recipient categories, it is characterizing the right to know about personal information that is sold or shared.",4
28055,1761,A sentence that explains the specific business purpose or operational use of collecting personal information without stating an explicit choice or control for the user falls under the category of describing what data is collected and why.,2
28055,311,"A privacy disclosure that articulates the specific business purposes for which collected personal information will be used directly serves a consumer's right to know, as it clarifies the intended treatment of their data.",6
28058,1842,"A sentence that explicitly names a specific data element and explains how it is used serves to inform individuals about what personal information is collected, fulfilling the right-to-know disclosure.",3
28058,3400,"Categorizing data-collection mechanisms (such as essential versus non-essential) helps disclose the scope of personal information processing, which is central to transparency requirements.",2
2806,3057,"Statements about third-party analytics providers receiving data about users denote an actual transfer of personal information to an outside party, which is the essence of a disclosure.",5
2806,7278,"When a disclosure tells the user how a named third party receives and uses their data through automated tracking, it satisfies the purpose of informing individuals about the parties with which personal information is shared.",2
28064,1569,"A sentence that enumerates specific contact channels (such as postal address, web form, or phone number) for users to pursue data-related requests is classified under methods to exercise rights.",8
28064,3309,"Providing actionable, concrete steps or pathways for users to act on their personal data constitutes a method for exercising privacy rights.",2
28064,7845,"When a sentence enumerates multiple concrete ways a user can request access, modification, or deletion of their data, it falls under the category of methods to exercise rights.",2
28068,1004,"A sentence that articulates the lawful bases or legal justifications under which personal information is processed serves the purpose of informing individuals about why their data is handled, which is a core element of a right-to-know disclosure.",3
28068,290,"A disclosure addressing the authority or business arrangement behind processing personal information helps users understand the purposes and legal foundations of collection, which is integral to describing a right to know collected personal information.",5
28068,3134,"A statement that clarifies data is processed on behalf of third-party customers establishes the service-provider relationship and thereby reveals the parties and contexts involved in data handling, supporting transparency about the flow of personal information.",2
28069,1941,A sentence that explicitly lists the categories of sources for collected personal information as something to be disclosed is a core element of a right-to-know provision.,2
28069,290,"A disclosure addressing the authority or business arrangement behind processing personal information helps users understand the purposes and legal foundations of collection, which is integral to describing a right to know collected personal information.",5
28069,4393,"When a privacy policy section enumerates the rights of individuals to request details about data practices, a sentence describing the permissible uses of data that does not identify the person informs the right to know what personal information is collected.",2
28073,1869,A sentence that explicitly grants a consumer the right to request information about disclosures of personal information to third parties for marketing purposes falls under the category of describing a right to know about the sale or sharing of personal information.,7
28073,3748,Disclosure statements that list types of recipients or sources of shared data are a standard mechanism for satisfying transparency obligations regarding the sale or sharing of personal information.,3
28074,2295,"The label for describing the right to know about personal information sold or shared applies when the sentence delineates categories of recipients and the business purposes behind the transfer, thereby enabling consumers to understand how their information is used outside the company.",6
28074,320,"A statement that indicates the company transfers personal information to other organizations for the delivery of services and administrative support constitutes a sharing disclosure, which is the subject of a consumer right to know.",3
28074,3746,"When a privacy notice describes providing personal information to external entities for operational functions like analytics or compliance, it is communicating a sharing practice that a consumer would have the right to know about.",2
28085,7120,The use of permissive language like 'may disclose' combined with a range of commercial purposes signals that the sentence is informing consumers of their right to know about potential data transfers to third parties.,2
28087,1655,"A sentence that enumerates the tasks or functions performed by third-party recipients of personal data serves to specify the business or commercial purpose behind the disclosure of that data, and is therefore classified as pertaining to the sharing/disclosure of personal information.",2
28088,649,A sentence that specifies the applicable privacy policy for data collected by a third party through a company's interface directly addresses the consumer's right to know when their personal information is handled by other parties.,3
28118,1916,A sentence that explicitly informs a data subject of an actionable method to stop receiving promotional communications describes a restriction on the use of their personal information.,4
28118,2317,A sentence that informs users of a specific mechanism (such as an opt-out or unsubscribe link) to stop receiving communications describes a right to limit the use of their personal data.,3
28118,2721,A sentence that references a clearly labeled opt-out or unsubscribe option indicates that the organization provides a means for users to restrict the use of their personal data for promotional purposes.,2
28119,1916,A sentence that explicitly informs a data subject of an actionable method to stop receiving promotional communications describes a restriction on the use of their personal information.,4
28119,3279,A statement that mentions withdrawing consent for processing certain personal data indicates that it is explaining a user's right to limit the use of that data.,3
28119,6294,The inclusion of an 'opt-out' or 'unsubscribe' capability in privacy-related text serves as a direct description of an individual's right to restrict how their personal information is processed.,2
28150,2427,"In a privacy disclosure, a sentence that delineates a subcategory of collected data—such as a physiological or behavioral attribute—serves to enumerate the scope of information covered, thereby fitting the 'categories of personal information' label.",3
28150,420,A label for a 'Description of Right to Know PI Collected' applies when the sentence explicitly grants an individual the ability to obtain an accounting of their collected personal information and its flow.,8
28150,7327,"When a sentence enumerates the specific types of information a consumer can request (e.g., categories of data and recipient identities), it serves to describe the scope of the right.",2
28152,313,A disclosure that enumerates the categories of personal information to be collected and the purposes for their collection constitutes a description of the right to know about data practices.,3
28155,413,"A label describing a consumer privacy right applies when the sentence directly identifies a discrete disclosure a data subject may demand, such as the exact personal information collected.",2
28168,1227,"A statement that conditions an organization's compliance obligation on whether a particular data-sharing practice falls within the legal definition of a 'sale' still serves to inform individuals of their opt-out right, because it delineates the scope of that right under the applicable privacy law.",2
28168,641,"A privacy notice that affirmatively states an entity does not sell or share personal information directly informs consumers whether the right to opt out is currently exercisable or merely prospective, making it a foundational description of that right.",2
28175,1286,A sentence that defines a data-collection mechanism and explains how it captures or stores user-specific information serves to inform individuals about the types of personal data that are collected.,2
28213,1622,"A sentence that enumerates the categories of sources from which personal information is gathered directly informs consumers of the origins of their data, thereby fulfilling the disclosure obligation associated with the right to know about collected information.",3
28213,4419,"Statements that detail the specific categories and pieces of personal information to be provided are characteristic of privacy notices that explain a consumer's right to know about collected, shared, or sold data.",9
28214,1557,"A sentence that enumerates the specific data elements a consumer may request from a business—such as categories of personal data collected, sources, purposes, and third parties—describes the right to know/access personal information.",6
28214,2295,"The label for describing the right to know about personal information sold or shared applies when the sentence delineates categories of recipients and the business purposes behind the transfer, thereby enabling consumers to understand how their information is used outside the company.",6
28215,855,A sentence enumerating the specific types and origins of personal data that a data subject may request is characteristic of a disclosure of the scope of a privacy access right.,3
28233,2698,"When a sentence details specific contact channels (e.g., email, postal address) for submitting a formal privacy request, it conveys how a user can assert a regulatory right.",2
28233,4732,"Language that obligates the organization to respond to privacy complaints or data-use issues signals an operational mechanism for users to raise requests, thereby qualifying as a rights-exercise method.",2
28237,3525,Statements outlining the actions an organization will take to facilitate a response to a data subject request are part of the procedural guidance for exercising privacy rights.,2
28238,1765,A sentence that explains the types of information a consumer may request regarding the sale or disclosure of their personal information is describing a consumer privacy right.,2
28238,1849,"A sentence that explicitly enumerates a consumer's right to request information about the collection, use, disclosure, or sale of their personal data is classified as a description of the right to know about such data practices.",5
28238,6257,"The presence of terms like 'direct marketing purposes' and 'third parties' clarifies that the disclosure right pertains specifically to the sale or sharing of personal information, aligning with a description of the right to know.",4
28240,1387,"A sentence that prescribes the specific format, required content, or procedural steps for submitting a privacy-related request is classified as describing a method to exercise rights.",7
28247,2127,"A sentence that explicitly states that the purpose of a privacy notice is to satisfy legal consumer-notice obligations is describing the right to know, because that right fundamentally concerns informing consumers about what personal information is collected.",2
28252,5501,Sentences that begin with a direct assertion of a user's right and then specify the conditions or considerations for exercising that right are treated as explanatory statements of that legal or privacy right.,2
2828,2314,"A sentence that informs consumers of a mechanism to stop or restrict a specific type of data processing, such as an opt-out, is characteristic of a description of a data-subject right.",2
2828,3526,"When a sentence narrows the described right to a specific data category, such as sensitive personal information, it serves to define the scope of the right and thus functions as a description of that right.",11
28288,1187,A sentence that explicitly names a consumer right using standard legal terminology is classified as a description of that right.,11
28288,6065,Statutory citations within a rights description are used to delineate the precise scope of the right by referencing the governing law.,2
28291,16,A citation to a specific statutory code section that is embedded directly after a clause describing a consumer right indicates that the sentence functions as a legal reference supporting that stated right.,2
28303,1811,A sentence that explicitly states a prohibition against discrimination for exercising legal rights directly describes the right to non-discrimination.,23
28303,741,"For a sentence to be labeled as describing a right to non-discrimination on exercising rights, it must explicitly or implicitly address both the act of exercising a right and the accompanying protection from discriminatory treatment.",5
28377,4393,"When a privacy policy section enumerates the rights of individuals to request details about data practices, a sentence describing the permissible uses of data that does not identify the person informs the right to know what personal information is collected.",2
28378,1320,"A statement that explicitly informs users of their ability to decline a specific data processing practice, such as targeted advertising, constitutes a description of the right to opt out of the sale of personal information when that practice is treated within the policy as a form of sale or sharing.",3
28378,7886,"When a sentence explains that a consumer can choose not to receive something only by exercising a specific opt-out action, it is defining the scope of control the consumer holds over the use of their personal information.",2
28385,1830,"A sentence that explicitly names a consumer control over sensitive personal information, such as limiting its processing, is classified as describing the right to limit use of personal information.",4
28385,2688,A sentence that specifies a concrete mechanism or tool for users to exercise control over the processing of their personal data is classified as a description of the right to limit use of that data.,3
28387,1743,A sentence that serves as a heading or lead-in to further details about opt-out or limitation mechanisms is part of the description of the right to limit use of personal information.,2
28387,3264,Statements that clarify the practical mechanism by which a consumer's data will be excluded from marketing activities characterize the right to limit or control the use of personal information.,3
28400,2062,A sentence that explicitly states it explains data collection practices and user consent is a description of the right to know what personal information is collected.,3
28411,3400,"Categorizing data-collection mechanisms (such as essential versus non-essential) helps disclose the scope of personal information processing, which is central to transparency requirements.",2
28411,7526,"When a privacy notice differentiates among types of data collection, it provides the specific actionable information consumers need to exercise their right to know about information practices.",2
28425,4395,"In privacy and data-protection contexts, statements framed as noun phrases or list items that enumerate permissible actions regarding personal data commonly serve as concise descriptions of specific data subject rights.",2
28429,2483,"A sentence that names a class of data about individuals, accompanied by clarifying examples of that data type, functions to identify a category of collected personal information.",2
28429,5417,"Section headings that explicitly reference 'Personally Identifiable Information' and 'Collection' indicate that the accompanying content will enumerate the types of personal data collected, which is the substance of a right-to-know disclosure.",2
28429,643,"A statement that pairs 'collection' with 'general use' addresses both the data-gathering practices and the purposes for which data are used, thereby covering the two core elements of a right-to-know privacy notice.",2
28449,1150,A sentence that explicitly names a consumer privacy right in its heading and then elaborates on what that right allows the consumer to do is classified as a description of that right.,41
28449,5610,"When a sentence explains the conditions or circumstances under which a privacy right can be exercised, it provides the substantive content needed to classify it as a description of that right.",2
28454,16,A citation to a specific statutory code section that is embedded directly after a clause describing a consumer right indicates that the sentence functions as a legal reference supporting that stated right.,2
28454,426,A sentence that explicitly states a user can request to limit or restrict the use or disclosure of their personal information is classified as a description of a right to limit use.,9
28474,1150,A sentence that explicitly names a consumer privacy right in its heading and then elaborates on what that right allows the consumer to do is classified as a description of that right.,41
28474,6658,"The presence of a specific jurisdiction qualifier, such as 'a California resident,' signals that the sentence is defining the nature of a legal entitlement within a privacy framework.",3
28474,820,A sentence describing the scope and purpose of a consumer privacy right should state what the right allows the individual to request or learn about.,2
28487,3065,A statement that explicitly declares the policy may be revised in the future and specifies how users will be informed of such changes functions as an announcement of potential updates.,4
28487,6304,The inclusion of a section heading that signals changes to the policy indicates the content belongs to a revision notice rather than to the operative terms.,2
28528,3258,A statement that introduces a topic about other websites and their data collection practices is treated as part of the right-to-know disclosure when it frames those practices as involving the user's personal information.,2
28528,401,A heading that signals content about third-party data practices is labeled as a disclosure of the right to know about selling or sharing personal information when it introduces details of external data collection and sharing.,3
28530,26,"In a privacy disclosure, a clause that lists the types of external parties to whom personal information is disclosed for operational reasons is a necessary part of informing consumers about data sharing, which falls under the right-to-know label.",3
28530,316,"A disclosure that explicitly disclaims control or endorsement of third-party sites, within a section on information sharing, functions as a notice that a user's personal information may be transferred to entities outside the company's direct governance.",2
28584,330,"Statements describing how data collected by an external party is subject to a separate privacy policy are typical of a disclosure that personal information may be sold or shared with third parties, as they clarify the division of responsibility for the user's data.",4
28584,649,A sentence that specifies the applicable privacy policy for data collected by a third party through a company's interface directly addresses the consumer's right to know when their personal information is handled by other parties.,3
28588,3169,"A statement that directs users to the advertiser's separate privacy policy discloses the relevant party's data practices, thereby describing the collection of personal information and the applicable notice.",2
28588,4254,"Informing users that they are subject to another party's privacy policy is a way of describing the circumstances under which personal information may be collected, which is part of a right-to-know disclosure.",3
28608,1069,"A sentence that addresses how an opt-out request interacts with sales of personal information, even by negating certain effects, counts as describing that opt-out right.",2
28608,215,"A description of an opt-out right often includes the types of non-personalized or non-targeted processing that remain permissible, which helps set accurate expectations for the data subject.",2
28612,211,"A description of an opt-out right often clarifies what remains unchanged after the choice is made, so users understand the limited scope of the opt-out.",4
28620,2142,"A sentence that references a specific, named tool or mechanism for opting out directly describes the exercise of the opt-out right.",2
28620,3126,A statement that assures the user their choice is honored without delay falls under the description of the opt-out right.,2
28620,3766,Informing the user about the immediate consequences of their opt-out action constitutes a description of the opt-out right.,2
28625,214,"Detailing the scope of an opt-out right, including that it applies per browser and website rather than globally across all devices, is characteristic of a full description of that right.",3
28628,1426,A sentence that explains the practical steps a consumer must take to fully effectuate an opt-out right constitutes a description of that right.,2
28665,4254,"Informing users that they are subject to another party's privacy policy is a way of describing the circumstances under which personal information may be collected, which is part of a right-to-know disclosure.",3
287,2282,A sentence that identifies a specific tracking technology used on a service signals that personal information is being collected through that technology.,2
287,3244,"A statement that identifies the channels through which user data is captured (e.g., cookies, beacons) is a disclosure about what types of personal information are obtained, because it specifies the classes of data acquired via those channels.",2
28702,1521,"A sentence that enumerates the categories of third parties receiving personal information for a business purpose directly addresses the consumer's right to know about the sharing of personal information, as it specifies the recipients of data transfers.",15
28702,328,"A privacy notice that enumerates the categories of third-party recipients of personal information often functions as the required disclosure of categories of personal information sold or shared, because regulations treat transfer to those commercial parties as a sale or sharing.",5
28702,6470,"Using the phrase 'categories of third parties' signals that the statement is disclosing the recipients of personal information, which is a core element of transparency obligations regarding data sharing and selling.",4
28702,7958,"When a sentence is framed as a factual description of with whom personal information is shared, it naturally fits the legal requirement to explain the categories of recipients in the context of a right-to-know provision for sold or shared data.",3
28709,1893,A sentence that explicitly grants users the right to request access and receive copies of their personal data directly describes the consumer right to know what personal information has been collected and processed.,6
28709,5309,"References to a defined lookback period (e.g., the preceding 12 months) when describing what data subjects may request signals a statutory right-to-know disclosure akin to privacy regulations like the CCPA.",4
28709,6476,"When a sentence frames an action as a user-initiated request ('you can request') for personal information already collected, it signals a description of a privacy right rather than a statement of operational practice.",3
28711,2092,"A sentence that explicitly states a user's ability to refuse a specific data practice, such as selling personal information, directly constitutes a description of the right to opt out of that practice.",4
28716,7176,"When a sentence enumerates specific adverse actions (e.g., denying services, raising prices, reducing quality) that will not be taken as a result of exercising rights, it clarifies the concrete scope of that non-discrimination right.",2
28729,1756,A sentence that explains the reason or justification behind a user's ability to opt out helps to describe that opt-out right.,2
28729,969,A sentence linking data collection to advertising purposes and tying that to a user's ability to restrict the practice is part of explaining the right to opt out of the sale of personal information.,2
28745,3433,"In a disclosure concerning the right to know what personal information is collected, any statement clarifying the mechanisms or conditions that affect that collection is relevant to describing the right.",4
28774,1512,A sentence that enumerates the specific disclosures a consumer may request—such as business purposes for collection or sale and categories of third parties receiving data—functions as a description of the right to know about those sales or shares.,4
2882,1279,A sentence that couples the right to request information with the word 'sell' in the context of personal data is a clear indicator that it belongs to a category describing the right to know about the sale or sharing of personal information.,2
2882,1521,"A sentence that enumerates the categories of third parties receiving personal information for a business purpose directly addresses the consumer's right to know about the sharing of personal information, as it specifies the recipients of data transfers.",15
28825,3212,A statement that frames a right in terms of the data the organization possesses about the person and the individual's ability to receive that data constitutes a description of the right to know collected personal information.,4
28825,3260,Privacy statements that empower data subjects to request disclosure of their collected information serve to operationalize the statutory right to be informed about personal data processing.,3
28829,199,"Descriptions of deletion rights usually include an explicit exception clause that allows the business to retain data under certain defined circumstances, reflecting that the right is not absolute.",2
28829,203,"A description of a deletion right typically specifies that the deletion action is contingent on first receiving and confirming a verifiable consumer request, establishing a procedural precondition for exercising the right.",2
2884,5703,Sentences that outline the precise contents of a mandated privacy disclosure—detailing what categories of information are reported to the requesting consumer—are characteristically classified as descriptions of the access or right-to-know right.,2
2884,853,"A sentence enumerating the categories of recipients of sold personal information falls under the umbrella of the consumer's right to know, because that right encompasses disclosures about data sharing and sales.",2
28853,4610,"Language detailing that revisions will be posted on a designated page and take effect only from a specified point onward indicates a prospective-update provision, a hallmark of policy-update sections.",2
28854,645,A privacy policy provision that explicitly states the policy may be revised or updated over time is typically categorized as an update notice for that policy.,6
2896,238,"A description of a right to limit use of personal information typically details the conditional or alternative handling of a request, making the consumer's control over data usage explicit.",5
2896,2576,A sentence that outlines a consumer's ability to opt out of or restrict a specific type of automated processing describes a limitation on the use of personal information.,2
2896,3516,Descriptions of a company's discretionary option to treat a request as an opt-out from data sales are functional explanations of the right to limit the use of personal information for commercial purposes.,2
28961,1301,A sentence that explains the conditions or limitations of privacy control mechanisms belongs under this label because it helps users understand how to effectively exercise their rights.,2
28961,3918,"When a privacy notice describes user rights, clarifying that preferences are tied to specific browsers or devices is essential for instructing users on the practical scope of those methods.",2
28969,3093,"A statement indicating how future modifications to a policy will be communicated to users is characteristic of an updated privacy policy, as it addresses the revision process.",5
28969,4570,"Language describing the process for announcing or documenting changes to a policy—such as noting them on a designated page—signals a commitment to transparency about revisions, a hallmark of an updated privacy notice.",3
2897,165,"A sentence that explicitly describes how users will be informed of revisions to a policy indicates the policy is subject to change, which supports the 'Updated Privacy Policy' label.",26
2897,5,"When a sentence's main purpose is to announce or introduce the act of changing a privacy policy, it is categorized as an updated privacy policy.",4
2897,5446,"When a sentence is grouped with other sentences that give guidance about revisions, effective dates, or posting of changes, it reinforces the interpretation that the sentence belongs to the 'Updated Privacy Policy' category.",3
28971,1436,A sentence that explicitly affirms the user's ability to make a choice regarding the sale of their personal information is a description of the right to opt out.,24
28971,1789,A sentence that explicitly states a consumer's ability to prohibit the sale of their personal information directly expresses the right to opt out of such sale.,11
28971,2955,"When a sentence frames the action as a consumer's entitlement under law and names the data transaction (sale of personal information), it qualifies as a description of the opt-out right.",2
28971,6363,"The presence of the phrase 'Do Not Sell' serves as a canonical marker of the opt-out right, irrespective of surrounding explanatory text, because it names the precise action the consumer can forbid.",3
28973,224,"A description of a right includes the scope of the right, such as what information it covers and from whom it can be requested.",4
28973,596,Clarifying the legal definition of key terms (such as what constitutes a 'sale' of personal information) under the relevant law is characteristic of a description of a right to opt out.,2
28978,1432,"A sentence that enumerates specific contact channels (e.g., a website URL and a telephone number) for exercising privacy rights is classified as a method for exercising those rights.",7
28978,1926,A sentence that instructs users on specific actions to take to exercise their privacy rights is classified as describing methods to exercise rights.,11
28981,1192,"A sentence that discusses the scope of an opt-out right by referencing the legal definition of 'sale' and its exceptions directly concerns the categories of personal information that are sold, since it delineates which transfers fall inside or outside that category.",3
29050,2124,A sentence that explicitly states that personal information may be sold or shared for cross-contextual behavioral advertising and references legal definitions of those terms serves the purpose of disclosing the categories of personal information that the entity sells or shares.,3
29050,6944,"When a privacy disclosure uses the specific legal terms 'sell' or 'share' in the context of advertising and ties them to applicable law, the content is naturally categorized as describing the sale or sharing of personal information categories.",4
29072,2063,"When a disclosure describes sharing personal information without confining it to narrow, internal processing roles, it signals that the data could be treated as a merchantable asset, which justifies labeling the sentence as pertaining to the categories of sold personal information.",5
29072,2124,A sentence that explicitly states that personal information may be sold or shared for cross-contextual behavioral advertising and references legal definitions of those terms serves the purpose of disclosing the categories of personal information that the entity sells or shares.,3
29072,4111,"Mentioning the categories of third parties to whom personal information may be sold or shared, in the context of commercial purposes, supports classification as a statement about categories of personal information sold.",2
29079,4425,"When a sentence enumerates a specific data-right action in a privacy policy, it is categorized according to the underlying right being granted to the user.",3
29091,1327,A sentence that provides a specific action or instruction for how an individual can exercise a data privacy right is classified as a method for exercising that right.,9
29112,173,"A sentence that explicitly names a right, such as 'Right to Request Deletion,' and states that the user may ask for deletion of their personal information directly describes the entitlement itself, warranting the corresponding label.",6
29112,4302,"The inclusion of a qualifier such as 'subject to certain exceptions' indicates that the sentence is describing the scope and limitations of the right, not merely mentioning it.",7
29112,5028,"When a sentence addresses the individual directly ('you have the right') and specifies the scope ('Personal Information that we have collected from you'), it functions as a notice of a deletion right.",2
29119,2075,A sentence that explicitly states a commitment to refrain from discriminatory treatment when individuals exercise their enumerated rights is classified as a description of that non-discrimination right.,2
29229,389,A heading that introduces a section describing the purposes for which personal data is transferred to third parties is classified as indicating the categories of information shared or disclosed.,3
29262,5540,"Sentences that provide actionable, step-by-step instructions for disabling tracking, resetting identifiers, or otherwise limiting data collection describe concrete mechanisms users can employ to exercise their privacy rights.",2
29267,1675,A sentence that explicitly grants a consumer the right to request disclosures from a business about its handling of personal information is correctly labeled as describing a 'Right to Know' provision.,6
29267,1867,"When a sentence enumerates the categories of personal information and the sources from which it was collected as items that must be disclosed, it directly mirrors the legally defined content of a 'Right to Know' privacy disclosure.",2
29269,489,"An explicit announcement that specific information will be provided, followed by details about categories of personal data and third parties, signals that the sentence sets out the scope of a right-to-know disclosure.",3
29269,792,"A sentence describing a specific legal right granted to residents under a particular statute, and what that right entails, is classified as a description of the right to know about personal information being sold or shared.",2
29270,1521,"A sentence that enumerates the categories of third parties receiving personal information for a business purpose directly addresses the consumer's right to know about the sharing of personal information, as it specifies the recipients of data transfers.",15
29270,3833,"When a statement explicitly distinguishes information 'shared for a business purpose' from information 'sold', it typically functions to explain the scope of a right-to-know provision covering those transfers.",2
29271,5112,"Phrases like 'personal information we collected about you' directly frame the content as the business's response to a consumer inquiry about collected data, which is the essence of a right-to-know description.",2
29276,1825,A sentence that explicitly excludes a type of information from the definition of personal information clarifies the boundaries of the categories of personal information that are shared or disclosed.,3
29276,3198,"A statement that explicitly draws a boundary around which data counts as personal information, using phrases like 'may constitute Personal Information,' is a direct categorization of the data types under discussion.",3
29294,1029,"A sentence that identifies the date from which the current terms apply indicates that the policy has been revised, making it a direct indicator of an updated policy.",2
29294,1084,Sentences denoting the effective date of a policy section are labeled as updates when they coincide with a policy change notice and re-set the applicable timeframe.,6
29294,2675,A sentence that provides a concrete timestamp for when a policy takes effect is typically labeled as an updated policy because it marks the point of the latest revision.,2
29294,473,"A sentence that specifies an explicit effective date is commonly used to signal that a policy has been updated, as the date marks the start of the new terms.",15
29338,5755,Statements that note permissible differential treatment under a specified legal framework clarify the scope of a non-discrimination guarantee.,2
29338,789,A sentence that states a legal prohibition against differential treatment and outlines qualifying exceptions is describing a consumer's right to non-discrimination.,2
29402,3250,A statement that informs users of an action they can take to limit data collection or processing describes a user control right over their personal information.,2
29439,299,"A disclosure provision that identifies third-party recipients such as government officials, courts, or law enforcement and ties the sharing to legal or regulatory obligations is an articulation of a category of personal information shared or disclosed.",2
29439,630,A privacy disclosure sentence is classified under the category of collected information when it explains how the organization will use data about an individual's interests and choices to customize future interactions.,7
295,1290,A sentence that explicitly names a specific data privacy right and explains who holds that right is classified as a description of that right.,22
295,1296,A sentence that names a specific type of information a consumer can request under a data privacy right is a description of the scope of that right.,8
295,788,"A sentence describing the right to know about personal information collection and use is considered a description of the right to know about personal information sold or shared, as the right to know covers all such activities.",4
29516,406,"A label concerning the categories of personal information collected applies to any sentence that identifies the kinds of personal data an organization handles, even when the sentence primarily describes an activity like inviting someone to research.",9
29523,6700,"When a sentence enumerates specific data types about user actions (e.g., page views or search queries), it is identifying categories of information that are collected, regardless of whether the text labels them as personal or non-personal.",2
29539,1123,"A sentence that articulates the scope or boundary of an opt-out mechanism, such as which specific devices or browsers it affects, serves to explain how a user can exercise control over their personal information, thereby describing the right to limit its use.",3
29545,1953,"A sentence that names a specific commercial data practice (such as affiliate marketing) and explicitly uses the phrase 'opting out' is properly labeled as a description of the right to opt-out of the sale of personal information, because such practices commonly involve transferring consumer data to third parties for value.",2
29545,429,"The label 'Description of Right to Opt-out of sale of PI' applies to sentences that either state the right directly or plainly identify the subject matter of the opt-out, since such references form part of the disclosure required to make the statutory right effectively exercisable.",4
29545,554,Any sentence that frames the consumer's ability to forbid the transfer or distribution of personal data to third parties inherently characterizes the opt-out-of-sale provision.,2
29545,7044,"When a section begins with a phrase matching 'opting out of [a particular data use]', that sentence serves as a description of the opt-out right because it clearly informs consumers that a separate mechanism exists to halt the sale of their personal information within that use.",2
29610,2092,"A sentence that explicitly states a user's ability to refuse a specific data practice, such as selling personal information, directly constitutes a description of the right to opt out of that practice.",4
29614,992,"A sentence offering a direct, actionable way to address issues or requests falls under the label for methods to exercise rights.",4
2963,854,"A sentence that enumerates the specific categories of personal information a company must disclose upon request, including sources, purposes, third parties, and business-purpose disclosures, is describing the consumer's statutory right to know about the collection, sale, and sharing of personal information.",8
29643,2240,A sentence that is a short noun-phrase heading explicitly combining 'updates' and 'policies' signals a section announcing changes to privacy policy.,3
29643,365,"The presence of a heading or phrase such as 'CHANGES TO THE PRIVACY POLICY' directly indicates that the content addresses modifications, aligning with the label.",7
29792,6804,"When a sentence lists law-recognized data classes (e.g., Identifiers, Commercial information, Network activity, Geolocation) with concrete examples, it is asserting the categories of personal data that the organization handles, characteristic of a collected-categories disclosure.",2
29797,2089,"A sentence that explicitly states the business or commercial purpose for collecting, selling, or sharing personal information directly addresses the consumer's right to know how their data is used, which is a core element of the 'Right to Know' disclosure.",3
29797,428,"The label 'Description of Right to Know PI sold / shared' applies to sentences that articulate the circumstances under which personal information is collected and used, including the legal justifications that permit such sharing.",11
29797,4847,When a sentence enumerates the specific data categories a consumer may request—such as third parties with whom information was shared or sold—it signals that the text is defining the scope of a right-to-know provision regarding sales or sharing.,3
298,1847,A sentence that explicitly employs the verbs 'correct' or 'rectify' with reference to personal data characteristically describes the data subject's right to have inaccurate information amended.,10
298,1981,"A sentence that explicitly states an action a data subject may take regarding their own personal data, using the verb as the operative right, directly names the corresponding data-protection right.",2
298,6850,"The presence of possessive referents such as ""your"" combined with actions like ""correction"" marks the text as explaining a data-subject right.",2
29803,1798,A sentence that explicitly announces modifications or alterations to a policy's provisions serves as a direct cue that the policy has been revised and reissued.,2
29880,1542,"A sentence that identifies a category of third-party recipients within a disclosure section, where the surrounding text establishes that personal information is transferred to such recipients, constitutes a category of personal information shared or disclosed.",8
29880,4463,"In privacy policy text, a passage that defines a key term and then points to enumerated category lists is characteristically used to declare which types of personal information the business treats as sold.",3
29910,3302,"The right to delete is typically framed by exceptions that allow retention for protective or legal activities, so sentences stating such exceptions belong to the right's description.",5
29910,3313,"A statement that qualifies when a deletion right applies by acknowledging legal constraints informs the data subject about potential restrictions, which is a key component of describing that right.",3
29914,1723,"A sentence that explains the conditions or limitations under which an opt-out right applies, including when it may not be fully effective, serves to describe that right.",2
29914,3661,"Descriptions of an opt-out right often include caveats about how the choice impacts the delivery of services, as such caveats are essential for the individual to make an informed decision.",2
2992,1712,"A sentence that tells users how to prevent their personal information from being sold indicates a privacy right of opt-out, which is typically labeled as a description of that right.",3
2992,1780,The surrounding document's focus on the right to opt out of the sale of personal information implies that adjacent sentences enabling opt-out actions are interpreted as elaborations of that same right.,3
29946,868,"A sentence that explicitly enumerates the specific types of personal data (e.g., Identity Data, Contact Data) being conveyed to an external party identifies the categories of information disclosed.",6
29950,117,A sentence that names the 'right to opt out' and ties it to 'sale(s) of personal information' precisely matches the defining content of the label for such opt-out rights.,3
29950,2032,"A sentence that explicitly names the right or action being addressed, such as using the exact phrase 'opt-out of sales,' is a strong direct indicator of a description of that right.",3
29950,3593,"Describing a right in the form of a direct request or instruction, rather than as a passive statement of policy, is characteristic of a 'Description of Right' label.",2
29956,236,A sentence that articulates a statutory or regulatory right for individuals to obtain details about the disclosure of their personal information to third parties constitutes a description of a right to know about such sharing or selling.,21
29956,4350,"Stating the time frame (e.g., preceding 12 months) anchors the disclosure to a specific reporting period, a common feature of right-to-know notices.",3
29956,5113,The use of terms like 'right to request' and 'disclose' directly indicates that the text is articulating a privacy-based access or knowledge right for individuals.,3
29956,788,"A sentence describing the right to know about personal information collection and use is considered a description of the right to know about personal information sold or shared, as the right to know covers all such activities.",4
29957,1886,"Phrasing such as 'you have the right to request that [entity] delete' directly frames the user's entitlement, making the sentence a declarative statement of the right itself rather than a procedure or a denial.",3
29957,6300,"The inclusion of a qualifier such as 'subject to certain limitations' signals that the sentence is framing the right as a legal entitlement with defined boundaries, which is characteristic of a descriptive statement of the right.",2
2996,1893,A sentence that explicitly grants users the right to request access and receive copies of their personal data directly describes the consumer right to know what personal information has been collected and processed.,6
29961,1256,A sentence that explicitly promises not to discriminate against consumers for exercising their privacy rights directly states and thereby describes the right to non-discrimination.,21
2999,1804,A sentence that states a consumer's entitlement to instruct a business to restrict processing of a specific data category directly constitutes a description of the right to limit the use of that personal information.,15
30,6687,"The presence of explicit action verbs such as 'delete,' 'aggregate,' or 'de-identify' applied to personal data signals that the statement concerns the right to have data removed.",2
30,671,A provision defining the scope of removal — covering all personal data unless earlier exclusions apply — characterizes the boundaries of a stated data-deletion right.,2
3000,2353,Sentences that instruct readers on how to contact an organization to initiate a request for exercising privacy rights are classified under methods for exercising those rights.,3
3000,419,"A label describing methods to exercise rights is applied when the sentence names specific procedural channels (e.g., a request form, an email address) that a data subject must use.",2
30080,1136,The presence of surrounding text that names specific types of personal data and the parties to whom they may be transferred indicates that an otherwise brief heading belongs to the 'categories sold' disclosure.,3
30080,378,"When a heading includes the label's core legal term 'Sold' combined with 'Personal Information' and 'Categories', the listed recipients and purposes that follow are best interpreted as describing the categories of personal information sold.",2
30080,953,A sentence is labeled as a sold category when it restates the exact definition of a personal information category that appears in the disclosure's list of categories the business has sold under applicable state privacy laws.,4
30091,3381,"Language describing how and when the policy will be changed, including notice requirements, is characteristic of an 'updates to the policy' disclosure, which directly reflects the updated-policy label.",3
30139,3096,A statement indicating that individuals can determine or impose limits on how their information is used or distributed reflects a privacy right that grants control over data utilization.,2
30160,312,"A disclosure that enumerates specific data categories (like identifiers, commercial information, geolocation) and ties them to transfers to third parties is characteristic of a statement about the categories of personal information sold.",4
30160,389,A heading that introduces a section describing the purposes for which personal data is transferred to third parties is classified as indicating the categories of information shared or disclosed.,3
30219,1317,A sentence that describes a concrete action a user can take to exercise a privacy right—such as using a specific control or mechanism—is classified as a method to exercise rights.,3
30270,4822,The label 'Description of Right to Non-discrimination on exercising rights' applies when the sentence states that discrimination is prohibited specifically as a consequence of invoking other stated rights.,6
30270,6471,"The phrase 'for exercising any of the rights described in this section' ties the non-discrimination promise to specific rights, indicating that the sentence is a description of that right's scope rather than a general policy statement.",2
30270,6631,"The presence of a phrase such as 'right to not be discriminated against' is a direct indicator of a non-discrimination right, and when it is tied to 'exercising certain of your rights', it signals that the description specifically concerns the exercise of rights.",4
30278,1029,"A sentence that identifies the date from which the current terms apply indicates that the policy has been revised, making it a direct indicator of an updated policy.",2
30294,3662,The use of the phrase 'Right to Opt-Out' followed by an explanation of what that right entails directly aligns with a label that categorizes such descriptions of the opt-out right.,5
30294,609,"A sentence that explicitly states a consumer has the right to opt out of a specific data practice (such as the sale of personal information) directly expresses a description of that right, warranting a label naming the right.",6
30294,8016,"When a sentence identifies both the action (opt-out) and the object (sale of personal information to third parties), it provides the specific scope needed to assign a label that names that precise right.",2
3030,1173,"A sentence that enumerates the types of data collected (e.g., activity, preferences, inferred attributes) is categorized as disclosing the categories of personal information involved.",12
30351,1217,A sentence that explicitly grants users the ability to object to or opt out of a specified use of their personal data constitutes a description of a right to limit use of personal information.,12
30351,3447,"Clarifying which categories of personal information fall outside a right to limit use helps consumers understand the exact scope of their control, making it a descriptive component of that right.",2
30351,3516,Descriptions of a company's discretionary option to treat a request as an opt-out from data sales are functional explanations of the right to limit the use of personal information for commercial purposes.,2
30391,1024,A sentence referencing a specific statute governing data privacy contributes to describing a deletion right by indicating the legal constraints under which that right is exercised and may be refused.,3
30391,1879,"A sentence that explicitly states a user's entitlement or right, using phrases like 'you have the right to request...', is typically classified as a description of that right.",12
30391,6796,The presence of language indicating an action the data controller will undertake or acknowledge upon request—like treating a request as deletion—reinforces that the sentence belongs to a section describing the right to delete.,2
30396,1974,A sentence that explicitly names a specific privacy statute and states the right it grants to consumers is typically categorized as describing a statutory right to know or access personal information.,5
30396,7422,"When a passage begins with a heading that names a right and then proceeds to explain the conditions under which that right can be invoked, the subordinate sentence functions as a description of the right's availability and application.",2
30400,7730,"When a sentence connects anti-discrimination guarantees to the exercise of other consumer privacy rights (like access, deletion, or opt-out), it characterizes a right to non-discrimination on exercising those rights.",2
30401,1256,A sentence that explicitly promises not to discriminate against consumers for exercising their privacy rights directly states and thereby describes the right to non-discrimination.,21
30401,668,A provision that promises no adverse consequence—such as altered services or withheld benefits—upon a consumer invoking a recognized right is a hallmark of a non-discrimination clause in privacy legislation.,2
30401,7730,"When a sentence connects anti-discrimination guarantees to the exercise of other consumer privacy rights (like access, deletion, or opt-out), it characterizes a right to non-discrimination on exercising those rights.",2
30419,1762,"A sentence that prescribes a specific procedure or channel (e.g., a form, email, or portal) for taking an action classified as a privacy right falls under the label for methods of exercising that right.",3
30419,2324,"A sentence that instructs an individual to perform a specific action, such as clicking a link and following steps, to enforce a stated right is categorized as a method for exercising that right.",2
30426,1751,A sentence that explains the procedural steps or prerequisites a user must satisfy to exercise a privacy right is categorized as describing a method for exercising that right.,4
30429,3854,Even a negative declaration about selling data still falls under the category of information about sales when it is presented as the response to a specific inquiry about sold data categories.,2
30486,1157,A sentence that begins with 'The right to' followed by an action verb and an object typically functions as a direct statement of a specific consumer or data subject entitlement.,4
30488,1988,"A sentence that explicitly names a privacy right using the phrase 'the right to...' and states what the right allows (e.g., limiting use or disclosure) is a direct description of that right.",3
30636,6921,The presence of the object 'personal data' combined with an action verb like 'correct' identifies the sentence as a description of the right to rectification or correction of that data.,2
30636,786,A sentence that explicitly instructs or mandates the fixing of inaccuracies in information inherently describes the substantive content of a right to correct that information.,4
30638,158,Addressing the data subject directly with phrases like 'you have the right to request' is characteristic of policy notices that articulate a user's legal options.,2
30638,1924,"A sentence that explicitly instructs a data subject on how to exercise a privacy right, such as making a request to restrict processing, constitutes a description of that right.",3
30638,4501,"In the context of data protection, the presence of the term 'personal data' ties the statement to recognized data subject rights, including the right to rectification.",2
30659,6430,"The label 'Methods to exercise rights' applies to sentences that tell individuals how to take action on their own data, including updating information, rather than just describing the rights themselves.",3
30682,1501,"A sentence that enumerates specific recipients or triggering conditions for information disclosure, such as legal obligations or security enforcement, is classified as specifying the categories of personal information shared or disclosed.",5
30682,4392,"In policy documents, section headings that identify with whom information is shared are used to enumerate categories of information sharing or disclosure, making the heading itself a member of that labeled category.",2
30682,5639,"Sentences that identify conditions under which collected information may be provided to another party, rather than describing the data itself, are categorized as categories of sharing or disclosure.",2
30839,2692,A sentence that provides concrete instructions or tools to stop data collection or processing is labeled as a method for exercising data protection rights.,2
30839,6385,"The label applies when the sentence empowers the user to control their personal data through a named procedure, rather than merely stating a policy or fact.",2
30850,469,A sentence that describes how a third-party advertising technology uses collected browsing data to serve targeted ads indicates that the underlying personal information is being shared or disclosed for advertising purposes.,3
30873,1879,"A sentence that explicitly states a user's entitlement or right, using phrases like 'you have the right to request...', is typically classified as a description of that right.",12
30873,4814,"The use of the term 'Personal Data' places the sentence within a data protection context, where describing deletion rights is a common disclosure requirement.",4
30873,6988,"When a sentence specifies the action of removing personal data and identifies that data as belonging to the user, it expresses the core content of the right to delete, justifying the label.",3
30875,1853,"Enumerating the concrete forms of adverse treatment prohibited—such as denial of goods or services, price differences, or reduced quality—indicates a substantive description of the non-discrimination protection.",5
30875,4822,The label 'Description of Right to Non-discrimination on exercising rights' applies when the sentence states that discrimination is prohibited specifically as a consequence of invoking other stated rights.,6
30877,2111,A sentence that explicitly states that a document may be revised over time signals ongoing policy maintenance and is characteristic of an updated privacy policy.,3
30879,1461,"A sentence that directs users to a specific section for viewing policy changes demonstrates that the policy includes provisions for its own amendment, which is characteristic of an updated privacy policy.",2
30905,1849,"A sentence that explicitly enumerates a consumer's right to request information about the collection, use, disclosure, or sale of their personal data is classified as a description of the right to know about such data practices.",5
30905,2988,A short heading that names a consumer privacy right and is immediately followed by text enumerating what information about the sale or sharing of personal information can be disclosed is serving as a description of that right's application to sold or shared PI.,2
30905,5113,The use of terms like 'right to request' and 'disclose' directly indicates that the text is articulating a privacy-based access or knowledge right for individuals.,3
30905,819,"When a sentence explicitly states a right to access or request information about how personal data is shared with third parties, it constitutes a description of the right to know about personal information sold or shared.",4
3097,1150,A sentence that explicitly names a consumer privacy right in its heading and then elaborates on what that right allows the consumer to do is classified as a description of that right.,41
3097,3526,"When a sentence narrows the described right to a specific data category, such as sensitive personal information, it serves to define the scope of the right and thus functions as a description of that right.",11
3099,1156,A sentence that explicitly uses the phrase 'right to opt-out' and names a specific category of data processing (such as 'sale') directly describes that consumer privacy entitlement.,7
3099,7748,"When a sentence contains the exact phrase matching the category label, such as 'Right to opt-out of Sale or Sharing,' it signals that the text is the primary articulation of that right.",2
31005,6988,"When a sentence specifies the action of removing personal data and identifies that data as belonging to the user, it expresses the core content of the right to delete, justifying the label.",3
31017,8107,"When a sentence lists actions a company will not take in retaliation for a consumer exercising a privacy right, it directly describes the scope of the consumer's protection from discriminatory treatment.",2
31045,5043,"When a statement enumerates the categories of user attributes drawn from specific platforms, it serves to specify the types of personal information that are subject to transfer or disclosure",2
31047,1604,A sentence that enumerates specific types of personal data and pairs each with an explicit statement that it is sold or disclosed for advertising purposes directly evidences the disclosure category concerning which personal information is sold.,2
31059,183,A sentence that enumerates a specific category or piece of data within a list of disclosures tied to a defined privacy right serves to describe the scope of that right.,3
31059,4585,The presence of the phrase 'you have the right to request' signals a declarative articulation of a statutory consumer privilege rather than a procedural or exceptional detail.,13
31059,6317,"The inclusion of both collection categories and business purposes indicates the text details the scope and rationale of data processing, which is a hallmark of a 'Right to Know' disclosure.",2
31060,1521,"A sentence that enumerates the categories of third parties receiving personal information for a business purpose directly addresses the consumer's right to know about the sharing of personal information, as it specifies the recipients of data transfers.",15
31060,2295,"The label for describing the right to know about personal information sold or shared applies when the sentence delineates categories of recipients and the business purposes behind the transfer, thereby enabling consumers to understand how their information is used outside the company.",6
31072,1279,A sentence that couples the right to request information with the word 'sell' in the context of personal data is a clear indicator that it belongs to a category describing the right to know about the sale or sharing of personal information.,2
31072,2919,"The use of directive phrasing such as 'you have a right to request' frames the statement as informing the data subject of an available action, which is characteristic of a rights-disclosure provision.",3
31072,958,"When a sentence frames the disclosure as a consumer's entitlement to request information about collected personal data, it directly corresponds to a 'right to know' privacy right.",10
31110,1593,"A sentence that enumerates specific prohibited actions (such as denying goods, charging different prices, or offering different quality) serves to concretely define the scope of a non-discrimination right.",12
31110,207,"A description of a non-discrimination right typically clarifies that the protection extends to all aspects of service delivery, including pricing, quality, and benefits, to prevent any form of differential treatment.",2
31112,219,A description of a right typically includes the scope (personal data collected or maintained) and any limiting conditions (exceptions permitted by law) to qualify the entitlement.,5
31112,2290,A sentence that identifies exceptions to a general prohibition is part of describing the underlying right because it defines the right's boundaries.,2
31182,1807,A sentence that explicitly articulates a data subject's entitlement to a specific privacy action—such as asking for the deletion of their personal information—is labeled according to the name of that entitlement.,2
31182,1965,"A sentence that explicitly names a consumer right, such as the right to delete personal data, is directly describing that right.",2
31182,2148,A sentence that explicitly uses the term 'right to request' followed by an action like 'delete' for personal information is a direct marker of a privacy right description.,7
31182,5028,"When a sentence addresses the individual directly ('you have the right') and specifies the scope ('Personal Information that we have collected from you'), it functions as a notice of a deletion right.",2
31198,2532,"The presence of technical details about tracking technologies signals the sentence is disclosing the scope of data acquisition, which is a hallmark of the 'collected information' category.",2
31202,2060,A sentence that explicitly references a specific consumer privacy statute and states it is providing a summary of collected personal information functions as a description of the consumer's right to know what information is collected.,2
31202,7860,"When a sentence enumerates the categories of sources, business purposes, and third parties involved with personal information, it delineates the scope of the right-to-know disclosure obligation.",2
31206,102,"When a non-discrimination clause is tied to 'exercising these rights', it clarifies that the protection is specifically about preventing adverse treatment resulting from the lawful use of other established rights.",3
31206,168,A sentence that explicitly states a commitment to not discriminate on the basis of exercising legal rights directly describes the right to non-discrimination.,4
31284,5680,Sentences that recommend actions for users to obtain a full view of their data fall under the right-to-know disclosures about collected personal information.,2
31292,3063,"A statement distinguishing identifiable personal data from aggregate statistics helps readers understand which categories of information are actually collected or retained, warranting the same label as the surrounding disclosure.",2
31298,1619,A sentence that enumerates the categories of recipients and the conditions under which sharing occurs aligns with a label concerning the categories of personal information shared or disclosed.,2
31298,1621,A sentence that explicitly lists the types of recipients to which personal data may be transferred or made available is classified under categories of information shared or disclosed.,4
31298,5262,"Providing an explicit definition of the named recipient category serves to clarify the scope of the disclosure, reinforcing the classification as a sharing/disclosure category.",3
31314,754,"A sentence that introduces a structured breakdown of collection mechanisms, rather than listing individual data points, indicates that it is labeling the overarching categories of personal information collected.",2
31361,2095,"A sentence that explicitly states a policy may be revised in the future signals that the policy is subject to updates, which is a core characteristic of an update-notification clause.",2
31361,3065,A statement that explicitly declares the policy may be revised in the future and specifies how users will be informed of such changes functions as an announcement of potential updates.,4
31361,4656,"Language indicating that revisions will happen periodically, without a fixed date, emphasizes that the policy is dynamic and will be republished, which strongly aligns with an announcement of policy updates.",2
31361,6565,The presence of a heading or phrase indicating modifications to the policy signals that the content pertains to policy updates.,6
31412,1795,"A sentence that explicitly states the policy may be revised in the future signals that the policy is subject to updates, warranting an 'Updated Privacy Policy' label.",5
31466,383,A heading that explicitly names a type such as 'Personal and Sensitive Information' signals that the accompanying list defines a category of data collected.,2
31502,1173,"A sentence that enumerates the types of data collected (e.g., activity, preferences, inferred attributes) is categorized as disclosing the categories of personal information involved.",12
31511,7257,"When a disclosure enumerates the types of external parties with whom personal information may be shared, including in a corporate transaction context, it serves to notify consumers of potential sales of their data, warranting the sold-information label.",2
31511,821,"A sentence describing the transfer of personal information to a successor entity during a merger, acquisition, or sale of assets is classified under categories of personal information sold because such corporate transactions are treated as a commercial transfer or disclosure of personal data.",11
31542,786,A sentence that explicitly instructs or mandates the fixing of inaccuracies in information inherently describes the substantive content of a right to correct that information.,4
31569,3092,"Statements describing business transfers and associated data disclosures serve as notice that personal information might be parted with for value or as part of a commercial deal, which is the essence of what the sold-information category captures.",3
31569,3806,Disclosures about sharing data with prospective purchasers or new owners in a bankruptcy or consolidation context are classified as categories of personal information sold when the described recipients are outside the original controller and the transfer is not solely for the controller's operational purposes.,2
31569,648,"When a privacy policy states that personal information may be transferred to an acquiror or merger entity, that statement falls under the category of personal information sold, as it indicates a commercial transfer of data to another party.",4
31569,821,"A sentence describing the transfer of personal information to a successor entity during a merger, acquisition, or sale of assets is classified under categories of personal information sold because such corporate transactions are treated as a commercial transfer or disclosure of personal data.",11
31572,1395,A sentence that describes the specific data practices involving third-party advertising services is often included to provide context for a consumer's right to opt out of the sale or sharing of personal information.,4
31576,1831,A sentence that instructs individuals on how to initiate a request or action to enforce a stated privacy right (such as opting out or limiting data processing) is classified as describing methods to exercise those rights.,4
31594,5928,"When a statement explicitly enumerates the types of data involved (e.g., contact information, content interest, activity data, and any other information including Personal Data), it is functionally listing categories of personal information subject to sharing or disclosure.",6
31654,1150,A sentence that explicitly names a consumer privacy right in its heading and then elaborates on what that right allows the consumer to do is classified as a description of that right.,41
31654,2226,"A sentence that frames the statement with a geographic or legal qualifier (e.g., 'California residents') indicates that it is explaining a statutory entitlement, which aligns with a description of the right.",2
31660,2686,"A sentence that provides a specific effective date for a policy document typically indicates that the document is a newly updated version, especially when it is positioned at the outset of a text describing modifications.",6
31660,473,"A sentence that specifies an explicit effective date is commonly used to signal that a policy has been updated, as the date marks the start of the new terms.",15
31660,474,"In privacy policy documents, an effective date near the beginning of a section about modifications is a conventional cue for identifying the updated policy.",6
31763,2111,A sentence that explicitly states that a document may be revised over time signals ongoing policy maintenance and is characteristic of an updated privacy policy.,3
31763,5554,"When a sentence sets expectations that the policy will evolve and refers to the process or conditions for such changes, it belongs to the category of announcing a revised privacy policy.",2
31765,760,A sentence that explicitly states a revision date for a policy document serves as a marker indicating that the policy has been updated.,16
31770,1124,A sentence that enumerates the specific details or items a data subject may request under a legal right to access or know about their personal information is a description of that right.,3
31771,1187,A sentence that explicitly names a consumer right using standard legal terminology is classified as a description of that right.,11
31771,5140,"Phrasing such as 'you have the right to request that we disclose' signals that the sentence is describing a consumer-facing entitlement, which aligns with a labeled 'description of right to know' provision.",2
31771,825,A statement that explicitly grants a data subject the right to receive information about any sharing or selling of their personal information to third parties constitutes a description of the right to know about such transfers.,8
31798,2516,A sentence that names a specific privacy right and then immediately provides a mechanism or instruction for exercising that right serves to describe the right's availability and procedural scope.,2
31798,7801,"When a sentence directly echoes the formal title of a consumer privacy right (e.g., opting out of sale), it is recognized as describing that specific right rather than a general privacy notice.",2
31814,1907,"A sentence that explicitly identifies a data-collection mechanism (e.g., cookies) and states that the resulting information may qualify as personal information under certain laws serves to enumerate categories of personal information collected.",2
31814,3094,A statement indicating that a user 'may also provide' a particular detail signals that the detail qualifies as a collected category of personal information.,2
31814,555,Any sentence that links a specific source of collected data to its potential classification as personal information—even with geographic or jurisdictional qualifiers—fits a label devoted to describing the types of personal information gathered.,2
31844,6165,Text that lists the disclosure items a business must provide upon request regarding sold or shared information characterizes the corresponding right-to-know entitlement.,2
31880,4238,"When a privacy notice uses disclosure verbs (e.g., 'disclose') alongside recipient categories and protective conditions, it functions as a statement about the categories of information being shared rather than about data collection or retention.",2
31888,301,Privacy disclosures that pair specific data categories with the purposes behind their sale or disclosure are typically drafted to satisfy regulatory transparency requirements about consumer information-sharing practices.,3
31892,1939,A sentence that explicitly lists data categories along with a binary Y/N marker indicating whether each is sold constitutes a direct statement of the categories of personal information sold.,2
31920,1113,A sentence that explicitly states the entity may sell or disclose collected information directly addresses the consumer's right to know about the sale or sharing of personal information.,6
31920,1420,A sentence that details the specific categories of personal information a consumer may request regarding sales constitutes a description of the right to know.,7
31920,313,A disclosure that enumerates the categories of personal information to be collected and the purposes for their collection constitutes a description of the right to know about data practices.,3
31920,4839,"Listing the categories of recipients alongside the specific pieces of personal information distinguishes an actionable right-to-know disclosure from vague privacy notices, because it itemizes precisely what the data subject may inquire about.",2
31930,1519,A statement that appears within a section devoted to sales of personal information and that acknowledges the occurrence of sales is labeled under categories sold because the context signals that the disclosure pertains to the sale of consumer data.,4
31930,1939,A sentence that explicitly lists data categories along with a binary Y/N marker indicating whether each is sold constitutes a direct statement of the categories of personal information sold.,2
31935,593,A sentence that describes the flow of personal information from data subjects to outside entities for a specified use corresponds to the classification of 'categories of personal information shared/disclosed.',2
31935,6194,"The act of selling personal information to third parties is a form of disclosure or sharing, so a sentence detailing such sales with recipient categories and uses falls under the shared/disclosed categories label.",2
31969,1811,A sentence that explicitly states a prohibition against discrimination for exercising legal rights directly describes the right to non-discrimination.,23
31973,2058,"A sentence that explicitly references a right to request correction and then qualifies it with legal limitations is describing that right, even when the qualification narrows its scope.",2
32008,5840,"Statements about agreements that limit recipients' use of personal data serve to clarify the scope and conditions of data sharing, which is a typical feature of disclosures describing with whom information is shared.",2
32022,6328,"The inclusion of specific disclosure elements—such as categories of information, sources, business purposes, and recipient categories—indicates that the sentence belongs to a section describing the right to know about personal information sold or shared.",3
32022,958,"When a sentence frames the disclosure as a consumer's entitlement to request information about collected personal data, it directly corresponds to a 'right to know' privacy right.",10
32024,2344,A sentence that instructs the user on a specific action they can take to control or stop a service or communication is classified as a method for exercising a right.,2
32024,434,A label indicating 'methods to exercise rights' applies when the sentence explicitly names the procedures or channels through which a user can act on an opt-out or deletion choice.,3
32070,5238,"The label 'Description of Right to Correct Information' applies when the sentence uses language indicating an entitlement to request correction of personal data, even if the term appears in a list rather than as the sole focus.",4
32070,551,A sentence that explicitly states that an individual may request correction of inaccurate data directly describes the right to correct information.,27
32098,2154,A statement that explicitly affirms that consumers will not face discriminatory treatment for exercising their privacy rights directly conveys the existence and scope of a non-discrimination right.,4
32126,2441,"A sentence that lists lawful bases under which personal data is processed clarifies which categories of personal information are involved, since the stated purpose determines the nature and scope of the data to be collected.",2
32126,4431,Sentences that use formal legal terminology and provide a specific breakdown of data types are generally labeled as the categories of personal information sold.,2
32126,806,A sentence that mentions a general business purpose for data processing can be labeled as a category of personal information sold if it is grouped with other sentences that explicitly discuss selling or transferring personal information.,3
32132,317,"A disclosure that explicitly mentions transferring information during a merger, acquisition, or sale of assets indicates the data may be sold to another entity, warranting classification under sale categories.",2
32139,1947,Wording that directly references the sharing or disclosure of personal information aligns with categories that describe the sale or transfer of such data.,3
3218,1105,A sentence that appears within a privacy notice and outlines the types of disclosures available to consumers about their personal information is characterizing the right to know what was collected.,3
32198,201,A description of a data privacy right often includes assurances about the minimal and confidential handling of any information kept to fulfill the request.,2
3223,196,"A description of a consumer data right often includes the limitations and conditions under which that right can be exercised, such as special handling for particular data categories.",3
3223,2862,"A sentence that states that a data subject may have certain rights regarding the processing of their personal data, without enumerating them, typically introduces a broader disclosure that is categorized as describing the right to know what personal information is collected.",2
3225,2046,A sentence that explicitly prohibits a specific use of collected personal information clarifies the boundaries of data processing and thereby informs data subjects about how their data will not be handled.,2
3225,3264,Statements that clarify the practical mechanism by which a consumer's data will be excluded from marketing activities characterize the right to limit or control the use of personal information.,3
3225,4411,"In privacy disclosures, stating that certain categories of personal data will not be used for particular purposes (such as advertising) constitutes a transparent description of the data subject's rights regarding the collection and use of that data.",3
3227,7712,"When a sentence characterizes a dataset by naming its typical constituent elements, it informs data subjects about the categories of personal information that the controller gathers, fulfilling the purpose of a 'description of collected personal information'.",2
32285,4579,Language asserting that exercising legal rights will not trigger prejudice or retaliation is a hallmark of a 'right to non-discrimination on exercising rights' statement.,2
32285,75,A clause that explicitly guarantees the subject will not face discrimination when invoking their enumerated rights is a direct description of a right to non-discrimination.,2
32288,2021,A sentence that explicitly names a user right in its heading and then states the condition under which the right applies is classified as a description of that right.,3
32289,1109,A sentence that states a right has limitations or exceptions is still a description of that right because it qualifies the scope of the right.,11
32289,3703,Descriptions of legal or privacy rights often include legal-permission caveats and specific circumstantial examples to convey the full operational meaning of the right.,2
32293,869,A sentence that explicitly names a right to opt out of the sale of personal information is a direct description of that right.,16
32302,1525,"A sentence that enumerates concrete prohibited actions, such as denying service, varying prices, or lowering quality, functions as an explanation of the protections a right affords.",2
32302,2050,"A sentence that explicitly promises no denial of service, no price differences, and no quality differences in response to exercising legal rights is a direct description of a non-discrimination right.",2
32302,2262,A sentence that guarantees non-retaliation specifically when a person elects to exercise enumerated legal rights is a description of the non-discrimination right tied to exercising those rights.,2
3232,2292,"A sentence that specifies both the kinds of entities receiving personal data and the advertising, analytics, or research purposes for which the data is used is indicative of a section that lists categories of personal information shared or disclosed.",3
3232,3268,Statements that spell out the scope of information a consumer may request to learn about—such as categories collected and their sources—constitute the content of a right-to-know disclosure.,3
32332,1608,A sentence that enumerates specific types of technical or device-related data is classified as listing categories of personal information when it appears within a disclosure of what data the organization gathers.,5
32350,6568,"The presence of a heading that names the right, such as 'Non-Discrimination', signals that the following sentence explains that particular right.",2
32350,8107,"When a sentence lists actions a company will not take in retaliation for a consumer exercising a privacy right, it directly describes the scope of the consumer's protection from discriminatory treatment.",2
3237,1761,A sentence that explains the specific business purpose or operational use of collecting personal information without stating an explicit choice or control for the user falls under the category of describing what data is collected and why.,2
32395,1026,A sentence referencing information collected from a user's device and its possible transfer to third parties is characteristic of a disclosure describing categories of personal information shared.,2
32397,1017,"Specifying who receives data and for what purpose serves as a way to categorize the personal information involved, making such descriptions indicative of this label.",2
32397,404,"A label concerning categories of personal information shared or disclosed applies when the text explains how user data flows to external entities, even if specific data types are not enumerated.",3
3240,539,"Any disclosure that a specific technology's outputs can be associated with personally identifiable details is a way of alerting users to the types of personal information that may be compiled, thereby fitting under the heading of categories collected.",2
32411,294,"When a sentence states a condition under which personal data may be transferred to a third party, it is appropriately labeled as a category of information disclosure.",6
32411,306,"When a disclosure indicates that personal information will be shared during a major business restructuring or sale of assets, it implies that those categories of information may be sold, because the information itself is part of the transactional consideration.",4
32411,5639,"Sentences that identify conditions under which collected information may be provided to another party, rather than describing the data itself, are categorized as categories of sharing or disclosure.",2
32448,3102,"A statement that refers to 'personal information we have collected about you' and promises to hand over the exact items pinpoints the substance of a data subject's right to know, rather than describing purposes, sources, or sharing.",2
32450,1388,A sentence that introduces an action for individuals to decline the exchange or disclosure of their personal information is characteristic of describing a right to opt out of the sale of personal information.,2
32450,1436,A sentence that explicitly affirms the user's ability to make a choice regarding the sale of their personal information is a description of the right to opt out.,24
32450,7801,"When a sentence directly echoes the formal title of a consumer privacy right (e.g., opting out of sale), it is recognized as describing that specific right rather than a general privacy notice.",2
32453,1818,"A sentence that explicitly grants a defined group of individuals (e.g., state residents) the ability to refuse a specific data practice (e.g., the sale of personal information) directly describes that right of opt-out.",3
32453,3186,"A statement that pairs a privacy right (opt-out) with its beneficiary population (residents) and the targeted data use (sale) constitutes a clear description of that right, independent of procedural or fine-print details.",2
32453,937,"When a sentence contains the phrase 'opt out' in connection with ceasing the 'sale' of personal information and explains the consequence (no longer selling and instead suppressing data), it directly characterizes the right to opt out of a sale.",14
32454,1221,A sentence that clarifies the scope or limitations of a right after exercising an opt-out is characteristic of a description of that opt-out right.,3
32466,1109,A sentence that states a right has limitations or exceptions is still a description of that right because it qualifies the scope of the right.,11
32492,259,A sentence that explicitly states a user may request deletion of their personal data is classified as a description of the right to delete.,31
32492,6846,"The use of a direct possessive phrase like 'Your Personal Information' indicates that the text is centered on the data subject's own data, which is a core feature of notices that describe a 'right to know' under privacy frameworks.",3
32493,1424,"A sentence that uses the explicit construction 'You have the right to...' followed by an action directly articulates a consumer entitlement, making it a description of that right.",7
32496,1811,A sentence that explicitly states a prohibition against discrimination for exercising legal rights directly describes the right to non-discrimination.,23
32496,3267,"When a non-discrimination clause ties the prohibition to the exercise of another rights category (such as privacy), it is properly classified as a description of the right to non-discrimination in exercising that rights category.",2
32496,4963,"Mentioning specific legal statutes (e.g., CCPA/CPRA) alongside the non-discrimination guarantee confirms the sentence addresses a legally defined consumer protection right.",2
32496,6631,"The presence of a phrase such as 'right to not be discriminated against' is a direct indicator of a non-discrimination right, and when it is tied to 'exercising certain of your rights', it signals that the description specifically concerns the exercise of rights.",4
32499,1173,"A sentence that enumerates the types of data collected (e.g., activity, preferences, inferred attributes) is categorized as disclosing the categories of personal information involved.",12
32499,3541,"Content that reads as a label or sub-label within a structured inventory of data types, rather than as a statement of purpose or collection method, should be assigned to the category indicating the kinds of personal information gathered.",2
32499,6586,The presence of a list item detailing the kinds of data obtained from users indicates that the passage is specifying the categories of personal information that are collected.,2
3250,1842,"A sentence that explicitly names a specific data element and explains how it is used serves to inform individuals about what personal information is collected, fulfilling the right-to-know disclosure.",3
3250,3212,A statement that frames a right in terms of the data the organization possesses about the person and the individual's ability to receive that data constitutes a description of the right to know collected personal information.,4
32503,420,A label for a 'Description of Right to Know PI Collected' applies when the sentence explicitly grants an individual the ability to obtain an accounting of their collected personal information and its flow.,8
32503,5144,Phrasing that begins with an affirmative entitlement like 'you have the right to know' signals that the sentence is characterizing a legal or policy-based access right for consumers.,2
32536,952,"A sentence is labeled as a method for exercising rights when it specifies concrete procedural actions, such as submitting a form or contacting a designated address, that a user must take to invoke a privacy right.",5
32558,3086,"A statement framed as 'You have the right to...' is a declarative articulation of a legal safeguard, meriting classification as a description of that right.",2
32558,609,"A sentence that explicitly states a consumer has the right to opt out of a specific data practice (such as the sale of personal information) directly expresses a description of that right, warranting a label naming the right.",6
32561,4389,"When a sentence contains the word 'Updated' followed by a specific date, it typically functions as a metadata header that identifies the most recent modification of the policy, warranting the label 'Updated Privacy Policy'.",6
32561,760,A sentence that explicitly states a revision date for a policy document serves as a marker indicating that the policy has been updated.,16
3257,1327,A sentence that provides a specific action or instruction for how an individual can exercise a data privacy right is classified as a method for exercising that right.,9
3257,1831,A sentence that instructs individuals on how to initiate a request or action to enforce a stated privacy right (such as opting out or limiting data processing) is classified as describing methods to exercise those rights.,4
32583,6930,The use of the explicit phrase 'right to know' along with an articulation of what data is collected signals that the sentence's purpose is to describe the consumer access right under privacy legislation.,3
32583,958,"When a sentence frames the disclosure as a consumer's entitlement to request information about collected personal data, it directly corresponds to a 'right to know' privacy right.",10
32596,1632,A sentence that specifies the various channels or sources through which personal information is gathered belongs to the category describing the categories or origins of collected data.,4
32600,1296,A sentence that names a specific type of information a consumer can request under a data privacy right is a description of the scope of that right.,8
32600,1963,"When a sentence pairs the name of a consumer privacy right (e.g., “Right to Know”) with the concrete data elements to be provided, it serves to explain what that right entails.",3
32601,236,A sentence that articulates a statutory or regulatory right for individuals to obtain details about the disclosure of their personal information to third parties constitutes a description of a right to know about such sharing or selling.,21
32601,7958,"When a sentence is framed as a factual description of with whom personal information is shared, it naturally fits the legal requirement to explain the categories of recipients in the context of a right-to-know provision for sold or shared data.",3
32672,2353,Sentences that instruct readers on how to contact an organization to initiate a request for exercising privacy rights are classified under methods for exercising those rights.,3
32673,1811,A sentence that explicitly states a prohibition against discrimination for exercising legal rights directly describes the right to non-discrimination.,23
32674,790,"A sentence that explicitly states a right not to receive discriminatory treatment is a direct enunciation of a non-discrimination right, justifying a label that identifies it as a description of that right.",4
3271,2562,Sentences that instruct users on self-directed actions to limit data collection or advertising targeting typically indicate methods for exercising data privacy rights.,2
3271,6430,"The label 'Methods to exercise rights' applies to sentences that tell individuals how to take action on their own data, including updating information, rather than just describing the rights themselves.",3
32744,1456,Sentences that direct users to a specific external webpage or tool for making an opt-out or privacy choice are classified as methods to exercise rights.,4
32777,1371,"In privacy policies subject to data-sale disclosure obligations, the 'categories sold' section commonly co-locates the types of personal data with the business purposes that justify their transfer, so a listing of such purposes embedded within a passage about being sold is treated as part of the categories-sold disclosure.",5
32777,2063,"When a disclosure describes sharing personal information without confining it to narrow, internal processing roles, it signals that the data could be treated as a merchantable asset, which justifies labeling the sentence as pertaining to the categories of sold personal information.",5
32777,659,"A privacy statement that discloses the transfer or sharing of personal information in the context of corporate transactions such as mergers, acquisitions, or asset sales is classified under the category of personal information sold because such deals commonly involve the sale or conveyance of personal data as part of the business assets.",3
32788,6571,"When a sentence contains a heading naming the right immediately followed by a body asserting who holds that right, it signals that the content defines or describes the right.",2
32803,1794,"A sentence that explicitly provides a revision date signals that the document has been formally updated, as the date marks the version's effective release point.",5
32803,2686,"A sentence that provides a specific effective date for a policy document typically indicates that the document is a newly updated version, especially when it is positioned at the outset of a text describing modifications.",6
32803,410,"A label denoting an updated policy applies to sentences that communicate only when a modification occurred, because such sentences add no descriptive substance but serve purely to anchor a revision in time.",3
32803,4198,"In a document describing multiple policy changes, such a date marker identifies a distinct update event for the privacy policy.",2
3285,1723,"A sentence that explains the conditions or limitations under which an opt-out right applies, including when it may not be fully effective, serves to describe that right.",2
3285,3766,Informing the user about the immediate consequences of their opt-out action constitutes a description of the opt-out right.,2
32863,8251,"When a sentence ties the opt-out entitlement to a specific jurisdiction's residents (e.g., California) and frames it as a 'right' to refuse data sales, it functions as a descriptive statement of that opt-out provision.",2
32863,869,A sentence that explicitly names a right to opt out of the sale of personal information is a direct description of that right.,16
32867,4407,"In privacy disclosures, clauses about exceptions to a described right are considered part of that right's description because they clarify the situations in which the right applies.",2
32897,808,A sentence that tells individuals how to initiate a privacy request by specifying a contact channel (such as an email address) is labeled as a method for exercising rights.,9
32903,137,A sentence that states a condition under which a right applies and explicitly names that right is a direct description of the right.,3
32903,2241,"A sentence that functions as a section heading in a privacy policy often names a specific consumer right, and such naming is sufficient to classify it under the description of that right even when the detailed explanation appears in adjacent sentences.",4
32903,3662,The use of the phrase 'Right to Opt-Out' followed by an explanation of what that right entails directly aligns with a label that categorizes such descriptions of the opt-out right.,5
32903,4365,"In documents that enumerate privacy rights, a heading that matches a known legal right serves as a structural pointer to the substantive explanation that follows, so it carries the same classification as the description it introduces.",2
32956,574,"Anytime a sentence outlines to whom data may be given and invokes third-party or legal frameworks for that sharing, it falls under the categorization of information disclosure.",2
32980,3279,A statement that mentions withdrawing consent for processing certain personal data indicates that it is explaining a user's right to limit the use of that data.,3
32980,5928,"When a statement explicitly enumerates the types of data involved (e.g., contact information, content interest, activity data, and any other information including Personal Data), it is functionally listing categories of personal information subject to sharing or disclosure.",6
32995,845,"A sentence that enumerates specific categories of personal information and lists the third parties to whom they are disclosed may be classified under a 'sold' label when the disclosure is presented in a tabular format, as such formats are commonly used to describe sales of personal information.",2
32997,1136,The presence of surrounding text that names specific types of personal data and the parties to whom they may be transferred indicates that an otherwise brief heading belongs to the 'categories sold' disclosure.,3
32997,1635,A sentence that enumerates the parties to whom personal information is transferred for monetary or other valuable consideration directly identifies the disclosure activity of selling the data.,4
33026,4252,"In a privacy policy, an announcement of the 'Last Updated' timestamp serves the purpose of informing readers about the version's recency, which aligns with the label indicating an update.",2
33026,495,The inclusion of a 'Last updated' date at the top of a privacy policy signals that the document has a version history and reflects its most recent revision.,4
33049,1557,"A sentence that enumerates the specific data elements a consumer may request from a business—such as categories of personal data collected, sources, purposes, and third parties—describes the right to know/access personal information.",6
33049,2222,"A sentence that frames the right as one to request disclosure from a business/controller, followed by a list of items that must be disclosed, is a description of the right to know/access.",2
33082,406,"A label concerning the categories of personal information collected applies to any sentence that identifies the kinds of personal data an organization handles, even when the sentence primarily describes an activity like inviting someone to research.",9
33086,1589,A sentence that enumerates specific operational purposes for which user data is processed indicates that the data constitutes personal information collected from users.,2
3309,4419,"Statements that detail the specific categories and pieces of personal information to be provided are characteristic of privacy notices that explain a consumer's right to know about collected, shared, or sold data.",9
33104,1521,"A sentence that enumerates the categories of third parties receiving personal information for a business purpose directly addresses the consumer's right to know about the sharing of personal information, as it specifies the recipients of data transfers.",15
33104,293,"When a disclosure clause distinguishes between information shared for a business purpose and information sold or shared, and identifies the categories of recipients, it is describing the specific right to know about those transfers.",3
33104,3160,A statement that details the elements a consumer can request about a business's sale or sharing activities serves as an explication of the right to know that personal information was sold or shared.,2
33104,4419,"Statements that detail the specific categories and pieces of personal information to be provided are characteristic of privacy notices that explain a consumer's right to know about collected, shared, or sold data.",9
33104,6129,Text detailing a right to receive categories of data previously provided to outside entities addresses the consumer's ability to learn about sold or shared personal information.,3
33104,6165,Text that lists the disclosure items a business must provide upon request regarding sold or shared information characterizes the corresponding right-to-know entitlement.,2
33106,1034,"The label for a right-to-know sentence is determined by the core subject of the disclosure right being described, rather than by the generic name of the right alone.",2
33106,2485,A sentence that names a consumer privacy right and then enumerates the specific categories of information the consumer may request is labeled according to the subject matter of those enumerated disclosures.,2
33106,4533,Labeling as 'sold / shared' applies when the text identifies specific third parties or agencies that may receive personal information beyond the primary service context.,2
33106,7859,"When a sentence enumerates the categories of personal information and the conditions under which sale or disclosure occurred, it directly fulfills the function of describing the right to know about sold or shared personal information.",2
33107,3519,Content that explains how an individual may request details about the transfer of personal data to another party for that party's marketing use is functionally describing the consumer's right to know whether and how their personal information has been sold or shared.,2
33107,916,"A sentence that grants a data subject the ability to obtain a copy of the personal data an organization holds about them is an articulation of a transparency and access right, which is the essence of a 'right to know' provision.",2
33186,1511,A sentence that identifies a third-party recipient and then enumerates the types of user data that may be provided to that recipient is describing categories of personal information that are shared or disclosed.,11
33290,1119,"When a sentence introduces or names a user entitlement to learn about collected personal information, it is appropriately labeled as a description of the right to know about collected personal data.",8
33348,752,"A sentence clarifying that a stated consumer privacy right is subject to statutory exemptions contributes to describing that right, because delineating what the right does not cover defines its scope.",5
33349,1424,"A sentence that uses the explicit construction 'You have the right to...' followed by an action directly articulates a consumer entitlement, making it a description of that right.",7
33349,2378,A sentence that introduces a right by its common heading and then elaborates on its conditions or scope is characteristically a description of that right.,2
33350,2006,"A sentence that explicitly names a specific consumer right, such as the right to opt out of sale or sharing, and states that a law grants it, functions as a description of that right.",4
33350,2930,"When a sentence includes the term 'Opt-Out' alongside references to 'Sale' and/or 'Sharing', it clearly signals the privacy right to prevent the sale or sharing of personal information, matching the defined label.",4
33356,1771,"Describing the absence of a triggering condition for a privacy right constitutes a description of the right itself, as it clarifies when the right does not apply.",2
33380,1792,A sentence that explicitly announces a modification to a company's data-handling practices—such as specifying the duration or purpose of retaining user information—is categorized as an updated privacy policy.,3
33414,1150,A sentence that explicitly names a consumer privacy right in its heading and then elaborates on what that right allows the consumer to do is classified as a description of that right.,41
33414,695,"A sentence that frames a consumer's entitlement to request disclosure of enumerated data-handling practices, such as categories collected, sources, purposes, and sharing, constitutes a description of a right-to-know provision.",6
33415,1586,"When a sentence enumerates the particular elements a consumer may request—such as categories of data collected, sources of collection, and business purposes—it is specifying the scope of a right-to-know disclosure, marking it as a description of the right to know collected personal information.",10
33415,2461,"When a label concerns the right to know about personal information sold or shared, the associated sentence often announces the forthcoming categories of both business purposes and types of third parties, thereby framing the scope of that right.",2
33415,428,"The label 'Description of Right to Know PI sold / shared' applies to sentences that articulate the circumstances under which personal information is collected and used, including the legal justifications that permit such sharing.",11
33415,654,"When a privacy policy lists the elements that must be disclosed upon request, including business purposes and recipient categories, it is characterizing the right to know about personal information that is sold or shared.",4
33416,1124,A sentence that enumerates the specific details or items a data subject may request under a legal right to access or know about their personal information is a description of that right.,3
33416,1165,A sentence that explains the specific business purposes for which personal information is gathered falls under the scope of informing consumers about their right to know what data is collected.,2
33416,6116,"Such sentences typically appear in privacy notices after a heading that indicates the right to know, reinforcing their classification as a description of that right.",2
3348,1125,A sentence that explicitly states a business purpose for which personal information is used supports the disclosure of the categories and purposes required by a consumer's right to know about collected personal information.,5
33481,1557,"A sentence that enumerates the specific data elements a consumer may request from a business—such as categories of personal data collected, sources, purposes, and third parties—describes the right to know/access personal information.",6
33481,4721,"Language that conditions the promised information on a 'verified request' signals a formal consumer rights mechanism, indicating the sentence is articulating the procedural and substantive components of a right to know how personal information is sold or shared.",2
33481,561,"Any statement articulating the scope of third-party access—whether it affirms non-disclosure, lists permissible recipients, or specifies triggering circumstances—falls under the category of personal information shared or disclosed.",2
33481,6693,"The presence of both 'sale' and 'sharing' categories, together with 'third parties,' indicates the sentence addresses the right to know about commercial data transfers specifically.",2
33481,852,"A sentence enumerating the categories of personal data collected, the sources of that data, the purposes of collection or sale, and the categories of third-party recipients describes the full scope of data practices, which is precisely the substance a right-to-know disclosure must communicate.",4
33490,4099,"The presence of a direct contact mechanism, such as a specific email address, flags a sentence as procedural guidance for carrying out a rights request.",2
33490,808,A sentence that tells individuals how to initiate a privacy request by specifying a contact channel (such as an email address) is labeled as a method for exercising rights.,9
33493,1812,A sentence that explicitly assures that exercising a privacy right will not lead to different service quality or pricing is a description of a non-discrimination right.,3
33493,668,A provision that promises no adverse consequence—such as altered services or withheld benefits—upon a consumer invoking a recognized right is a hallmark of a non-discrimination clause in privacy legislation.,2
33551,1561,"A sentence that enumerates the categories of personal data a data subject may request (source, purposes, recipients, retention) describes the scope of the 'right to know/access' obligation.",4
33551,4668,"Language that points to a section explaining when the organization may share or disclose personal information indicates that the sentence is concerned with the categories of information that are released to third parties, thereby matching the label of categories of personal information shared or disclosed.",3
33553,6803,"When the language frames the entitlement from the perspective of the consumer ('you have the right to request that we delete...') and then elaborates on what the business may or may not do, it is a canonical articulation of a rights description as seen in privacy policies.",2
33556,1998,A sentence that explicitly names a right and the action it guarantees is a direct statement of that right's description.,2
33557,1184,A sentence that cites a specific statutory provision and describes a legal entitlement granted to a defined class of individuals signals a description of a right to limit use of personal information.,2
33557,3283,"Describing both 'use' and 'disclosure' of information aligns with the scope of a limit-use right, as it covers internal processing and external sharing.",4
33557,3526,"When a sentence narrows the described right to a specific data category, such as sensitive personal information, it serves to define the scope of the right and thus functions as a description of that right.",11
33578,1034,"The label for a right-to-know sentence is determined by the core subject of the disclosure right being described, rather than by the generic name of the right alone.",2
33578,2027,A sentence that names a specific privacy regulation and describes a consumer's entitlement to request access to their personal information falls under the category of a right-to-know description.,2
33579,1125,A sentence that explicitly states a business purpose for which personal information is used supports the disclosure of the categories and purposes required by a consumer's right to know about collected personal information.,5
33584,2032,"A sentence that explicitly names the right or action being addressed, such as using the exact phrase 'opt-out of sales,' is a strong direct indicator of a description of that right.",3
33584,937,"When a sentence contains the phrase 'opt out' in connection with ceasing the 'sale' of personal information and explains the consequence (no longer selling and instead suppressing data), it directly characterizes the right to opt out of a sale.",14
33585,1473,A sentence that discusses how long personal data is retained may be assigned to a category about collected information because retention periods are defined by the purposes for which the data was originally gathered.,2
33585,3150,A statement that explicitly denies the collection of a specific type of personal data serves to delineate the boundaries of the categories of information collected.,2
33585,5227,"Privacy-policy labeling often groups sentences that clarify the relationship between personal data and its intended use, so a retention statement referencing the collection purpose supports the broader category of information types collected.",2
33585,8106,"When a sentence links the retention of personal data to the purpose of its collection, it reinforces the scope and nature of the data categories, as the purpose determines which types of information fall under collection.",2
33662,1436,A sentence that explicitly affirms the user's ability to make a choice regarding the sale of their personal information is a description of the right to opt out.,24
33664,958,"When a sentence frames the disclosure as a consumer's entitlement to request information about collected personal data, it directly corresponds to a 'right to know' privacy right.",10
33665,1019,A sentence referencing a data privacy law and specifying that it enables individuals to obtain information about how their personal details were given to outside entities for marketing aligns with the classification of a right to know about personal information sold or shared.,2
33665,1849,"A sentence that explicitly enumerates a consumer's right to request information about the collection, use, disclosure, or sale of their personal data is classified as a description of the right to know about such data practices.",5
33665,2485,A sentence that names a consumer privacy right and then enumerates the specific categories of information the consumer may request is labeled according to the subject matter of those enumerated disclosures.,2
33665,4308,"The presence of a defined time period (e.g., the preceding 12 months) within a sentence that grants a right to request data handling details indicates that the sentence is describing that right.",2
33665,639,"A privacy notice statement that explicitly informs consumers they may request details about which personal information was collected, used, disclosed, and sold within a defined lookback period is a description of the right to know with respect to sold or shared data.",2
33707,300,Any statement that names recipients of personal data and the conditions under which their own privacy policies apply constitutes a disclosure of personal information categories.,9
33755,1578,"A sentence that enumerates specific personal data attributes (e.g., demographics, contact details, commercial records) without explaining how they are used or transferred is typically classifying categories of personal information for compliance disclosure.",2
33786,3056,A statement that explicitly describes a specific scenario in which a platform provides a user's personal information to other parties for a defined purpose belongs to the category of information shared or disclosed.,2
33802,4585,The presence of the phrase 'you have the right to request' signals a declarative articulation of a statutory consumer privilege rather than a procedural or exceptional detail.,13
33802,695,"A sentence that frames a consumer's entitlement to request disclosure of enumerated data-handling practices, such as categories collected, sources, purposes, and sharing, constitutes a description of a right-to-know provision.",6
33805,165,"A sentence that explicitly describes how users will be informed of revisions to a policy indicates the policy is subject to change, which supports the 'Updated Privacy Policy' label.",26
33805,3332,A statement that specifies where policy changes will be posted and how the date of the latest revision will be indicated signals an ongoing policy-update process.,2
33805,4560,"The presence of forward-looking language about periodic modifications, combined with a reference to the document's own change history, strengthens classification as a policy-update clause rather than a substantive policy definition.",2
33835,236,A sentence that articulates a statutory or regulatory right for individuals to obtain details about the disclosure of their personal information to third parties constitutes a description of a right to know about such sharing or selling.,21
33835,3160,A statement that details the elements a consumer can request about a business's sale or sharing activities serves as an explication of the right to know that personal information was sold or shared.,2
3386,2388,"A sentence that outlines the procedural steps a consumer must follow to invoke a privacy right, such as verifying their request and awaiting disclosure of categories of data, is describing a method to exercise that right.",3
3386,3699,Descriptions of identity verification or confirmation steps that must be completed before a privacy request is fulfilled constitute part of the documented methods for exercising rights.,2
33898,1343,A sentence that explains a consumer's ability to opt out of or limit the use of personal information for advertising purposes is classified as a description of the right to limit use of personal information.,6
33899,1690,A sentence that explains how an individual can stop or limit the use of their data by a specific set of parties constitutes a description of an opt-out right.,3
33972,1851,"A sentence that explicitly enumerates actions such as deleting personal information and correcting inaccurate personal information directly describes the substance of a data subject's right to erasure, so it is appropriately labeled as a description of the right to delete.",3
33972,6832,The presence of phrases such as 'opportunity to correct' or 'correct verified inaccuracies' is a direct indicator that the sentence is labeled as a description of the right to correct information.,2
33976,6832,The presence of phrases such as 'opportunity to correct' or 'correct verified inaccuracies' is a direct indicator that the sentence is labeled as a description of the right to correct information.,2
33993,2322,A sentence that instructs an individual on a specific action they can take to invoke a privacy right (such as calling a phone number) constitutes a method for exercising that right.,2
33993,2701,"If a sentence explains the process by which an individual can invoke a privacy right, it is labeled as a method to exercise that right.",6
33993,2885,"A sentence that tells the user how to initiate a request, such as by calling and stating intent, falls under the category of methods to exercise rights.",3
3407,1117,"Mentioning a form of differential treatment (e.g., suggesting a different price or quality) directly illustrates what constitutes discrimination, thereby describing the right to non-discrimination.",3
3407,1475,"When a document contains an explicit non-discrimination guarantee, sentences detailing actions that would violate that guarantee are naturally classified as descriptions of the right.",2
3407,1593,"A sentence that enumerates specific prohibited actions (such as denying goods, charging different prices, or offering different quality) serves to concretely define the scope of a non-discrimination right.",12
34137,806,A sentence that mentions a general business purpose for data processing can be labeled as a category of personal information sold if it is grouped with other sentences that explicitly discuss selling or transferring personal information.,3
34137,875,A sentence that explicitly identifies the type or nature of personal information being transferred (such as 'marketing information') serves as a disclosure of the category of personal information that is sold.,5
34139,2098,A sentence that explicitly states a specific effective date signals that the policy has been recently revised and put into force.,2
34139,473,"A sentence that specifies an explicit effective date is commonly used to signal that a policy has been updated, as the date marks the start of the new terms.",15
34139,474,"In privacy policy documents, an effective date near the beginning of a section about modifications is a conventional cue for identifying the updated policy.",6
34139,6501,The presence of a concrete calendar date in a policy text signals that a prior version has been superseded and that the document reflects a recent change.,2
34170,198,"A statement that clarifies the scope or limitations of a consumer right is part of describing that right, because it helps define what the right actually covers.",3
34207,1058,A sentence structured as a recipient label followed by a 'Personal Information we share' list is a standard format for declaring which categories of personal information are sold to that type of entity.,3
34207,1511,A sentence that identifies a third-party recipient and then enumerates the types of user data that may be provided to that recipient is describing categories of personal information that are shared or disclosed.,11
34266,2344,A sentence that instructs the user on a specific action they can take to control or stop a service or communication is classified as a method for exercising a right.,2
34266,6294,The inclusion of an 'opt-out' or 'unsubscribe' capability in privacy-related text serves as a direct description of an individual's right to restrict how their personal information is processed.,2
34270,1178,"Sentences that state personal information is used to meet legal duties or enforce terms of use describe situations where information may be shared with authorities or other parties, thus belonging to the disclosure category.",3
34270,5223,Privacy policies often treat disclosures made to comply with law or legal process as a distinct category of how personal information is shared.,2
34270,5552,"Statements that authorize disclosure under legal obligations describe a specific condition under which personal information is transferred to external parties, which falls under the scope of sharing or disclosure categories.",2
34281,2093,Mentioning the ability to request access to or a copy of personal information directly characterizes the right to know what data is collected.,4
34281,236,A sentence that articulates a statutory or regulatory right for individuals to obtain details about the disclosure of their personal information to third parties constitutes a description of a right to know about such sharing or selling.,21
34289,1800,"A sentence that explicitly states the policy may be modified and describes the mechanism for posting revised terms is classified as an update notice, because it directly addresses alterations to the document.",5
34289,3065,A statement that explicitly declares the policy may be revised in the future and specifies how users will be informed of such changes functions as an announcement of potential updates.,4
34289,4389,"When a sentence contains the word 'Updated' followed by a specific date, it typically functions as a metadata header that identifies the most recent modification of the policy, warranting the label 'Updated Privacy Policy'.",6
34322,637,"A privacy notice's description of a consumer right typically includes statements that define the precise scope of personal information to which the right applies, making scope-limiting language a functional part of the right's disclosure.",2
34326,1181,A sentence that cites a specific legal statute and explains that it grants certain individuals the right to request information about how their personal data is shared with third parties directly describes a consumer right to know about that sharing or sale.,5
34326,236,A sentence that articulates a statutory or regulatory right for individuals to obtain details about the disclosure of their personal information to third parties constitutes a description of a right to know about such sharing or selling.,21
34326,5372,"Referencing a specific legal framework, such as a state civil code or privacy statute, serves as a marker that the sentence is formally defining a consumer privacy entitlement rather than merely stating a policy.",2
34389,1015,"When a sentence instructs users on how to initiate an action concerning their privacy rights—such as requesting information or clarification about compliance—it qualifies as a method to exercise rights, as it frames the process rather than merely stating the right's existence.",2
34389,1569,"A sentence that enumerates specific contact channels (such as postal address, web form, or phone number) for users to pursue data-related requests is classified under methods to exercise rights.",8
34389,2770,"A sentence that specifies a concrete communication channel (e.g., email, phone, or online form) for initiating a rights request constitutes a method to exercise rights because it provides actionable instructions to the user.",3
34391,5623,Sentences that outline the steps taken when a policy is altered—rather than stating current terms—are categorized under the updated-policy label.,3
34396,2105,"A sentence that explicitly states a user's entitlement to request deletion of their personal data, while acknowledging limitations via exceptions, is best categorized as describing the right to delete.",2
34397,1140,A sentence that explicitly names a legal right and defines its scope or conditions serves as a direct description of that right.,4
34398,1146,Sentences phrased as entitlements using second-person language ('you have the right') are generally categorized as descriptions of the corresponding rights.,3
34398,1915,A sentence that explicitly includes a heading or label naming a consumer right immediately followed by a declarative explanation is typically a direct description of that right.,2
34398,609,"A sentence that explicitly states a consumer has the right to opt out of a specific data practice (such as the sale of personal information) directly expresses a description of that right, warranting a label naming the right.",6
34398,7623,"When a right is explicitly framed as belonging to the data subject (e.g., 'you have the right to...'), the sentence serves to notify that individual of the existence of the entitlement.",3
34428,2092,"A sentence that explicitly states a user's ability to refuse a specific data practice, such as selling personal information, directly constitutes a description of the right to opt out of that practice.",4
34428,2955,"When a sentence frames the action as a consumer's entitlement under law and names the data transaction (sale of personal information), it qualifies as a description of the opt-out right.",2
34428,5345,Reference to a specific jurisdiction's privacy law (such as California) signals that the stated 'opt out' right concerns the sale of personal information under that regulatory framework.,2
34430,1317,A sentence that describes a concrete action a user can take to exercise a privacy right—such as using a specific control or mechanism—is classified as a method to exercise rights.,3
34430,5655,"Sentences that instruct the user on how to opt out of a data practice (e.g., the sale of personal information) are typically labeled as methods to exercise rights.",2
34436,3162,A statement that details the specific types of user activity monitored (like page popularity and navigation) indicates that the organization is collecting personal information through those cookies.,2
34436,5605,"When a sentence explains how cookies track user behavior across pages for analytical purposes, it falls under the category of collected personal information since behavioral tracking is considered a form of personal data collection.",3
34436,778,A sentence that describes the function of a cookie in terms of measuring page popularity and visitor movement is categorized under the collection of personal information because such analytics data is treated as personal data under the privacy policy.,2
34472,1555,"A sentence that enumerates the business or commercial purposes for which personal data is collected is typically classified as part of a disclosure addressing the consumer's right to know about the collection, use, sale, or sharing of their information.",3
34554,2255,A sentence that grants residents an annual right to request details about past disclosures of their personal information to third parties for specific purposes is typically labeled as a description of the right to know about sold or shared personal information.,2
34554,236,A sentence that articulates a statutory or regulatory right for individuals to obtain details about the disclosure of their personal information to third parties constitutes a description of a right to know about such sharing or selling.,21
34554,825,A statement that explicitly grants a data subject the right to receive information about any sharing or selling of their personal information to third parties constitutes a description of the right to know about such transfers.,8
346,1201,"A sentence that clarifies the conditions under which data is shared, such as satisfying law or protecting rights, defines the scope of sharing and therefore constitutes a disclosure category.",2
34601,2132,"A sentence that explicitly states the date of the last revision functions as a timestamp marking the updated version of a policy, which justifies an 'Updated Privacy Policy' label.",2
34601,5407,The presence of a date of last modification in the same document reinforces that the policy is subject to revisions.,3
34622,1586,"When a sentence enumerates the particular elements a consumer may request—such as categories of data collected, sources of collection, and business purposes—it is specifying the scope of a right-to-know disclosure, marking it as a description of the right to know collected personal information.",10
34622,274,"A description that lists categories, business purposes, and sources of personal data is characteristic of transparency-oriented disclosures that define a right-to-know right.",4
34628,328,"A privacy notice that enumerates the categories of third-party recipients of personal information often functions as the required disclosure of categories of personal information sold or shared, because regulations treat transfer to those commercial parties as a sale or sharing.",5
34628,3810,"Disclosure sentences patterned after statutory right-to-know requests are labeled by the right they operationalize, such as the right to know sold or shared personal information.",2
34628,6474,"The use of phrases like 'sold or disclosed' and 'business or commercial purpose' directly mirrors statutory language that obligates businesses to disclose these particulars when describing a consumer's right to know, making the label a natural fit.",2
34658,1150,A sentence that explicitly names a consumer privacy right in its heading and then elaborates on what that right allows the consumer to do is classified as a description of that right.,41
34658,8000,"When a sentence functions as a heading or section title that simply states the name of a right, it is classified according to the right it names.",2
34659,158,Addressing the data subject directly with phrases like 'you have the right to request' is characteristic of policy notices that articulate a user's legal options.,2
34659,2080,A sentence that explicitly states a consumer's ability to opt out of or limit the use or disclosure of their personal data is a direct description of that right.,3
34659,3406,Citing a specific privacy law and its authorized uses indicates the sentence formally conveys a legally defined consumer entitlement.,3
34659,3526,"When a sentence narrows the described right to a specific data category, such as sensitive personal information, it serves to define the scope of the right and thus functions as a description of that right.",11
34665,1230,"When the sentence links the non-discrimination guarantee to the exercise of other specified rights, it signals a right-to-non-discrimination statement.",5
34665,1811,A sentence that explicitly states a prohibition against discrimination for exercising legal rights directly describes the right to non-discrimination.,23
34665,7153,"The use of the phrase 'right not to receive' signals a protective prohibition, indicating that the sentence functions as a declaration of a specific rights-based guarantee.",2
34674,6428,"The label is warranted when the sentence also explains the outcome when no applicable sales or disclosures occurred, stating that this fact will be disclosed upon request.",2
34674,953,A sentence is labeled as a sold category when it restates the exact definition of a personal information category that appears in the disclosure's list of categories the business has sold under applicable state privacy laws.,4
34680,1926,A sentence that instructs users on specific actions to take to exercise their privacy rights is classified as describing methods to exercise rights.,11
34786,5619,"Sentences that explicitly state that personal information is shared with third-party processors for specific operational purposes indicate the disclosure of data categories to external entities, thus falling under shared/disclosed categories.",2
34815,1150,A sentence that explicitly names a consumer privacy right in its heading and then elaborates on what that right allows the consumer to do is classified as a description of that right.,41
34815,5610,"When a sentence explains the conditions or circumstances under which a privacy right can be exercised, it provides the substantive content needed to classify it as a description of that right.",2
34816,4825,"Linking the protection to the exercise of another right (e.g., privacy) clarifies the scope of the described right.",2
34816,7152,The use of the phrase 'right not to receive discriminatory treatment' directly signals a non-discrimination right.,3
34816,963,A sentence that explicitly names the right and then defines its protection qualifies as a description of that right.,3
34901,2037,A sentence that names a general type of personal data (such as information supplied by the user) is categorized as a category of personal information sold when it appears within a disclosure section outlining the types of data that may be transferred to third parties.,3
34901,433,"The label 'Categories of Personal Information Sold' applies to sentences that enumerate distinct types of personal data a business may handle, regardless of whether the sentence explicitly mentions selling, because the label classifies the data type itself.",12
34901,5591,"Sentences that enumerate specific types of data under a header term, followed by named recipient categories, function as part of a structured disclosure table mapping data categories to the parties with which they are shared.",2
34902,1590,"A sentence that enumerates technical identifiers automatically collected from a user's device, such as IP addresses and device characteristics, is typically classified under a sold-data category when the surrounding policy indicates those fields are shared with third-party advertising or marketing partners.",2
34902,2037,A sentence that names a general type of personal data (such as information supplied by the user) is categorized as a category of personal information sold when it appears within a disclosure section outlining the types of data that may be transferred to third parties.,3
34902,4043,"If a sentence appears as an item within a structured list of data categories in a privacy disclosure, it should inherit the label that the list as a whole represents, such as 'Categories of Personal Information Sold'.",2
34906,1780,The surrounding document's focus on the right to opt out of the sale of personal information implies that adjacent sentences enabling opt-out actions are interpreted as elaborations of that same right.,3
34906,2033,"A sentence that explicitly names the specific privacy rights being addressed, such as opting out of targeted advertising, sales, and sharing, is classified under the corresponding disclosure category.",2
34974,1049,"A sentence stating the existence and scope of an opt-out right, without instructions or consequences, is categorized as a description of that right.",4
34974,1069,"A sentence that addresses how an opt-out request interacts with sales of personal information, even by negating certain effects, counts as describing that opt-out right.",2
34976,1804,A sentence that states a consumer's entitlement to instruct a business to restrict processing of a specific data category directly constitutes a description of the right to limit the use of that personal information.,15
34976,3082,"When a statement frames an action as a right the individual 'has the right to request,' it signals a formal description of a data protection entitlement.",3
34978,1493,"A sentence that enumerates the permissible purposes for which a business may process sensitive personal information, within a passage explaining when a restriction or limitation right does not apply, serves to describe the scope of that right to limit use.",3
34979,3059,"A statement detailing the operational limits of an opt-out choice informs the user of the precise parameters of their data restriction, which is a defining feature of describing how a right to limit personal information usage is applied.",3
34979,661,"Privacy disclosures often define the scope of an opt-out right by stating that data is processed only for legally permitted purposes, thereby narrowing when the right can be exercised.",2
34980,1493,"A sentence that enumerates the permissible purposes for which a business may process sensitive personal information, within a passage explaining when a restriction or limitation right does not apply, serves to describe the scope of that right to limit use.",3
34980,578,"A passage fulfilling the role of explaining that no further processing limitation is offered, by listing the sole acceptable uses, is inherently a description of the right to limit use of personal information, since it defines what processing is and is not subject to restriction.",2
34980,7277,"When a disclosure states that a business processes personal information only for specified lawful purposes and therefore declines to offer a limit option, each sentence reciting one of those purposes forms a component of describing the right to limit use of that information.",2
34982,1169,"Mention of specific categories like 'Sensitive Personal Information' in connection with limiting further processing ties the sentence to the corresponding privacy right, signaling that it describes the right to restrict use of that data.",8
34982,2080,A sentence that explicitly states a consumer's ability to opt out of or limit the use or disclosure of their personal data is a direct description of that right.,3
34982,3205,"When a notice explains that processing is confined to legally permitted or requested purposes, a subsequent statement that no opt-out is provided clarifies the boundary of the right to limit, making it a descriptive statement about that right.",2
35031,239,A description of a right to limit the use of personal information often specifies the statutory exceptions or permitted purposes that narrow or remove the consumer's ability to exercise that right.,5
35031,5192,"When a disclosure enumerates statutory exceptions or permissible processing purposes, it clarifies the scope of a consumer's right to restrict, thereby describing that right.",2
35031,578,"A passage fulfilling the role of explaining that no further processing limitation is offered, by listing the sole acceptable uses, is inherently a description of the right to limit use of personal information, since it defines what processing is and is not subject to restriction.",2
35119,1118,"A sentence that specifies exceptions or conditions under which an entity may decline to fully act on a consumer request serves to define the scope of that right, and is therefore part of its description.",2
35123,5650,Sentences that outline concrete procedural steps or channels through which an individual can exercise a privacy choice are categorized as methods for exercising rights.,4
35143,1868,A sentence that explicitly states that certain categories of personal information have been disclosed for business purposes directly matches a label denoting categories of personal information shared or disclosed.,5
35143,7703,"When a sentence lists distinct groups such as affiliates, vendors, service providers, and other entities that receive personal data, it directly indicates the categories of disclosures being made.",3
35252,1562,"A sentence that enumerates specific types of personal data (e.g., identifiers, network activity, geolocation) in the context of an information-sharing disclosure is classified as stating categories of personal information shared or disclosed.",5
35252,305,"A disclosure statement that identifies both the category of recipient (e.g., service providers) and the specific purpose of the disclosure directly matches a label describing categories of shared or disclosed personal information.",6
35252,830,"A sentence detailing the categories of personal data that users can choose to expose or share publicly indicates disclosure categories, as it explicitly enumerates the data types involved.",3
35324,813,"A sentence that explicitly states the organization discloses or shares information to external parties, even when the data is anonymous or aggregated, directly describes a category of information sharing or disclosure.",3
35334,6944,"When a privacy disclosure uses the specific legal terms 'sell' or 'share' in the context of advertising and ties them to applicable law, the content is naturally categorized as describing the sale or sharing of personal information categories.",4
35334,836,A sentence that explicitly lists categories of personal information in direct connection with the term 'sale' and a privacy-law framework signals a disclosure of what is sold.,3
35347,35,A clause describing the conditions under which a policy can be altered and the means of communicating those alterations functions as an 'Updated Privacy Policy' statement.,4
35347,5455,"Sentences framed around future-oriented modification of an existing document, rather than stating current terms, are consistently classified as pertaining to policy updates.",2
35347,873,A sentence that explicitly states a policy will be revised and a new version will be made available indicates that the policy is subject to updates.,10
35371,1268,"A sentence that enumerates the types of personal information collected, the sources, the purposes, and the recipients of sharing pertains to the transparency obligations under the right to know about data collection.",2
35374,2086,Sentences that explicitly state that a data subject holds an entitlement to request a specific action regarding their personal information are labeled as descriptions of that right.,5
35375,1749,A sentence that explains the procedural steps a data controller will follow when an individual exercises a stated privacy right is a description of that right.,4
35434,1058,A sentence structured as a recipient label followed by a 'Personal Information we share' list is a standard format for declaring which categories of personal information are sold to that type of entity.,3
35434,1511,A sentence that identifies a third-party recipient and then enumerates the types of user data that may be provided to that recipient is describing categories of personal information that are shared or disclosed.,11
35475,1804,A sentence that states a consumer's entitlement to instruct a business to restrict processing of a specific data category directly constitutes a description of the right to limit the use of that personal information.,15
35475,239,A description of a right to limit the use of personal information often specifies the statutory exceptions or permitted purposes that narrow or remove the consumer's ability to exercise that right.,5
35496,140,"The presence of a concrete calendar date as the effective date, found in a context of prospective changes and prior notice, is a strong indicator that the sentence belongs to an updated policy declaration.",2
35496,2686,"A sentence that provides a specific effective date for a policy document typically indicates that the document is a newly updated version, especially when it is positioned at the outset of a text describing modifications.",6
35496,473,"A sentence that specifies an explicit effective date is commonly used to signal that a policy has been updated, as the date marks the start of the new terms.",15
35496,474,"In privacy policy documents, an effective date near the beginning of a section about modifications is a conventional cue for identifying the updated policy.",6
35535,574,"Anytime a sentence outlines to whom data may be given and invokes third-party or legal frameworks for that sharing, it falls under the categorization of information disclosure.",2
35535,737,A sentence that enumerates specific circumstances or purposes under which personal data is shared with third parties directly supports labeling it as a category of information shared or disclosed.,9
35537,1106,A sentence that describes the use of tracking technologies that gather data about a user's online behavior and preferences is classified as detailing the categories of personal information collected.,7
35537,1589,A sentence that enumerates specific operational purposes for which user data is processed indicates that the data constitutes personal information collected from users.,2
35559,1464,"A sentence that states where future revisions to a privacy policy will be announced indicates the document includes a mechanism for notifying users of modifications, which is characteristic of update-related content.",3
35559,931,A sentence instructing users to periodically check a source for policy modifications is categorized as part of an updated policy notice because it directs attention to prospective revisions.,3
35589,4087,"When a sentence lists specific personal data elements such as name, username, profile, demographic data, content, files, and geolocation, it maps directly to a category-based disclosure description.",2
35589,418,"Labeling as 'Categories of Personal Information Shared / Disclosed' applies when the sentence explicitly outlines the situations triggering data sharing, rather than merely describing the data itself.",3
35589,5561,Sentences that describe user-selectable mechanisms for displaying or sharing personal information are classified as categories of shared or disclosed data because they specify what information is made available to others.,2
35589,830,"A sentence detailing the categories of personal data that users can choose to expose or share publicly indicates disclosure categories, as it explicitly enumerates the data types involved.",3
35593,1562,"A sentence that enumerates specific types of personal data (e.g., identifiers, network activity, geolocation) in the context of an information-sharing disclosure is classified as stating categories of personal information shared or disclosed.",5
35593,5949,"Statements that describe the general business-support purposes for sharing personal data, without detailing specific rights or choices, belong to the disclosure-categories category.",2
35593,7869,"When a sentence enumerates the types of entities (e.g., subsidiaries, affiliates, related companies) gaining access to personal data and explains the operational or service-based reasons, it falls under the category of who personal information is shared with.",2
35602,1392,A sentence that enumerates specific purposes for which data is used implicitly identifies the categories of personal information that must be collected to fulfill those purposes.,6
35602,1401,"A sentence that describes using cookies to tailor or personalize a website indicates that user-specific behavioral or preference data is being collected, which constitutes a category of personal information.",2
35602,1740,A sentence that explains the nature of a tracking mechanism supports the conclusion that the mechanism falls under the label enumerating categories of personal information collected.,2
35683,1980,"A sentence that explicitly names an action a data subject can take regarding their own data, such as correcting it, directly corresponds to a recognized data subject right.",2
35683,4501,"In the context of data protection, the presence of the term 'personal data' ties the statement to recognized data subject rights, including the right to rectification.",2
35684,1894,A sentence that grants individuals the ability to restrict or object to how their personal information is processed articulates a data subject's right to limit use.,13
35684,3283,"Describing both 'use' and 'disclosure' of information aligns with the scope of a limit-use right, as it covers internal processing and external sharing.",4
35684,6847,"The presence of possessive or user-centric language, such as referencing 'your' data, indicates that the sentence concerns the individual's own personal information, which is the subject matter of such limitation rights.",2
35743,1173,"A sentence that enumerates the types of data collected (e.g., activity, preferences, inferred attributes) is categorized as disclosing the categories of personal information involved.",12
35791,1436,A sentence that explicitly affirms the user's ability to make a choice regarding the sale of their personal information is a description of the right to opt out.,24
35791,791,"In legal frameworks that treat targeted advertising as a form of selling or sharing personal information for behavioral advertising, any description of a right to opt out of that processing is categorized under the right to opt out of the sale of personal information.",3
35792,1809,A sentence that explicitly states a right to be free from discrimination when exercising other rights is classified as a description of that right.,11
35792,6473,The presence of the phrase 'right to not be discriminated against' directly signals that the sentence's central content is the articulation of a non-discrimination right.,3
35808,5262,"Providing an explicit definition of the named recipient category serves to clarify the scope of the disclosure, reinforcing the classification as a sharing/disclosure category.",3
35849,1501,"A sentence that enumerates specific recipients or triggering conditions for information disclosure, such as legal obligations or security enforcement, is classified as specifying the categories of personal information shared or disclosed.",5
35892,259,A sentence that explicitly states a user may request deletion of their personal data is classified as a description of the right to delete.,31
35892,3964,Sentences that articulate a user's control over the erasure of their personal information are classified under descriptions of the right to delete.,4
35892,6796,The presence of language indicating an action the data controller will undertake or acknowledge upon request—like treating a request as deletion—reinforces that the sentence belongs to a section describing the right to delete.,2
35968,523,"Phrases containing 'opt out' indicate a mechanism for users to restrict how their personal information is applied, which directly corresponds to a limitation-of-use right.",4
35968,937,"When a sentence contains the phrase 'opt out' in connection with ceasing the 'sale' of personal information and explains the consequence (no longer selling and instead suppressing data), it directly characterizes the right to opt out of a sale.",14
35971,1811,A sentence that explicitly states a prohibition against discrimination for exercising legal rights directly describes the right to non-discrimination.,23
35971,8507,"When a statement references a specific privacy law and connects the non-discrimination guarantee to actions taken under that law, it identifies the provision as a non-discrimination right related to exercising those rights.",2
35984,1326,"A sentence that enumerates specific user-initiated actions for accessing, correcting, or deleting personal data is categorized as describing methods to exercise rights.",4
35984,2437,A sentence that provides a procedural step for asserting a data subject right falls under the category of methods to exercise rights.,2
36060,2125,"A sentence that explicitly states that personal information will be disclosed to a named external party, while indicating the context of the user's action, supports classification under a category describing categories of personal information shared or disclosed.",2
36060,418,"Labeling as 'Categories of Personal Information Shared / Disclosed' applies when the sentence explicitly outlines the situations triggering data sharing, rather than merely describing the data itself.",3
36060,7760,"When a sentence delineates the scope of collected data—such as user visits, interactions, and advertising exposure—it is defining a distinct category within a broader privacy disclosure.",2
36071,1866,"A sentence that explicitly enumerates specific types or sources of data gathered from a user is best labeled as describing the categories of personal information collected, because such enumeration defines the scope of data acquisition.",2
36071,406,"A label concerning the categories of personal information collected applies to any sentence that identifies the kinds of personal data an organization handles, even when the sentence primarily describes an activity like inviting someone to research.",9
36092,1420,A sentence that details the specific categories of personal information a consumer may request regarding sales constitutes a description of the right to know.,7
36154,1542,"A sentence that identifies a category of third-party recipients within a disclosure section, where the surrounding text establishes that personal information is transferred to such recipients, constitutes a category of personal information shared or disclosed.",8
36154,7254,"When a disclosure enumerates categories of personal information sold, statements explaining the business rationale for that sharing—such as determining partner compensation or strategic planning—are deemed part of the same disclosure category.",2
36174,1935,"A sentence that explicitly labels its content with terms such as 'Shared,' 'Sold,' or 'used for Targeted Advertising' directly signals that the described activity involves disclosing personal information to outside parties.",2
36174,2856,"References to a defined time period (e.g., the last twelve months) alongside enumerated categories and recipients indicate a formal disclosure of sold information categories.",2
36174,312,"A disclosure that enumerates specific data categories (like identifiers, commercial information, geolocation) and ties them to transfers to third parties is characteristic of a statement about the categories of personal information sold.",4
36193,1154,A sentence that begins with the explicit phrasing 'You have the right to' and then states a specific action the data subject may take is characteristically a direct description of that corresponding right.,4
36194,3123,"A statement that articulates a prohibition on using or disclosing personal information following the exercise of a user right, while acknowledging an exception for later consent, serves to describe that user's right to limit processing.",2
36195,962,A sentence that explicitly states an individual's entitlement to have inaccurate personal data amended or rectified is categorized as a description of the right to correct information.,15
36199,439,"An opt-out right label is appropriate when the text states that the company engages in the sale or sharing of personal information as defined by a privacy law, thereby tying the right to the relevant legal framework.",2
36272,1809,A sentence that explicitly states a right to be free from discrimination when exercising other rights is classified as a description of that right.,11
36272,7153,"The use of the phrase 'right not to receive' signals a protective prohibition, indicating that the sentence functions as a declaration of a specific rights-based guarantee.",2
36285,432,A label specifying a 'Description of Right to Non-discrimination' is indicated by the presence of both a protected activity (exercising privacy rights) and a prohibition on retaliation or unequal treatment.,3
36285,790,"A sentence that explicitly states a right not to receive discriminatory treatment is a direct enunciation of a non-discrimination right, justifying a label that identifies it as a description of that right.",4
36330,1542,"A sentence that identifies a category of third-party recipients within a disclosure section, where the surrounding text establishes that personal information is transferred to such recipients, constitutes a category of personal information shared or disclosed.",8
36339,2132,"A sentence that explicitly states the date of the last revision functions as a timestamp marking the updated version of a policy, which justifies an 'Updated Privacy Policy' label.",2
36339,4633,"Language that announces how users will be informed of the timing of policy revisions (e.g., via a version date) is characteristic of documents that emphasize their own update mechanism, warranting the 'Updated Privacy Policy' label.",3
36354,6381,The label applies whenever the sentence's primary function is to inform the data subject of a remedy or action they can take regarding inaccuracies in stored data.,2
36354,962,A sentence that explicitly states an individual's entitlement to have inaccurate personal data amended or rectified is categorized as a description of the right to correct information.,15
36355,1436,A sentence that explicitly affirms the user's ability to make a choice regarding the sale of their personal information is a description of the right to opt out.,24
36355,2930,"When a sentence includes the term 'Opt-Out' alongside references to 'Sale' and/or 'Sharing', it clearly signals the privacy right to prevent the sale or sharing of personal information, matching the defined label.",4
36450,1164,"When a sentence explicitly states what information will be provided to the consumer upon request, it constitutes a description of the right to know personally identifiable information collected.",2
36450,1586,"When a sentence enumerates the particular elements a consumer may request—such as categories of data collected, sources of collection, and business purposes—it is specifying the scope of a right-to-know disclosure, marking it as a description of the right to know collected personal information.",10
36455,236,A sentence that articulates a statutory or regulatory right for individuals to obtain details about the disclosure of their personal information to third parties constitutes a description of a right to know about such sharing or selling.,21
36455,325,Disclosures covering both the purpose of a data transaction and the third-party categories involved are standard elements in explaining the scope of a consumer's right to know about sold or shared personal information.,8
36455,6129,Text detailing a right to receive categories of data previously provided to outside entities addresses the consumer's ability to learn about sold or shared personal information.,3
36475,1440,"A sentence that directly names an actionable user right, such as opting out of data sales, is appropriately labeled as a description of that right when the surrounding text elaborates on how that right may be exercised.",2
36503,222,"A description of a right focuses on the user's power to constrain a business's actions, distinguishing it from statements of the business's own current practices.",2
36503,6659,"The presence of a specific legal statute (e.g., CCPA) and a defined scope of permitted purposes signals that the sentence is characterizing the right itself rather than exercising or waiving it.",2
36503,915,"A sentence functions as a description of the right when it operationalizes rights that are defined elsewhere in the document, such as controlling disclosure of personal data to advertisers, thereby implementing a broader enumerated opt-out entitlement.",2
36503,956,A sentence is labeled as describing a 'Right to Limit' when it explicitly names a legal right and states that the user can restrict how their information is used or disclosed.,4
36506,1524,"Sentences that enumerate specific prohibited practices (e.g., denying service, varying prices, altering quality) function as a concrete description of a stated anti-discrimination right.",2
36510,1683,A sentence that explains a user can edit or update their personal details directly through an online account is describing the right to correct inaccurate information.,2
36510,4949,"The presence of account-based self-service editing of personal information indicates the text is describing the right to correct, as it gives the individual control over accuracy.",2
36551,2675,A sentence that provides a concrete timestamp for when a policy takes effect is typically labeled as an updated policy because it marks the point of the latest revision.,2
36551,4389,"When a sentence contains the word 'Updated' followed by a specific date, it typically functions as a metadata header that identifies the most recent modification of the policy, warranting the label 'Updated Privacy Policy'.",6
36551,760,A sentence that explicitly states a revision date for a policy document serves as a marker indicating that the policy has been updated.,16
36586,1621,A sentence that explicitly lists the types of recipients to which personal data may be transferred or made available is classified under categories of information shared or disclosed.,4
36586,5949,"Statements that describe the general business-support purposes for sharing personal data, without detailing specific rights or choices, belong to the disclosure-categories category.",2
36592,797,A sentence that enumerates distinct types of external parties or circumstances under which personal data is transferred is classified as describing categories of sharing or disclosure.,9
36618,937,"When a sentence contains the phrase 'opt out' in connection with ceasing the 'sale' of personal information and explains the consequence (no longer selling and instead suppressing data), it directly characterizes the right to opt out of a sale.",14
36644,1327,A sentence that provides a specific action or instruction for how an individual can exercise a data privacy right is classified as a method for exercising that right.,9
3666,1822,A sentence that explicitly states that certain categories of personal information were sold within a stated lookback period is classified as disclosing the categories of personal information sold.,3
36667,1577,"A sentence that introduces a list of specific data fields or examples (such as names, addresses, or device IDs) is characteristically classified as enumerating categories of personal information collected.",4
36667,3553,"When a disclosure explicitly catalogs the origins and types of information a platform gathers, distinguishing among user-provided, automatically collected, and externally sourced data, it is properly classified as describing categories of personal information collected.",2
36728,1553,"A sentence that enumerates specific business events (such as merger, acquisition, or asset sale) as triggers for the transfer of personal data indicates a category of information sharing or disclosure.",3
36728,2293,"A statement that enumerates specific business transactions or events (e.g., merger, sale, reorganization) under which personal information would be passed to an outside party is appropriately labeled as referring to categories of shared or disclosed personal information, since it defines the conditions of data sharing.",2
36732,2872,A sentence that states user data or portions of it will appear or be visible on third-party platforms indicates that categories of personal information are being disclosed or shared externally.,3
36732,295,A disclosure is identified when a sentence specifies that certain user information is open to public viewing or comment by other users of the platform.,2
36735,1216,"When a sentence ties the prohibition of discrimination to the act of exercising other specified rights, it constitutes a description of the non-discrimination right in that context.",6
36735,1256,A sentence that explicitly promises not to discriminate against consumers for exercising their privacy rights directly states and thereby describes the right to non-discrimination.,21
36735,208,"A description of a non-discrimination right typically contrasts the act of exercising rights with potential differential treatment, clarifying that differential treatment is only permitted under narrowly defined conditions.",4
36744,1150,A sentence that explicitly names a consumer privacy right in its heading and then elaborates on what that right allows the consumer to do is classified as a description of that right.,41
36744,1290,A sentence that explicitly names a specific data privacy right and explains who holds that right is classified as a description of that right.,22
36744,4700,"Language stating that an individual 'has a right to limit' certain data processing directly conveys the existence and nature of the right, which is the core of a right-to-limit description.",2
36745,2005,A sentence that instructs the reader on how to request an opt-out from additional data-use purposes is categorized as a method for exercising their privacy rights.,3
36786,1017,"Specifying who receives data and for what purpose serves as a way to categorize the personal information involved, making such descriptions indicative of this label.",2
36786,5561,Sentences that describe user-selectable mechanisms for displaying or sharing personal information are classified as categories of shared or disclosed data because they specify what information is made available to others.,2
3683,165,"A sentence that explicitly describes how users will be informed of revisions to a policy indicates the policy is subject to change, which supports the 'Updated Privacy Policy' label.",26
3683,4701,Language stating that changes take effect upon posting or publication is a hallmark of a policy-update notification section.,3
36874,1296,A sentence that names a specific type of information a consumer can request under a data privacy right is a description of the scope of that right.,8
36877,637,"A privacy notice's description of a consumer right typically includes statements that define the precise scope of personal information to which the right applies, making scope-limiting language a functional part of the right's disclosure.",2
36880,1806,A sentence that explicitly articulates a consumer's legal entitlement or option to request a specific action (such as deletion) over their personal information is characteristic of a description of that right.,2
36882,1722,A sentence that explains the concrete steps a company will take to fulfill a consumer's request serves to describe the corresponding privacy right.,2
36886,2006,"A sentence that explicitly names a specific consumer right, such as the right to opt out of sale or sharing, and states that a law grants it, functions as a description of that right.",4
36902,5550,Sentences that enumerate protections against adverse treatment—such as discrimination or retaliation—for exercising privacy rights are descriptions of the non-discrimination right.,2
36902,773,"When a statement defines a right by prohibiting adverse treatment in response to exercising other rights, it describes the right to non-discrimination.",4
36912,1161,A sentence that explicitly names a specific user right and then explains the type of personal information to which that right applies serves to describe that right.,2
36913,1169,"Mention of specific categories like 'Sensitive Personal Information' in connection with limiting further processing ties the sentence to the corresponding privacy right, signaling that it describes the right to restrict use of that data.",8
36913,4103,"If a sentence references limiting the processing or use of a specific category of personal data (here, Sensitive PI) and explains how a user can invoke that limitation, it is naturally classified as a description of the right to limit use.",2
36918,1207,Describing the statutory definition of 'sale' is integral to explaining an opt-out right because the right is exercised with respect to sales as they are legally defined.,3
36959,2297,A sentence that identifies the category of personal information governed by a stated right serves to describe the scope of that right.,2
36959,6930,The use of the explicit phrase 'right to know' along with an articulation of what data is collected signals that the sentence's purpose is to describe the consumer access right under privacy legislation.,3
36961,1227,"A statement that conditions an organization's compliance obligation on whether a particular data-sharing practice falls within the legal definition of a 'sale' still serves to inform individuals of their opt-out right, because it delineates the scope of that right under the applicable privacy law.",2
36973,3119,"A statement that either identifies categories that are sold or affirmatively denies selling identifiable information still constitutes a declaration about the sale of personal information, thereby matching a label about sold categories.",2
36973,4885,Mentioning a specific privacy regulation (such as the CCPA) that mandates disclosures about sales or sharing signals that the sentence falls under the topic of sold personal information categories.,2
36980,1804,A sentence that states a consumer's entitlement to instruct a business to restrict processing of a specific data category directly constitutes a description of the right to limit the use of that personal information.,15
36980,7942,"When a sentence explicitly names a specific privacy right and then describes how the organization handles or restricts that right, it functions as a description of that right regardless of whether the right is actually granted.",2
36984,255,"A description of non-discrimination rights often clarifies that a refusal to share information is permitted when it results from the consumer's own choice or lack of consent, rather than from punitive intent.",2
37015,1060,A sentence that acknowledges exceptions or limitations to what a requester will receive in response to an access request is typically categorized as a description of the right to know personal information collected.,2
37061,1870,"A sentence that explicitly enumerates the categories of third parties or business partners (such as service providers, affiliates, or financial institutions) with which an organization shares personal information is characteristic of a disclosure about the sharing or selling of personal information.",3
37069,922,"A sentence indicating that external businesses will collect or handle consumer data under their own privacy terms implies that the company is transferring personal information to third parties, which constitutes selling or sharing that information.",2
37142,1181,A sentence that cites a specific legal statute and explains that it grants certain individuals the right to request information about how their personal data is shared with third parties directly describes a consumer right to know about that sharing or sale.,5
37142,6257,"The presence of terms like 'direct marketing purposes' and 'third parties' clarifies that the disclosure right pertains specifically to the sale or sharing of personal information, aligning with a description of the right to know.",4
37219,1216,"When a sentence ties the prohibition of discrimination to the act of exercising other specified rights, it constitutes a description of the non-discrimination right in that context.",6
37219,4884,"Mentioning a specific privacy law (e.g., CCPA/CPRA) signals that the sentence is defining a legal right rather than a policy or procedure.",2
37259,1424,"A sentence that uses the explicit construction 'You have the right to...' followed by an action directly articulates a consumer entitlement, making it a description of that right.",7
37259,2086,Sentences that explicitly state that a data subject holds an entitlement to request a specific action regarding their personal information are labeled as descriptions of that right.,5
37267,465,"A minimal sentence that conveys only a revision date and the word 'Updated' is a conventional indicator of a policy change, independent of the content it precedes.",2
37267,735,"A sentence that describes where the effective date of the most recent policy version will be displayed helps users confirm which version is currently in force, a characteristic of an updated privacy policy disclosure.",2
37267,761,A sentence that states an explicit effective or revision date using a phrase like 'Last updated' serves as the official marker of a policy's most recent modification.,13
37401,1464,"A sentence that states where future revisions to a privacy policy will be announced indicates the document includes a mechanism for notifying users of modifications, which is characteristic of update-related content.",3
37401,4603,Language that specifies when and how an organization will notify users of policy modifications points to a section devoted to the handling of updated privacy policies.,2
37401,873,A sentence that explicitly states a policy will be revised and a new version will be made available indicates that the policy is subject to updates.,10
37501,1119,"When a sentence introduces or names a user entitlement to learn about collected personal information, it is appropriately labeled as a description of the right to know about collected personal data.",8
37501,2093,Mentioning the ability to request access to or a copy of personal information directly characterizes the right to know what data is collected.,4
37501,4594,"When a sentence clarifies that individuals can ask an organization for the personal data it maintains, that sentence serves as a description of the right to know privacy rights.",3
37502,1530,"A sentence that enumerates data subject rights using the term 'rectification' signals a description of the right to correct or update personal information, as rectification is the formal legal term for correction.",2
37561,1150,A sentence that explicitly names a consumer privacy right in its heading and then elaborates on what that right allows the consumer to do is classified as a description of that right.,41
37561,910,A sentence framed as 'you have the right...' in the context of privacy law serves a definitional purpose of explaining that right.,2
37568,1311,"A sentence that describes circumstances under which a business may refuse to provide personal information falls within the scope of the right to know, because such exceptions define the boundaries of that right.",2
37568,2127,"A sentence that explicitly states that the purpose of a privacy notice is to satisfy legal consumer-notice obligations is describing the right to know, because that right fundamentally concerns informing consumers about what personal information is collected.",2
37619,1951,"Sentences that specify disclosure to governmental or regulatory bodies establish an additional category of external recipients, thereby expanding the documented scope of who personal data is shared with.",2
37619,7578,"When a sentence references another portion of the policy that explains the circumstances and parties involved in sharing personal information, its purpose is to point out that such sharing constitutes a disclosure of certain categories of personal information.",2
37697,165,"A sentence that explicitly describes how users will be informed of revisions to a policy indicates the policy is subject to change, which supports the 'Updated Privacy Policy' label.",26
37697,2071,"A sentence that explicitly reserves the right to modify or update a policy at any time, without prior notice, describes the update mechanism and is therefore labeled as an instance of a policy update.",3
37697,6565,The presence of a heading or phrase indicating modifications to the policy signals that the content pertains to policy updates.,6
37697,861,A sentence marking when a policy was changed belongs to the category of update notifications for that policy.,3
37724,1290,A sentence that explicitly names a specific data privacy right and explains who holds that right is classified as a description of that right.,22
37724,4815,"The presence of the phrase 'You have the right to' signals that the sentence is formally articulating a legal entitlement, which is characteristic of a rights description.",9
37724,7756,"When the content of a sentence directly corresponds to a legally recognized data subject entitlement, such as the right to have inaccurate information fixed, the label describing that right is inferred from the semantic match of its wording.",2
37727,1976,A sentence that explicitly names a legal right and uses a colon to introduce a detailed explanation of that right's scope is typically labeled as a description of that right.,2
37727,4253,"In a privacy policy, any sentence that frames the opt-out as a personal decision available to the user contributes to describing that right.",4
37727,7748,"When a sentence contains the exact phrase matching the category label, such as 'Right to opt-out of Sale or Sharing,' it signals that the text is the primary articulation of that right.",2
37737,1301,A sentence that explains the conditions or limitations of privacy control mechanisms belongs under this label because it helps users understand how to effectively exercise their rights.,2
37737,1731,A sentence that states what will happen to personal information after a user takes a control action describes the effect and scope of that privacy right.,2
37745,1296,A sentence that names a specific type of information a consumer can request under a data privacy right is a description of the scope of that right.,8
37745,1639,"A sentence that enumerates the specific business purposes for which sensitive personal information is used or shared typically clarifies the scope of a consumer's right to limit such use, by stating the legitimate exceptions.",2
37746,1924,"A sentence that explicitly instructs a data subject on how to exercise a privacy right, such as making a request to restrict processing, constitutes a description of that right.",3
37746,242,"A description of a right to limit use typically clarifies that the information will not be used beyond the purpose for which it was provided, emphasizing user control over their data.",3
37747,1327,A sentence that provides a specific action or instruction for how an individual can exercise a data privacy right is classified as a method for exercising that right.,9
37748,1739,"A sentence that informs users how to access a complete set of collected data is characteristic of right-to-know provisions, which require explaining the range of personal information gathered.",2
37750,1290,A sentence that explicitly names a specific data privacy right and explains who holds that right is classified as a description of that right.,22
37750,1891,A sentence that explicitly grants an individual the ability to claim and update the information associated with their own record describes the right to correct that information.,2
37750,1902,A sentence that explicitly grants a user the ability to review and update their personal data through a self-service channel is classified as a description of the right to correct information.,3
37750,5708,The use of action verbs such as 'correct' or 'update' in direct relation to personal data signals a focus on the user's correction rights.,7
37764,1256,A sentence that explicitly promises not to discriminate against consumers for exercising their privacy rights directly states and thereby describes the right to non-discrimination.,21
37764,3406,Citing a specific privacy law and its authorized uses indicates the sentence formally conveys a legally defined consumer entitlement.,3
37764,7940,"When a sentence explicitly names a legal right without conditional or qualifying language, it serves as a direct declaration that describes the right itself rather than explaining its application or consequences.",2
37776,150,"A sentence that enumerates specific data categories and states a retention period for them is typically used to disclose which types of personal information an organization collects, making it a statement about the categories of information collected.",2
37776,4568,Language about retaining information 'by law or otherwise' and deferring compliance until that retention requirement is fulfilled signals that the data at issue falls within the personal information categories collected and governed by the policy.,2
37776,5227,"Privacy-policy labeling often groups sentences that clarify the relationship between personal data and its intended use, so a retention statement referencing the collection purpose supports the broader category of information types collected.",2
37779,1030,"A sentence that contains only category names and no independent legal language derives its meaning from its structural placement, so a placement under a third-party recipient within a sales disclosure context makes the label 'Categories of Personal Information Sold' the appropriate classification.",3
37780,310,"A disclosure that information may be shared with business partners for promotional purposes indicates that personal information is being transferred to third parties in exchange for commercial benefits, which is a hallmark of a sale under privacy regulations.",4
37780,7512,"When a privacy disclosure names third-party entities (such as vendors or partners) that supply user data, the statement functions to delineate the types of personal information collected, rather than the purposes for which it is used.",2
37784,1290,A sentence that explicitly names a specific data privacy right and explains who holds that right is classified as a description of that right.,22
37784,1506,A sentence that explains what information a business will disclose in response to a consumer rights request is typically categorized as a description of that right.,6
37784,3938,"If the right described concerns learning which categories of personal data were shared with outside parties and who those parties are, it directly corresponds to a right to know about disclosure or sharing of personal information.",3
37784,7327,"When a sentence enumerates the specific types of information a consumer can request (e.g., categories of data and recipient identities), it serves to describe the scope of the right.",2
379,948,A sentence is labeled as a description of a right-to-know obligation when it establishes that the disclosure must concern categories of personal information collected about the requesting individual.,2
37909,2341,"Sentences that instruct a reader on concrete, step-by-step actions (such as filing a specific request or ceasing certain behavior) to invoke a legal or privacy right are classified as methods for exercising that right.",3
37911,1197,"A sentence that clarifies the boundaries or exceptions of a stated right is considered a description of that right, as it delineates what the right does and does not cover.",3
37925,1971,A sentence that explicitly names a data subject right and then elaborates on its scope by describing what the individual may request is classified as a description of that right.,7
37925,4302,"The inclusion of a qualifier such as 'subject to certain exceptions' indicates that the sentence is describing the scope and limitations of the right, not merely mentioning it.",7
37989,137,A sentence that states a condition under which a right applies and explicitly names that right is a direct description of the right.,3
38005,5549,Sentences that describe notification duties following a policy revision are representative of updated privacy policy content.,4
38005,861,A sentence marking when a policy was changed belongs to the category of update notifications for that policy.,3
38043,1354,A sentence that describes how data supplied by an individual through an activity is gathered and incorporated into a profile identifies that data as a category of personal information being collected.,4
38072,1436,A sentence that explicitly affirms the user's ability to make a choice regarding the sale of their personal information is a description of the right to opt out.,24
38072,3406,Citing a specific privacy law and its authorized uses indicates the sentence formally conveys a legally defined consumer entitlement.,3
38072,869,A sentence that explicitly names a right to opt out of the sale of personal information is a direct description of that right.,16
38073,1192,"A sentence that discusses the scope of an opt-out right by referencing the legal definition of 'sale' and its exceptions directly concerns the categories of personal information that are sold, since it delineates which transfers fall inside or outside that category.",3
38073,1780,The surrounding document's focus on the right to opt out of the sale of personal information implies that adjacent sentences enabling opt-out actions are interpreted as elaborations of that same right.,3
38091,1926,A sentence that instructs users on specific actions to take to exercise their privacy rights is classified as describing methods to exercise rights.,11
38205,1879,"A sentence that explicitly states a user's entitlement or right, using phrases like 'you have the right to request...', is typically classified as a description of that right.",12
38205,2105,"A sentence that explicitly states a user's entitlement to request deletion of their personal data, while acknowledging limitations via exceptions, is best categorized as describing the right to delete.",2
38208,1109,A sentence that states a right has limitations or exceptions is still a description of that right because it qualifies the scope of the right.,11
38238,469,A sentence that describes how a third-party advertising technology uses collected browsing data to serve targeted ads indicates that the underlying personal information is being shared or disclosed for advertising purposes.,3
38238,4956,Mentioning specific cookies or similar technologies in the context of enabling other parties to deliver ads to a user signifies that collected personal information is disclosed to those parties.,2
38247,915,"A sentence functions as a description of the right when it operationalizes rights that are defined elsewhere in the document, such as controlling disclosure of personal data to advertisers, thereby implementing a broader enumerated opt-out entitlement.",2
38247,955,"When a sentence pairs an explicit statutory term (such as 'sale' of personal information) with a data-subject's ability to decline it, the sentence functions as a description of an opt-out right under that law.",2
38259,1430,A sentence that explicitly names a user's entitlement and then articulates that entitlement in plain terms is a direct description of that right.,3
38261,580,"Sentences that provide reasons for refusing a deletion request are part of the description of the right to delete, as they outline the limitations on that right.",10
38261,848,A sentence that enumerates specific statutory exceptions or conditions under which a deletion request may be refused is describing the scope and limitations of the right to delete.,17
38331,981,A sentence that names specific third-party service providers (such as analytics platforms or social media widgets) and explains how they receive or use user data is categorized as a disclosure of the types of personal information shared with those parties.,5
38345,632,"A privacy disclosure that explicitly denies selling, trading, or exchanging personal information is still classified under the category addressing the sale of personal information because it directly states the company's practice regarding such transfers.",2
384,939,A sentence is labeled as 'Categories of Personal Information Shared / Disclosed' when it explicitly states that information is shared with a specific type of third party and lists the particular data categories involved.,6
38474,125,A concise imperative or heading-style sentence that names a consumer data-privacy action is categorized according to the specific right or option it grants to the individual.,2
38482,1329,A sentence that explicitly guarantees no unfavorable treatment due to an individual's exercise of a data protection right is properly labeled as a description of the right to non-discrimination.,3
38497,2178,A sentence that frames an individual's ability to ascertain what data is collected is inherently a statement of a 'right to know' because it specifies the informational content the consumer is entitled to receive.,2
38497,5235,"Privacy regulations (e.g., CCPA/CPRA) define rights by pairing 'the right to know' with a specific data activity, so a sentence enumerating what data is gathered constitutes a description of that right's scope.",2
38501,148,"Action verbs like 'limit' indicate an opt-out or restriction mechanism, which is a core characteristic of how privacy rights are phrased in notices or policies.",2
38501,3526,"When a sentence narrows the described right to a specific data category, such as sensitive personal information, it serves to define the scope of the right and thus functions as a description of that right.",11
38638,551,A sentence that explicitly states that an individual may request correction of inaccurate data directly describes the right to correct information.,27
38638,5708,The use of action verbs such as 'correct' or 'update' in direct relation to personal data signals a focus on the user's correction rights.,7
38652,2493,A statement that explicitly names an action the data subject can request concerning their own personal data typically functions as a description of a data subject right.,2
38652,7852,"When a sentence enumerates specific actions the entity will take regarding the consumer's own data, it functions as a descriptive disclosure of a legally recognized privacy right rather than a procedural or incidental instruction.",2
38657,1123,"A sentence that articulates the scope or boundary of an opt-out mechanism, such as which specific devices or browsers it affects, serves to explain how a user can exercise control over their personal information, thereby describing the right to limit its use.",3
38657,2620,A sentence that pairs a user-facing browser setting with a broader privacy option (such as refusing to allow certain data uses) indicates that the text is explaining how the right to opt out can be executed.,2
38663,2576,A sentence that outlines a consumer's ability to opt out of or restrict a specific type of automated processing describes a limitation on the use of personal information.,2
38663,3238,"A statement that grants the data subject an unconditional power to halt data usage, without reference to specific legal grounds like a legitimate interest or direct marketing, is typically classified as a description of an opt-out right because opt-out provisions are generally framed as broad, direct permissions.",2
38705,1847,A sentence that explicitly employs the verbs 'correct' or 'rectify' with reference to personal data characteristically describes the data subject's right to have inaccurate information amended.,10
38705,5708,The use of action verbs such as 'correct' or 'update' in direct relation to personal data signals a focus on the user's correction rights.,7
38710,551,A sentence that explicitly states that an individual may request correction of inaccurate data directly describes the right to correct information.,27
38711,1787,A sentence that explicitly states an entity will not treat someone adversely for taking a protected action is a direct description of a non-discrimination right.,8
38711,206,"A description of a non-discrimination right typically appears as a standalone guarantee that protects against unequal treatment for invoking other rights, mirroring the structure of the underlying statutory provision.",3
38711,2262,A sentence that guarantees non-retaliation specifically when a person elects to exercise enumerated legal rights is a description of the non-discrimination right tied to exercising those rights.,2
38711,4579,Language asserting that exercising legal rights will not trigger prejudice or retaliation is a hallmark of a 'right to non-discrimination on exercising rights' statement.,2
3873,1158,A sentence that groups recipient classes together in a disclosure section is treated as a category heading for the personal information involved in that disclosure.,3
3873,381,"When a heading explicitly names a type of information and uses the verb 'disclose', it signals that the subsequent content will enumerate the categories of that information's disclosure.",2
3873,389,A heading that introduces a section describing the purposes for which personal data is transferred to third parties is classified as indicating the categories of information shared or disclosed.,3
38800,1563,A sentence that enumerates specific channels or procedures for acting on data subject rights is labeled as describing methods to exercise those rights.,2
38810,2063,"When a disclosure describes sharing personal information without confining it to narrow, internal processing roles, it signals that the data could be treated as a merchantable asset, which justifies labeling the sentence as pertaining to the categories of sold personal information.",5
38810,5224,"When a privacy policy enumerates categories of personal information and pairs each with a sale declaration, a sentence describing the sale of one such category should be labeled with that category.",2
38817,2601,"When a sentence pairs each named category of information with a description of the specific data elements it includes, it is providing a taxonomy of processed personal data, a hallmark of a 'Categories of Personal Information Collected' designation.",4
38910,2368,A sentence that introduces a formal legal term for a right and then provides a plain-language explanation of what that right allows is typically categorized as a description of that specific right.,2
38980,3513,"Content that outlines notification procedures for significant changes directly addresses the process of revising a policy, which is the core of an update notice.",2
38980,97,A policy section that explicitly describes the possibility of future amendments and the notification procedures for those amendments is a hallmark of an update-notice clause.,3
38981,487,"An explanatory statement describing why a privacy policy could be updated—such as to accommodate new offerings or evolving customer needs—serves as a rationale typically found in sections that announce policy revisions, aligning with the 'Updated Privacy Policy' label.",2
38981,5432,"Sentences containing phrases like 'from time to time' and 'latest information' explicitly signal that the policy is subject to ongoing revision, which categorizes them under an update notice.",2
39054,808,A sentence that tells individuals how to initiate a privacy request by specifying a contact channel (such as an email address) is labeled as a method for exercising rights.,9
3907,1922,A sentence that explicitly informs users of a mechanism to disable targeted advertising fulfills the requirement to describe an opt-out right.,2
39144,406,"A label concerning the categories of personal information collected applies to any sentence that identifies the kinds of personal data an organization handles, even when the sentence primarily describes an activity like inviting someone to research.",9
39167,2302,"A sentence that identifies the specific types or sources of personal data that an organization will obtain, even when the data comes through a third-party integration, serves to define the categories of personal information collected.",2
39167,7151,"When a privacy policy itemizes data points using illustrative qualifiers like 'such as,' the sentence is engaged in taxonomic classification of personal information rather than describing a use, purpose, or legal basis.",2
39167,868,"A sentence that explicitly enumerates the specific types of personal data (e.g., Identity Data, Contact Data) being conveyed to an external party identifies the categories of information disclosed.",6
39277,1395,A sentence that describes the specific data practices involving third-party advertising services is often included to provide context for a consumer's right to opt out of the sale or sharing of personal information.,4
39281,1493,"A sentence that enumerates the permissible purposes for which a business may process sensitive personal information, within a passage explaining when a restriction or limitation right does not apply, serves to describe the scope of that right to limit use.",3
39281,5347,"When a privacy statement ties its usage limitations to a specific statutory framework like CCPA, it is effectively disclosing how that law's consumer rights—including the right to limit—are implemented in practice.",2
39281,69,"A clause that explicitly states permitted uses of sensitive information functions as the descriptive anchor for the right to limit, because that right grants consumers control only over uses beyond those sanctioned categories.",2
39282,246,"A right's description typically defines who holds the right, against whom it is exercisable, and what action may be demanded.",3
39340,5239,Privacy statements that include concrete use-case examples of data processing serve to clarify the categories of personal information that an organization collects.,2
39392,1347,"A sentence that describes both direct communications and inferred preferences suggests that the document categorizes personal information by the types of data used, aligning with a 'Categories of Personal Information Collected' label.",2
39392,1392,A sentence that enumerates specific purposes for which data is used implicitly identifies the categories of personal information that must be collected to fulfill those purposes.,6
39392,7425,"When a passage describes deriving inferences about consumer behavior or creating audience segments from demographics and actual or inferred interests, it indicates that such traits constitute categories of personal information.",2
39418,838,A sentence discussing the storage and transmission of user consent choices directly enumerates the type of user-specific data (preferences and identifiers) that falls under the recognized categories of personal information collected.,3
39432,1760,"A sentence that explains the scope of an opt-out right by specifying the types of processing it covers (e.g., sale, sharing, or targeted advertising) is a description of that right.",4
39432,869,A sentence that explicitly names a right to opt out of the sale of personal information is a direct description of that right.,16
39527,1511,A sentence that identifies a third-party recipient and then enumerates the types of user data that may be provided to that recipient is describing categories of personal information that are shared or disclosed.,11
39527,294,"When a sentence states a condition under which personal data may be transferred to a third party, it is appropriately labeled as a category of information disclosure.",6
39535,1756,A sentence that explains the reason or justification behind a user's ability to opt out helps to describe that opt-out right.,2
39596,2148,A sentence that explicitly uses the term 'right to request' followed by an action like 'delete' for personal information is a direct marker of a privacy right description.,7
39596,259,A sentence that explicitly states a user may request deletion of their personal data is classified as a description of the right to delete.,31
39596,423,A label of 'Description of Right to Delete' applies when the text explains both that the right exists and the circumstances that qualify or restrict it.,6
39596,4530,"When a legal or policy text lists an entitlement in the form of an action the individual can initiate, it is appropriately labeled as a description of that specific right.",3
39599,962,A sentence that explicitly states an individual's entitlement to have inaccurate personal data amended or rectified is categorized as a description of the right to correct information.,15
39600,1197,"A sentence that clarifies the boundaries or exceptions of a stated right is considered a description of that right, as it delineates what the right does and does not cover.",3
39600,227,A description of a right often includes both the actions it guarantees and the exclusions that delimit it.,2
39601,1809,A sentence that explicitly states a right to be free from discrimination when exercising other rights is classified as a description of that right.,11
39601,4815,"The presence of the phrase 'You have the right to' signals that the sentence is formally articulating a legal entitlement, which is characteristic of a rights description.",9
39601,4822,The label 'Description of Right to Non-discrimination on exercising rights' applies when the sentence states that discrimination is prohibited specifically as a consequence of invoking other stated rights.,6
39615,2302,"A sentence that identifies the specific types or sources of personal data that an organization will obtain, even when the data comes through a third-party integration, serves to define the categories of personal information collected.",2
39758,1347,"A sentence that describes both direct communications and inferred preferences suggests that the document categorizes personal information by the types of data used, aligning with a 'Categories of Personal Information Collected' label.",2
3976,5715,Sentences that pair explicit disclosure verbs with a named set of recipient categories signal that the text is classifying which types of information are shared.,2
39761,3169,"A statement that directs users to the advertiser's separate privacy policy discloses the relevant party's data practices, thereby describing the collection of personal information and the applicable notice.",2
39761,7451,"When a passage systematically lays out which data elements are provided to which outside entities for defined commercial reasons, it is describing the categories of information shared or disclosed rather than a broader privacy statement.",2
3981,2701,"If a sentence explains the process by which an individual can invoke a privacy right, it is labeled as a method to exercise that right.",6
3981,5544,Sentences that describe how a user's browser settings or configuration can affect the outcome of their opt-out belong under the category of methods for exercising the right.,2
39812,1662,"A sentence that enumerates the various origins from which a company gathers user data—whether directly from the user, via tracking technologies, or from external sources—falls under the category describing what types of personal information are collected.",2
39814,769,"A sentence that describes the technical characteristics of a data collection mechanism, such as how long its tracking elements persist, is classified under the categories of personal information collected because it specifies the nature and scope of the data being gathered.",2
39814,7713,"When a sentence clarifies how a tracking technology operates (e.g., its scope or platform variant), it contributes to enumerating the categories of personal information that a system may collect from users.",2
39855,1290,A sentence that explicitly names a specific data privacy right and explains who holds that right is classified as a description of that right.,22
39855,2705,A sentence that translates a legal right into the specific action it permits the data subject to take is recognized as a description of that right.,2
39855,551,A sentence that explicitly states that an individual may request correction of inaccurate data directly describes the right to correct information.,27
39855,5711,"Sentences that pair an official legal term, such as 'right of rectification,' with a plain-language explanation of its scope are categorized as descriptions of that right.",2
39864,1549,"A sentence that enumerates specific prohibited acts of differential treatment (denying services, varying prices, or altering quality) characteristically serves as a description of a non-discrimination right.",11
39865,1760,"A sentence that explains the scope of an opt-out right by specifying the types of processing it covers (e.g., sale, sharing, or targeted advertising) is a description of that right.",4
39865,869,A sentence that explicitly names a right to opt out of the sale of personal information is a direct description of that right.,16
39865,887,A sentence that instructs a user on how to stop the transfer of their personal information to third‑party vendors for targeted advertising purposes is a description of the right to opt out of the sale or sharing of personal information.,5
39897,1661,A sentence that identifies a specific external source or context from which a company obtains personal information belongs under a heading that enumerates the categories of personal data collected.,3
39897,3697,Statements that explicitly identify sources from which personal information is obtained are labeled as categories of personal information collected because they specify the origins of the data acquisition process.,6
399,1911,A sentence that explicitly identifies the categories of external recipients of personal information directly addresses the transparency requirement that underlies the consumer's right to know about sales or disclosures.,2
399,7958,"When a sentence is framed as a factual description of with whom personal information is shared, it naturally fits the legal requirement to explain the categories of recipients in the context of a right-to-know provision for sold or shared data.",3
3990,1456,Sentences that direct users to a specific external webpage or tool for making an opt-out or privacy choice are classified as methods to exercise rights.,4
39915,1408,A sentence that explicitly grants an individual the right to rectify or correct inaccurate personal data is characteristically a description of the right to correct information.,5
3992,1456,Sentences that direct users to a specific external webpage or tool for making an opt-out or privacy choice are classified as methods to exercise rights.,4
39930,1708,"A sentence that explains how tracking technologies, like cookies, are used to deliver ads or retarget users indicates that user data is shared with advertising platforms, thereby addressing categories of information disclosed to third parties.",2
3994,5647,Sentences that instruct users on how to prevent or restrict the use of their personal data are categorized under methods to exercise rights.,2
39976,4099,"The presence of a direct contact mechanism, such as a specific email address, flags a sentence as procedural guidance for carrying out a rights request.",2
39976,5338,"The reference to 'these rights' anchors the sentence to a previously enumerated set of entitlements, indicating the sentence describes a right that applies to those specific activities.",2
39986,115,"A short, declarative noun phrase that identifies a discrete kind of personal data is inherently a descriptor of a category of personal information collected.",2
400,1506,A sentence that explains what information a business will disclose in response to a consumer rights request is typically categorized as a description of that right.,6
400,6390,The label applies when the sentence functions as a listed item within a set of required disclosures for a consumer privacy request.,2
40024,1216,"When a sentence ties the prohibition of discrimination to the act of exercising other specified rights, it constitutes a description of the non-discrimination right in that context.",6
40024,5300,"Qualifying language like 'as provided for in applicable law' indicates that the statement is a formal legal right description, which supports its classification as a rights provision.",2
40024,6303,"The inclusion of a scope-limiting condition (e.g., 'for exercising certain rights') clarifies the boundaries of the non-discrimination protection, which is a defining element of a non-discrimination-on-exercise right.",2
40025,1381,Sentences that announce how future modifications to a policy will be communicated signal that the text belongs to an update or change-notification section.,4
40025,2057,"A sentence that explicitly references the date when a policy was last revised indicates that the document has a versioned update history, which is a core marker of an updated policy.",3
40025,5623,Sentences that outline the steps taken when a policy is altered—rather than stating current terms—are categorized under the updated-policy label.,3
40025,873,A sentence that explicitly states a policy will be revised and a new version will be made available indicates that the policy is subject to updates.,10
40123,1290,A sentence that explicitly names a specific data privacy right and explains who holds that right is classified as a description of that right.,22
40161,2959,The presence of the label's exact terminology within the sentence—such as 'sale of personal information'—is a strong indicator that the sentence belongs to that category.,2
40161,303,A sentence that explicitly addresses disclosures made for a business purpose and requires identifying the categories of personal information obtained by each category of recipient is describing the consumer's right to know about non-sale disclosures.,5
40161,312,"A disclosure that enumerates specific data categories (like identifiers, commercial information, geolocation) and ties them to transfers to third parties is characteristic of a statement about the categories of personal information sold.",4
40161,378,"When a heading includes the label's core legal term 'Sold' combined with 'Personal Information' and 'Categories', the listed recipients and purposes that follow are best interpreted as describing the categories of personal information sold.",2
40161,6668,"The presence of a stated purpose, like targeted advertising, establishes a commercial relationship that distinguishes actual 'sales' or 'shares' from routine service-provider processing, which determines the applicable disclosure type.",2
40185,1455,"A sentence that provides a concrete mechanism or channel for users to act on their data privacy preferences, such as a webpage or form, indicates methods to exercise rights.",2
40185,2352,A sentence that instructs users on how to change their privacy preferences through a specific setting is categorized as a method for exercising rights.,2
40185,5655,"Sentences that instruct the user on how to opt out of a data practice (e.g., the sale of personal information) are typically labeled as methods to exercise rights.",2
40227,261,"A description of the right to delete typically includes reference to personal information previously gathered and frames the individual's ability to compel its removal, as opposed to merely acknowledging a process.",4
40229,963,A sentence that explicitly names the right and then defines its protection qualifies as a description of that right.,3
40232,1436,A sentence that explicitly affirms the user's ability to make a choice regarding the sale of their personal information is a description of the right to opt out.,24
40232,870,"A sentence explicitly framed with directive phrasing signaling the existence of an option (e.g., stipulating that a user 'may opt-out') is characteristic of discourse that describes a right rather than merely referencing it.",2
40262,1542,"A sentence that identifies a category of third-party recipients within a disclosure section, where the surrounding text establishes that personal information is transferred to such recipients, constitutes a category of personal information shared or disclosed.",8
40262,4002,"Headings that introduce sub-sections naming distinct third-party recipients function as organizational markers for enumerating disclosures of personal information, so they are assigned to the category describing what information is shared.",2
40263,1234,"A sentence that combines a recipient category (e.g., internet service providers) with an explicit breakdown of shared data fields is characteristic of a disclosure notice for personal information categories.",4
40263,939,A sentence is labeled as 'Categories of Personal Information Shared / Disclosed' when it explicitly states that information is shared with a specific type of third party and lists the particular data categories involved.,6
40278,1807,A sentence that explicitly articulates a data subject's entitlement to a specific privacy action—such as asking for the deletion of their personal information—is labeled according to the name of that entitlement.,2
40278,4815,"The presence of the phrase 'You have the right to' signals that the sentence is formally articulating a legal entitlement, which is characteristic of a rights description.",9
40279,1154,A sentence that begins with the explicit phrasing 'You have the right to' and then states a specific action the data subject may take is characteristically a direct description of that corresponding right.,4
40279,441,"A label naming a right is appropriate when the sentence provides the definition or scope of that right, including who is entitled and what they can do.",2
40279,4815,"The presence of the phrase 'You have the right to' signals that the sentence is formally articulating a legal entitlement, which is characteristic of a rights description.",9
40279,7016,"The sentence's function is to inform the data subject of an available action, and such declarative statements of entitlement are classified by the specific right they announce.",2
40285,2080,A sentence that explicitly states a consumer's ability to opt out of or limit the use or disclosure of their personal data is a direct description of that right.,3
40295,1000,"A sentence that begins with a direct assertion of a user's entitlement, such as 'You have the right to...', is characteristically used to articulate a specific privacy or data protection right.",5
40297,1804,A sentence that states a consumer's entitlement to instruct a business to restrict processing of a specific data category directly constitutes a description of the right to limit the use of that personal information.,15
40297,99,"A clause that specifies the scope of the limitation—here, 'sensitive personal information'—strengthens the match to a description of limiting use, since the sentence defines both the right and its target data category.",2
40351,1877,A sentence that explicitly frames an action as a consumer's entitlement using the phrase 'You have the right to request' is characteristically a description of that legal right.,4
40351,3334,"A statement that tells individuals what they are permitted to ask for regarding their data is a description of a privacy right, not an obligation or policy detail.",2
40351,3964,Sentences that articulate a user's control over the erasure of their personal information are classified under descriptions of the right to delete.,4
40539,3057,"Statements about third-party analytics providers receiving data about users denote an actual transfer of personal information to an outside party, which is the essence of a disclosure.",5
40539,658,A privacy statement that describes a mechanism by which users may share their personal data with third parties is categorizing the types of personal data that are disclosed to those parties.,2
40545,868,"A sentence that explicitly enumerates the specific types of personal data (e.g., Identity Data, Contact Data) being conveyed to an external party identifies the categories of information disclosed.",6
40600,1338,A sentence that explicitly states a user has the ability to update or correct their own personal data through a self-service method describes a right to correct information.,3
40600,1971,A sentence that explicitly names a data subject right and then elaborates on its scope by describing what the individual may request is classified as a description of that right.,7
40601,1424,"A sentence that uses the explicit construction 'You have the right to...' followed by an action directly articulates a consumer entitlement, making it a description of that right.",7
40601,424,"A label for a privacy right description is assigned when the sentence both names the right (e.g., via a heading or term) and then elaborates its operational scope in the same textual unit.",3
40601,6851,"When a privacy statement pairs an opt-out directive with a specific data use like 'Targeted Advertising', it signals that the sentence is identifying the scope of a consumer's right to prohibit that use.",2
40654,3212,A statement that frames a right in terms of the data the organization possesses about the person and the individual's ability to receive that data constitutes a description of the right to know collected personal information.,4
40655,1971,A sentence that explicitly names a data subject right and then elaborates on its scope by describing what the individual may request is classified as a description of that right.,7
40680,1866,"A sentence that explicitly enumerates specific types or sources of data gathered from a user is best labeled as describing the categories of personal information collected, because such enumeration defines the scope of data acquisition.",2
40680,3064,A statement embedded near other category descriptions that names additional data types—even those obtained via third parties—contributes to the comprehensive listing of personal information categories covered by the policy.,2
40727,1150,A sentence that explicitly names a consumer privacy right in its heading and then elaborates on what that right allows the consumer to do is classified as a description of that right.,41
40727,420,A label for a 'Description of Right to Know PI Collected' applies when the sentence explicitly grants an individual the ability to obtain an accounting of their collected personal information and its flow.,8
40727,4365,"In documents that enumerate privacy rights, a heading that matches a known legal right serves as a structural pointer to the substantive explanation that follows, so it carries the same classification as the description it introduces.",2
40727,4594,"When a sentence clarifies that individuals can ask an organization for the personal data it maintains, that sentence serves as a description of the right to know privacy rights.",3
40729,311,"A privacy disclosure that articulates the specific business purposes for which collected personal information will be used directly serves a consumer's right to know, as it clarifies the intended treatment of their data.",6
40731,1290,A sentence that explicitly names a specific data privacy right and explains who holds that right is classified as a description of that right.,22
40731,1328,Text stating that an individual may require an organization to fix incomplete or inaccurate personal data is a prototypical expression of the right to correct information.,3
40735,1569,"A sentence that enumerates specific contact channels (such as postal address, web form, or phone number) for users to pursue data-related requests is classified under methods to exercise rights.",8
40832,1641,A sentence that enumerates the specific categories and sources of personal information to be disclosed upon a verified request serves as a procedural description of a data-subject right.,2
40832,7860,"When a sentence enumerates the categories of sources, business purposes, and third parties involved with personal information, it delineates the scope of the right-to-know disclosure obligation.",2
40833,1765,A sentence that explains the types of information a consumer may request regarding the sale or disclosure of their personal information is describing a consumer privacy right.,2
40833,4951,Mentioning separate lists for sales and business-purpose disclosures indicates the content and structure of information a consumer can access under a right-to-know provision.,2
40837,3645,"Phrasing that specifies a standard of effort, such as 'commercially reasonable efforts,' indicates that the sentence is explaining how the right to correction is fulfilled rather than merely asserting its existence.",2
40837,5012,Sentences that pair the handling of inaccurate personal information with authoritative legal references are commonly recognized as descriptions of the right to have such inaccuracies corrected.,2
4084,377,A heading that appears adjacent to explanatory sentences about data handling practices is treated as part of the same disclosure block when determining its semantic label.,2
4084,875,A sentence that explicitly identifies the type or nature of personal information being transferred (such as 'marketing information') serves as a disclosure of the category of personal information that is sold.,5
40840,1436,A sentence that explicitly affirms the user's ability to make a choice regarding the sale of their personal information is a description of the right to opt out.,24
40840,1760,"A sentence that explains the scope of an opt-out right by specifying the types of processing it covers (e.g., sale, sharing, or targeted advertising) is a description of that right.",4
40840,3662,The use of the phrase 'Right to Opt-Out' followed by an explanation of what that right entails directly aligns with a label that categorizes such descriptions of the opt-out right.,5
40845,1549,"A sentence that enumerates specific prohibited acts of differential treatment (denying services, varying prices, or altering quality) characteristically serves as a description of a non-discrimination right.",11
40886,2081,"A sentence that explicitly states a consumer has the right to request a specific data action, such as correction, directly describes that right.",2
4091,1508,"When a sentence enumerates the scope of information available upon a verified consumer request, it functions as a description of the corresponding access right.",2
40925,5805,"When a privacy notice names the classes of entities that may receive personal information, it fulfills the regulatory requirement to describe data sharing arrangements clearly.",2
40928,274,"A description that lists categories, business purposes, and sources of personal data is characteristic of transparency-oriented disclosures that define a right-to-know right.",4
40928,4067,"If a sentence frames an obligation for an organization to notify individuals about what personal data is being collected and how it will be used, it expresses the consumer's right to know PI collected.",2
40928,695,"A sentence that frames a consumer's entitlement to request disclosure of enumerated data-handling practices, such as categories collected, sources, purposes, and sharing, constitutes a description of a right-to-know provision.",6
40928,854,"A sentence that enumerates the specific categories of personal information a company must disclose upon request, including sources, purposes, third parties, and business-purpose disclosures, is describing the consumer's statutory right to know about the collection, sale, and sharing of personal information.",8
40930,1879,"A sentence that explicitly states a user's entitlement or right, using phrases like 'you have the right to request...', is typically classified as a description of that right.",12
40932,1156,A sentence that explicitly uses the phrase 'right to opt-out' and names a specific category of data processing (such as 'sale') directly describes that consumer privacy entitlement.,7
40932,449,A label that names a specific consumer right and identifies the action (opt-out) and the data practice (sale/sharing) is a direct description of that right.,2
40934,416,"A label for 'Description of Right to Limit use of PI' is appropriate when the text explains how to prevent a particular type of processing, even if the means involves a third-party utility.",4
40934,949,"A sentence that functions as a section heading and names a specific consumer right is best labeled as a description of that right, since it identifies the right rather than explaining its conditions or exceptions.",4
40935,239,A description of a right to limit the use of personal information often specifies the statutory exceptions or permitted purposes that narrow or remove the consumer's ability to exercise that right.,5
40935,3205,"When a notice explains that processing is confined to legally permitted or requested purposes, a subsequent statement that no opt-out is provided clarifies the boundary of the right to limit, making it a descriptive statement about that right.",2
40935,4741,"When a sentence employs the exact statutory phrase for a right, such as 'Right to Limit', alongside references to 'Sensitive Personal Information', it directly signals that the text is characterizing that particular right.",4
40935,69,"A clause that explicitly states permitted uses of sensitive information functions as the descriptive anchor for the right to limit, because that right grants consumers control only over uses beyond those sanctioned categories.",2
40936,1811,A sentence that explicitly states a prohibition against discrimination for exercising legal rights directly describes the right to non-discrimination.,23
40936,4352,"In consumer privacy notices, a statement prohibiting discriminatory treatment as a consequence of asserting one's other rights is conventionally labeled a description of the right to non-discrimination on exercising rights.",2
40936,5982,"When a sentence references a specific consumer privacy statute and describes protection from differential treatment, it functions as a description of a statutory non-discrimination right.",2
40981,954,"A sentence that enumerates types or sources of personal information (such as applications, preferences, transactions, or third-party data) following an introductory statement about 'sale' or 'sharing' under a privacy law is labeled as a category of personal information sold.",5
40989,1675,A sentence that explicitly grants a consumer the right to request disclosures from a business about its handling of personal information is correctly labeled as describing a 'Right to Know' provision.,6
40989,428,"The label 'Description of Right to Know PI sold / shared' applies to sentences that articulate the circumstances under which personal information is collected and used, including the legal justifications that permit such sharing.",11
40999,304,A disclosure statement that explicitly restricts information sharing to what is legally required or allowed belongs in a section describing categories of data shared or disclosed.,3
4101,3149,A statement that connects retention obligations to service providers and legal requirements elaborates on the practical application of a data privacy deletion right.,2
4101,848,A sentence that enumerates specific statutory exceptions or conditions under which a deletion request may be refused is describing the scope and limitations of the right to delete.,17
4104,7539,"When a privacy notice lists exceptions to a deletion right, each exception is typically introduced with phrasing that signals an action the entity is legally required to take.",2
4108,3302,"The right to delete is typically framed by exceptions that allow retention for protective or legal activities, so sentences stating such exceptions belong to the right's description.",5
4108,580,"Sentences that provide reasons for refusing a deletion request are part of the description of the right to delete, as they outline the limitations on that right.",10
4108,848,A sentence that enumerates specific statutory exceptions or conditions under which a deletion request may be refused is describing the scope and limitations of the right to delete.,17
41084,1187,A sentence that explicitly names a consumer right using standard legal terminology is classified as a description of that right.,11
41084,4267,"In a privacy policy structured as a list of rights, each heading that names a right corresponds to the description of that right, so the heading itself carries the related label.",2
41090,1440,"A sentence that directly names an actionable user right, such as opting out of data sales, is appropriately labeled as a description of that right when the surrounding text elaborates on how that right may be exercised.",2
41090,439,"An opt-out right label is appropriate when the text states that the company engages in the sale or sharing of personal information as defined by a privacy law, thereby tying the right to the relevant legal framework.",2
41112,2320,A sentence that instructs a data subject on what identifying details to include when submitting a formal privacy request is describing a method for exercising their rights.,3
41112,541,"Any instruction that enables a user to take a concrete step toward accessing, correcting, or opting out of data use is classified as a method to exercise rights.",2
41119,1187,A sentence that explicitly names a consumer right using standard legal terminology is classified as a description of that right.,11
4112,1366,A sentence that describes procedural requirements or exemptions for submitting a data-related consumer request is classified under methods for exercising rights.,2
41156,4268,"Privacy policy text that expands a general declaration of information collection into a detailed set of uses effectively clarifies the specific data elements involved, making it appropriate to annotate as 'Categories of Personal Information Collected'.",3
41159,5605,"When a sentence explains how cookies track user behavior across pages for analytical purposes, it falls under the category of collected personal information since behavioral tracking is considered a form of personal data collection.",3
41177,959,"A sentence that explicitly denies selling or sharing personal data for monetary or other valuable consideration directly addresses the question of which categories of personal information are sold, so it is labeled as information about categories sold even when the denial presents an absence for a specific context.",4
41203,1956,"A sentence that explicitly mentions the policy's own amendability is typically grouped with other update statements, as it alerts users to the dynamic nature of the document.",2
41203,645,A privacy policy provision that explicitly states the policy may be revised or updated over time is typically categorized as an update notice for that policy.,6
41206,4600,Language describing the effective timing and user's ongoing consent indicates the document section addresses policy revisions.,2
41221,1661,A sentence that identifies a specific external source or context from which a company obtains personal information belongs under a heading that enumerates the categories of personal data collected.,3
41221,3553,"When a disclosure explicitly catalogs the origins and types of information a platform gathers, distinguishing among user-provided, automatically collected, and externally sourced data, it is properly classified as describing categories of personal information collected.",2
41221,570,"Statements clarifying that information comes from both direct user input and from external parties (partners, service providers, and affiliates) are typical of disclosures outlining the categories of collected personal data.",4
41234,3056,A statement that explicitly describes a specific scenario in which a platform provides a user's personal information to other parties for a defined purpose belongs to the category of information shared or disclosed.,2
41234,6740,"When a sentence explains how user-supplied data (such as contact details) is used to identify the user to others, it constitutes a disclosure of that personal information category.",2
41253,2872,A sentence that states user data or portions of it will appear or be visible on third-party platforms indicates that categories of personal information are being disclosed or shared externally.,3
41253,295,A disclosure is identified when a sentence specifies that certain user information is open to public viewing or comment by other users of the platform.,2
4128,8251,"When a sentence ties the opt-out entitlement to a specific jurisdiction's residents (e.g., California) and frames it as a 'right' to refuse data sales, it functions as a descriptive statement of that opt-out provision.",2
4128,869,A sentence that explicitly names a right to opt out of the sale of personal information is a direct description of that right.,16
41307,3964,Sentences that articulate a user's control over the erasure of their personal information are classified under descriptions of the right to delete.,4
4132,3085,"A statement framed as what an entity will refrain from doing toward a rights-holder, in the context of that holder invoking their entitlements, characteristically describes a non-discrimination right.",2
4132,933,A sentence introduced by a heading that names a specific legal protection and then states an explicit commitment to honor it functions as a description of that protection as a right.,2
41343,1811,A sentence that explicitly states a prohibition against discrimination for exercising legal rights directly describes the right to non-discrimination.,23
41343,620,"A pledge of non-discrimination on the basis of rights exercise is a standard and distinct element within privacy policies, warranting its own descriptive label.",2
41344,1169,"Mention of specific categories like 'Sensitive Personal Information' in connection with limiting further processing ties the sentence to the corresponding privacy right, signaling that it describes the right to restrict use of that data.",8
41344,1894,A sentence that grants individuals the ability to restrict or object to how their personal information is processed articulates a data subject's right to limit use.,13
41378,1811,A sentence that explicitly states a prohibition against discrimination for exercising legal rights directly describes the right to non-discrimination.,23
41378,5030,"The presence of the term 'rights' alongside the negation of discriminatory action marks the sentence as a formal delineation of a protected entitlement, which matches the label's focus on non-discrimination.",2
41378,6303,"The inclusion of a scope-limiting condition (e.g., 'for exercising certain rights') clarifies the boundaries of the non-discrimination protection, which is a defining element of a non-discrimination-on-exercise right.",2
41378,6432,"When a prohibition is tied to the exercising of other rights, it specifies non-discrimination on the basis of that rights-exercising activity.",2
41378,75,A clause that explicitly guarantees the subject will not face discrimination when invoking their enumerated rights is a direct description of a right to non-discrimination.,2
41378,773,"When a statement defines a right by prohibiting adverse treatment in response to exercising other rights, it describes the right to non-discrimination.",4
41386,4032,"If a document’s surrounding text explicitly addresses updates to the privacy policy and the user’s duty to inform, then a sentence about using an account to communicate data changes fits under that same privacy policy update directive.",2
41415,982,A sentence that explicitly enumerates specific categories of personal information in the context of a sale or disclosure is classified under the label for the categories of personal information sold.,8
41462,2226,"A sentence that frames the statement with a geographic or legal qualifier (e.g., 'California residents') indicates that it is explaining a statutory entitlement, which aligns with a description of the right.",2
41463,2078,A sentence that explicitly states a company will not use or disclose sensitive personal information without consent for purposes outside those allowed by a privacy law directly describes the right to limit the use of that information.,2
41463,3264,Statements that clarify the practical mechanism by which a consumer's data will be excluded from marketing activities characterize the right to limit or control the use of personal information.,3
4148,2112,"A sentence that states the eventual deletion of personal information from records, subject to exceptions, directly outlines the scope and conditions of the deletion right, making it a description of that right.",7
4148,7691,"When a sentence appears within an enumerated list of reasons for denying a deletion request, it functions to delineate the conditions under which the right to delete is not absolute.",2
4148,96,"A clause that specifies a legitimate purpose (such as public-interest research) for retaining personal information, along with safeguards like informed consent, defines a permissible limitation on the consumer's deletion right.",2
4149,1230,"When the sentence links the non-discrimination guarantee to the exercise of other specified rights, it signals a right-to-non-discrimination statement.",5
4149,1820,"A sentence that explicitly declares a policy of not discriminating against consumers for exercising their legally granted rights serves to describe the right to non-discrimination, as it directly states the protective guarantee.",3
4151,255,"A description of non-discrimination rights often clarifies that a refusal to share information is permitted when it results from the consumer's own choice or lack of consent, rather than from punitive intent.",2
41524,1290,A sentence that explicitly names a specific data privacy right and explains who holds that right is classified as a description of that right.,22
41524,3526,"When a sentence narrows the described right to a specific data category, such as sensitive personal information, it serves to define the scope of the right and thus functions as a description of that right.",11
41524,6282,"The inclusion of a legal qualifier (such as 'under applicable law') in a sentence about a right indicates that the sentence is explaining when and how the right is supported, which is a descriptive function.",2
41525,1811,A sentence that explicitly states a prohibition against discrimination for exercising legal rights directly describes the right to non-discrimination.,23
41525,405,"A label concerning non-discrimination applies to any sentence that identifies the context in which consumers are safeguarded from adverse consequences, regardless of whether that sentence itself specifies the particular prohibited actions.",2
4153,1974,A sentence that explicitly names a specific privacy statute and states the right it grants to consumers is typically categorized as describing a statutory right to know or access personal information.,5
4153,792,"A sentence describing a specific legal right granted to residents under a particular statute, and what that right entails, is classified as a description of the right to know about personal information being sold or shared.",2
4153,825,A statement that explicitly grants a data subject the right to receive information about any sharing or selling of their personal information to third parties constitutes a description of the right to know about such transfers.,8
41538,1776,"A sentence that explains why cookies are used, such as to enhance experience, indicates that personal information is being collected for operational or functional purposes covered by the disclosed data categories.",2
41538,4956,Mentioning specific cookies or similar technologies in the context of enabling other parties to deliver ads to a user signifies that collected personal information is disclosed to those parties.,2
41538,5214,"Privacy policies commonly describe cookie usage because cookies are a technical mechanism for collecting personal information, so such statements pertain to the categories of personal information collected.",3
41543,1794,"A sentence that explicitly provides a revision date signals that the document has been formally updated, as the date marks the version's effective release point.",5
41543,2686,"A sentence that provides a specific effective date for a policy document typically indicates that the document is a newly updated version, especially when it is positioned at the outset of a text describing modifications.",6
41543,5620,"Sentences that identify an effective or revised date typically appear within an update-notice section, making them direct evidence that the policy has been amended rather than remaining static.",3
41553,1934,"When the recipient types named alongside the enumerated categories overlap with those identified in a document's explicit statement that specified categories may be sold or shared, the sentence is understood to disclose categories sold.",3
41553,982,A sentence that explicitly enumerates specific categories of personal information in the context of a sale or disclosure is classified under the label for the categories of personal information sold.,8
41596,1893,A sentence that explicitly grants users the right to request access and receive copies of their personal data directly describes the consumer right to know what personal information has been collected and processed.,6
41596,6644,"The presence of a requested access to information, rather than a mention of sharing, deletion, or correction, aligns the sentence specifically with the 'right to know' category rather than other privacy rights.",2
41597,551,A sentence that explicitly states that an individual may request correction of inaccurate data directly describes the right to correct information.,27
41599,1924,"A sentence that explicitly instructs a data subject on how to exercise a privacy right, such as making a request to restrict processing, constitutes a description of that right.",3
41599,3526,"When a sentence narrows the described right to a specific data category, such as sensitive personal information, it serves to define the scope of the right and thus functions as a description of that right.",11
41601,5650,Sentences that outline concrete procedural steps or channels through which an individual can exercise a privacy choice are categorized as methods for exercising rights.,4
41601,964,"A sentence labeled as methods to exercise rights typically enumerates distinct channels (e.g., web, mobile app, email) through which a user can submit a request.",2
41603,5535,Sentences that describe an alternative mechanism for consumers to exercise a privacy right are categorized under the provision of that right.,2
41617,245,"A description of a right to opt out of the sale of personal information often clarifies that exercising the right does not eliminate all related advertising, including interest-based ads, thereby setting expectations about the scope of the opt-out.",5
41620,1919,A sentence that explicitly states a data practice conforming to a specific consumer privacy right under a named law directly describes that right.,3
41620,426,A sentence that explicitly states a user can request to limit or restrict the use or disclosure of their personal information is classified as a description of a right to limit use.,9
41651,11,"If a sentence appears in a section whose stated purpose is to identify the personal information categories sold or shared, any category names it contains are understood as the categories being reported for that purpose.",2
41651,1870,"A sentence that explicitly enumerates the categories of third parties or business partners (such as service providers, affiliates, or financial institutions) with which an organization shares personal information is characteristic of a disclosure about the sharing or selling of personal information.",3
41651,4227,"In a privacy disclosure, a structured row that attaches a yes/no flag to each personal-information category functions to identify exactly which categories meet the sale condition.",2
41651,881,A sentence is labeled as describing categories of personal information sold when it enumerates specific types of personal data that the entity states it sells or discloses to third parties.,7
41653,1560,"A sentence that enumerates specific categories of third-party recipients, particularly advertising partners and joint marketing partners, indicates that the disclosed personal information may be considered sold or shared under state privacy laws, since such disclosures often involve commercial data transactions.",7
41653,6530,The presence of a data category label together with entities like marketing partners and purposes like analytics indicates that the statement enumerates which personal information types are transferred to third parties for business purposes.,2
41653,982,A sentence that explicitly enumerates specific categories of personal information in the context of a sale or disclosure is classified under the label for the categories of personal information sold.,8
4168,734,"Wording that references the possibility of denying a request (e.g., 'may deny if necessary') directly explains the scope of the underlying right, thereby describing it in terms of its limitations.",2
4168,848,A sentence that enumerates specific statutory exceptions or conditions under which a deletion request may be refused is describing the scope and limitations of the right to delete.,17
4171,3064,A statement embedded near other category descriptions that names additional data types—even those obtained via third parties—contributes to the comprehensive listing of personal information categories covered by the policy.,2
4171,3143,A statement that conditions the personal nature of data on its linkage with other provided information contributes to the enumeration of personal information categories by describing when that data is included.,2
4171,4095,"The labeling of a sentence as 'categories of personal information collected' is determined by its primary function being to identify and associate the specific data types used for a stated purpose, rather than by the purpose or legal basis it mentions.",3
41728,1397,"The presence of terms such as 'sale' or 'transfer' in a corporate transaction context implies that personal information is among the assets that may be exchanged, making the sentence relevant to a disclosure about sold personal information categories.",3
41728,659,"A privacy statement that discloses the transfer or sharing of personal information in the context of corporate transactions such as mergers, acquisitions, or asset sales is classified under the category of personal information sold because such deals commonly involve the sale or conveyance of personal data as part of the business assets.",3
41746,2070,"A sentence that explicitly states a right to modify or change a policy signals that the policy is subject to future updates, which is a hallmark of an 'Updated Privacy Policy' label.",7
41760,869,A sentence that explicitly names a right to opt out of the sale of personal information is a direct description of that right.,16
41763,407,A label such as 'Description of Right to Non-discrimination on exercising rights' is appropriate when the sentence articulates a guarantee against adverse treatment tied to the activation of other rights.,3
41763,6751,"The presence of entitlement language (e.g., 'you have a right') combined with reference to a governing statute indicates the sentence is formulating a description of that legal right.",3
41763,790,"A sentence that explicitly states a right not to receive discriminatory treatment is a direct enunciation of a non-discrimination right, justifying a label that identifies it as a description of that right.",4
41781,264,"A description of the right to opt out of the sale of personal information can include narrower practices (e.g., tailoring ads based on collected data) because those practices are subsumed under the broader legal definition of 'sale' or 'sharing' that the right addresses.",2
41781,791,"In legal frameworks that treat targeted advertising as a form of selling or sharing personal information for behavioral advertising, any description of a right to opt out of that processing is categorized under the right to opt out of the sale of personal information.",3
41794,1439,"In privacy disclosures, the label denoting a category of personal information sold is applied to sentences that name a specific class of consumer attributes, such as demographics, that are recognized as personal data under relevant laws.",3
41798,2492,A sentence that names a specific type of personal data and illustrates it with concrete sources qualifies as a distinct category of personal information under privacy frameworks.,2
41798,850,"When a sentence enumerates specific types of consumer data (e.g., identifiers, commercial information) while framing them as having been shared with third parties, it evidences a disclosure-of-categories classification.",3
41803,1173,"A sentence that enumerates the types of data collected (e.g., activity, preferences, inferred attributes) is categorized as disclosing the categories of personal information involved.",12
41824,4095,"The labeling of a sentence as 'categories of personal information collected' is determined by its primary function being to identify and associate the specific data types used for a stated purpose, rather than by the purpose or legal basis it mentions.",3
41843,2078,A sentence that explicitly states a company will not use or disclose sensitive personal information without consent for purposes outside those allowed by a privacy law directly describes the right to limit the use of that information.,2
41849,650,"A privacy policy sentence that explicitly states the purposes for which collected information is used directly informs users about the scope of data processing, thereby addressing the transparency requirement of the right to know about personal information collected.",2
41854,224,"A description of a right includes the scope of the right, such as what information it covers and from whom it can be requested.",4
41856,1887,A sentence that explicitly grants the data subject a right to object to or restrict the processing of their personal information is describing a limitation on the use of that information.,4
41856,3250,A statement that informs users of an action they can take to limit data collection or processing describes a user control right over their personal information.,2
41857,183,A sentence that enumerates a specific category or piece of data within a list of disclosures tied to a defined privacy right serves to describe the scope of that right.,3
41857,3448,"In privacy documentation, defining ambiguous terms like 'sensitive personal information' reduces uncertainty and thereby supports the clarity of user rights.",3
41858,1073,"Sentences that advise users to exercise caution when deciding what personal information to share, particularly data of a sensitive nature, function to explain a user's right to restrict or limit how that information is used by a service.",4
41858,3526,"When a sentence narrows the described right to a specific data category, such as sensitive personal information, it serves to define the scope of the right and thus functions as a description of that right.",11
41863,4600,Language describing the effective timing and user's ongoing consent indicates the document section addresses policy revisions.,2
41880,1140,A sentence that explicitly names a legal right and defines its scope or conditions serves as a direct description of that right.,4
4192,1234,"A sentence that combines a recipient category (e.g., internet service providers) with an explicit breakdown of shared data fields is characteristic of a disclosure notice for personal information categories.",4
4192,2292,"A sentence that specifies both the kinds of entities receiving personal data and the advertising, analytics, or research purposes for which the data is used is indicative of a section that lists categories of personal information shared or disclosed.",3
4192,7869,"When a sentence enumerates the types of entities (e.g., subsidiaries, affiliates, related companies) gaining access to personal data and explains the operational or service-based reasons, it falls under the category of who personal information is shared with.",2
41964,2809,A sentence that specifies the lawful conditions under which differential treatment is permitted helps delineate the boundaries of the right to non-discrimination.,2
41965,989,"Stating that consent can be revoked at any time emphasizes that any differential treatment is contingent on the consumer's ongoing voluntary agreement, which is fundamental to describing how the right against discrimination is preserved.",3
41980,305,"A disclosure statement that identifies both the category of recipient (e.g., service providers) and the specific purpose of the disclosure directly matches a label describing categories of shared or disclosed personal information.",6
41980,501,A sentence that explicitly states that personal information is shared with third parties and specifies the recipient's purpose directly communicates the categories of information being disclosed or shared.,8
41980,8086,"When a sentence is placed within a list enumerating different data types, it functions to articulate the full set of personal information categories the organization may use or share.",2
41990,165,"A sentence that explicitly describes how users will be informed of revisions to a policy indicates the policy is subject to change, which supports the 'Updated Privacy Policy' label.",26
41990,2240,A sentence that is a short noun-phrase heading explicitly combining 'updates' and 'policies' signals a section announcing changes to privacy policy.,3
4200,1464,"A sentence that states where future revisions to a privacy policy will be announced indicates the document includes a mechanism for notifying users of modifications, which is characteristic of update-related content.",3
4200,4603,Language that specifies when and how an organization will notify users of policy modifications points to a section devoted to the handling of updated privacy policies.,2
42031,1639,"A sentence that enumerates the specific business purposes for which sensitive personal information is used or shared typically clarifies the scope of a consumer's right to limit such use, by stating the legitimate exceptions.",2
42032,1811,A sentence that explicitly states a prohibition against discrimination for exercising legal rights directly describes the right to non-discrimination.,23
42032,3270,A statement that links the protection from discriminatory treatment to the act of exercising other rights indicates it is describing a safeguard tied to those rights.,2
42035,868,"A sentence that explicitly enumerates the specific types of personal data (e.g., Identity Data, Contact Data) being conveyed to an external party identifies the categories of information disclosed.",6
42077,1150,A sentence that explicitly names a consumer privacy right in its heading and then elaborates on what that right allows the consumer to do is classified as a description of that right.,41
42077,4741,"When a sentence employs the exact statutory phrase for a right, such as 'Right to Limit', alongside references to 'Sensitive Personal Information', it directly signals that the text is characterizing that particular right.",4
42081,1294,A sentence that defines or characterizes a data-collection technology while appearing within a section devoted to collection practices is treated as specifying a category of collected information.,2
42081,4021,"Identifying tracking tools as sources of a specific data type helps define the boundaries of collected information categories, even when that information is non-personal.",2
42111,1964,A sentence that names a specific consumer right and then states that the individual may have that right serves to describe the right rather than to impose an obligation.,2
42112,165,"A sentence that explicitly describes how users will be informed of revisions to a policy indicates the policy is subject to change, which supports the 'Updated Privacy Policy' label.",26
42120,7479,"When a policy statement enumerates categories of data about users or visitors, even in aggregate or demographic form, and explains how those categories are provided to third parties, it belongs under the heading of personal information sharing or disclosure.",2
4224,1751,A sentence that explains the procedural steps or prerequisites a user must satisfy to exercise a privacy right is categorized as describing a method for exercising that right.,4
42262,4222,"In privacy notices, a sentence that combines a consumer right phrase with language about data sharing for marketing purposes is typically categorized as a description of that right to know about information disclosure.",2
42262,654,"When a privacy policy lists the elements that must be disclosed upon request, including business purposes and recipient categories, it is characterizing the right to know about personal information that is sold or shared.",4
42298,1574,"A sentence that enumerates specific data categories, their sources, and the purposes for collection is characteristic of a disclosure that describes a consumer's right to know what personal information is used.",2
42298,4847,When a sentence enumerates the specific data categories a consumer may request—such as third parties with whom information was shared or sold—it signals that the text is defining the scope of a right-to-know provision regarding sales or sharing.,3
42300,5499,"When a sentence uses language like 'You have a right to request' and then lists the types of data and disclosures covered, it is characterizing the scope of a right-to-know provision rather than stating a company's actual practice.",2
42300,854,"A sentence that enumerates the specific categories of personal information a company must disclose upon request, including sources, purposes, third parties, and business-purpose disclosures, is describing the consumer's statutory right to know about the collection, sale, and sharing of personal information.",8
42302,1216,"When a sentence ties the prohibition of discrimination to the act of exercising other specified rights, it constitutes a description of the non-discrimination right in that context.",6
42302,1809,A sentence that explicitly states a right to be free from discrimination when exercising other rights is classified as a description of that right.,11
42302,2730,A sentence that references a statute's enumerated rights and then assures protection against discrimination for exercising those rights is a description of the non-discrimination guarantee.,2
4231,644,"A privacy-policy sentence that enumerates the various channels or circumstances through which an organization obtains user data (e.g., direct contact, transactions, usage, public posts) serves as a disclosure of the categories of personal information collected, so it receives that label.",4
42348,1443,A sentence that grants individuals the ability to request corrections to their stored data is categorized as a description of a right to correct information.,9
42348,1895,A sentence that explicitly identifies a data subject's ability to request rectification of their information serves as a description of the right to correct data.,6
42348,4345,Including the scope ('any inaccurate Personal Data we have collected about you') makes the statement a clear description of the right's applicability.,2
42349,259,A sentence that explicitly states a user may request deletion of their personal data is classified as a description of the right to delete.,31
42349,5399,"Specifying the scope of data ('Personal Information that we have collected') clarifies what the right covers, which is essential to describing a right to delete.",4
42405,2292,"A sentence that specifies both the kinds of entities receiving personal data and the advertising, analytics, or research purposes for which the data is used is indicative of a section that lists categories of personal information shared or disclosed.",3
42446,1533,A sentence that enumerates distinct classes of external recipients in a privacy disclosure context signals the categories of parties involved in the sale or sharing of personal information.,3
42446,4404,Mentioning distinct purposes or contexts (such as support services or advertising) for a third party's access to personal data is a hallmark of a disclosure-category statement.,2
42446,8567,"When a text enumerates specific third-party types (such as member stations or marketing vendors) to which each category of data may be transferred, it is best characterized as depicting categories of personal information shared or disclosed, since it maps data to external recipients.",2
42469,3063,"A statement distinguishing identifiable personal data from aggregate statistics helps readers understand which categories of information are actually collected or retained, warranting the same label as the surrounding disclosure.",2
42479,3375,A text that details which pieces of user data are processed—even when framed around a purpose like language display or affiliate marketing—directly enumerates categories of collected personal information.,2
42479,880,"A sentence that explicitly names a specific type of personal data (such as an IP address) that is collected, stored, or used indicates that this data point belongs to the categories of personal information the organization gathers.",2
4251,1150,A sentence that explicitly names a consumer privacy right in its heading and then elaborates on what that right allows the consumer to do is classified as a description of that right.,41
4251,4290,Including a heading or label that matches the exact name of the right indicates that the surrounding text is meant to describe that right.,2
4251,596,Clarifying the legal definition of key terms (such as what constitutes a 'sale' of personal information) under the relevant law is characteristic of a description of a right to opt out.,2
42515,5586,"When a phrase appears as a category heading among other recipient categories in a privacy policy, it signals that the policy is classifying the parties to whom personal data is disclosed.",2
42524,1586,"When a sentence enumerates the particular elements a consumer may request—such as categories of data collected, sources of collection, and business purposes—it is specifying the scope of a right-to-know disclosure, marking it as a description of the right to know collected personal information.",10
42524,1646,"A sentence that enumerates the specific types of information a data subject can request about their personal data—such as categories, purposes, and sources—functions as a description of a right to know.",2
42524,4815,"The presence of the phrase 'You have the right to' signals that the sentence is formally articulating a legal entitlement, which is characteristic of a rights description.",9
42524,948,A sentence is labeled as a description of a right-to-know obligation when it establishes that the disclosure must concern categories of personal information collected about the requesting individual.,2
42528,1111,"A sentence that articulates a consumer's entitlement to request an accounting of how their personal information is collected, used, disclosed, or sold is categorically a description of the right to know regarding data practices such as selling or sharing.",2
42528,428,"The label 'Description of Right to Know PI sold / shared' applies to sentences that articulate the circumstances under which personal information is collected and used, including the legal justifications that permit such sharing.",11
42533,3381,"Language describing how and when the policy will be changed, including notice requirements, is characteristic of an 'updates to the policy' disclosure, which directly reflects the updated-policy label.",3
42533,97,A policy section that explicitly describes the possibility of future amendments and the notification procedures for those amendments is a hallmark of an update-notice clause.,3
42572,300,Any statement that names recipients of personal data and the conditions under which their own privacy policies apply constitutes a disclosure of personal information categories.,9
42572,304,A disclosure statement that explicitly restricts information sharing to what is legally required or allowed belongs in a section describing categories of data shared or disclosed.,3
42580,4961,Mentioning specific informational elements—such as categories of data and the parties to whom it was provided—indicates the sentence is describing the scope of a transparency right rather than stating a policy action.,2
42580,5144,Phrasing that begins with an affirmative entitlement like 'you have the right to know' signals that the sentence is characterizing a legal or policy-based access right for consumers.,2
42582,1881,"A sentence that explicitly frames a provision as a ""right"" and then defines its scope in terms of protected conduct and prohibited responses constitutes a direct description of that right.",2
42583,760,A sentence that explicitly states a revision date for a policy document serves as a marker indicating that the policy has been updated.,16
42662,1173,"A sentence that enumerates the types of data collected (e.g., activity, preferences, inferred attributes) is categorized as disclosing the categories of personal information involved.",12
42732,4949,"The presence of account-based self-service editing of personal information indicates the text is describing the right to correct, as it gives the individual control over accuracy.",2
42732,5708,The use of action verbs such as 'correct' or 'update' in direct relation to personal data signals a focus on the user's correction rights.,7
42732,5945,Statements that describe procedures or tools for users to change or update their own personal data are classified as explanations of the right to correct information.,2
42735,1563,A sentence that enumerates specific channels or procedures for acting on data subject rights is labeled as describing methods to exercise those rights.,2
42890,1823,"A sentence that explicitly defines a key statutory term, such as 'sell,' and distinguishes its meaning from common usage, serves to clarify the scope of a privacy right and thus functions as a description of that right.",2
42892,2052,A sentence that explicitly promises not to treat a user differently in pricing or service terms based on their exercise of a data right is a direct articulation of a non-discrimination guarantee.,2
42892,779,A sentence that explicitly states that the exercise of other enumerated rights is protected from discriminatory treatment is directly describing a right to non-discrimination.,7
42896,181,"Such enumerations in a data-sharing description typically function to define the scope of the disclosed categories, distinguishing routine service providers from other sharing contexts like affiliates or legal requests.",2
42896,5213,"When a privacy policy introduces a named category of personal data, that category usually corresponds to one of the categories the policy states will be shared or disclosed with third parties.",2
42896,630,A privacy disclosure sentence is classified under the category of collected information when it explains how the organization will use data about an individual's interests and choices to customize future interactions.,7
42933,2532,"The presence of technical details about tracking technologies signals the sentence is disclosing the scope of data acquisition, which is a hallmark of the 'collected information' category.",2
42933,567,"Any statement that explicitly informs users about the collection or use of personal data for targeted advertising falls within the scope of categories of personal information shared or disclosed, because it addresses a named type of data flow.",2
42971,981,A sentence that names specific third-party service providers (such as analytics platforms or social media widgets) and explains how they receive or use user data is categorized as a disclosure of the types of personal information shared with those parties.,5
42984,737,A sentence that enumerates specific circumstances or purposes under which personal data is shared with third parties directly supports labeling it as a category of information shared or disclosed.,9
42987,3062,A statement distinguishing business information from personal information serves to delineate the categories of personal information that are subject to sharing and disclosure.,2
42987,501,A sentence that explicitly states that personal information is shared with third parties and specifies the recipient's purpose directly communicates the categories of information being disclosed or shared.,8
42987,939,A sentence is labeled as 'Categories of Personal Information Shared / Disclosed' when it explicitly states that information is shared with a specific type of third party and lists the particular data categories involved.,6
43017,4585,The presence of the phrase 'you have the right to request' signals a declarative articulation of a statutory consumer privilege rather than a procedural or exceptional detail.,13
43035,259,A sentence that explicitly states a user may request deletion of their personal data is classified as a description of the right to delete.,31
43038,1569,"A sentence that enumerates specific contact channels (such as postal address, web form, or phone number) for users to pursue data-related requests is classified under methods to exercise rights.",8
43038,1880,"When a sentence instructs the consumer on how to initiate an action—like calling or visiting a portal—and ties that action to exercising a right, it is labeled 'Methods to exercise rights' since it describes the process rather than merely stating the right itself.",2
43058,1858,A sentence that names a specific category of personal information and then enumerates concrete examples of data that fall within that category is characteristic of a disclosure that catalogs the types of information collected.,3
43058,5743,"When a document enumerates categories of personal information in a structured list, each entry that defines a category with examples belongs to the corresponding category label.",3
43114,184,A definitional sentence that explains the meaning of a right in terms of a prohibition of adverse treatment is a clear description of that right.,2
43114,3270,A statement that links the protection from discriminatory treatment to the act of exercising other rights indicates it is describing a safeguard tied to those rights.,2
43175,638,A privacy notice section that lists data categories paired with their sale or disclosure status constitutes an explicit accounting of personal information sold.,2
43175,881,A sentence is labeled as describing categories of personal information sold when it enumerates specific types of personal data that the entity states it sells or discloses to third parties.,7
43181,1296,A sentence that names a specific type of information a consumer can request under a data privacy right is a description of the scope of that right.,8
43181,1842,"A sentence that explicitly names a specific data element and explains how it is used serves to inform individuals about what personal information is collected, fulfilling the right-to-know disclosure.",3
43185,1290,A sentence that explicitly names a specific data privacy right and explains who holds that right is classified as a description of that right.,22
43185,423,A label of 'Description of Right to Delete' applies when the text explains both that the right exists and the circumstances that qualify or restrict it.,6
43190,1187,A sentence that explicitly names a consumer right using standard legal terminology is classified as a description of that right.,11
43192,118,"When a sentence begins with a heading that names a right and then continues with a declarative statement beginning with 'You have a right...', it is functioning as a direct description of that right.",2
43192,1250,A sentence that links the absence of discriminatory treatment to the act of exercising other consumer privacy rights clarifies that the described right is a non-discrimination guarantee that safeguards consumers when they invoke those other rights.,2
43192,2154,A statement that explicitly affirms that consumers will not face discriminatory treatment for exercising their privacy rights directly conveys the existence and scope of a non-discrimination right.,4
43195,382,"A heading that explicitly names a right using terminology that mirrors the action restricted in the accompanying text (e.g., limiting use or disclosure) constitutes a description of that right.",3
43219,1604,A sentence that enumerates specific types of personal data and pairs each with an explicit statement that it is sold or disclosed for advertising purposes directly evidences the disclosure category concerning which personal information is sold.,2
43219,7037,"When a text contains a structured listing where each data category is annotated with its sale or disclosure status, that formatting indicates the content is classifying personal information according to whether it is sold.",2
43223,173,"A sentence that explicitly names a right, such as 'Right to Request Deletion,' and states that the user may ask for deletion of their personal information directly describes the entitlement itself, warranting the corresponding label.",6
43223,259,A sentence that explicitly states a user may request deletion of their personal data is classified as a description of the right to delete.,31
43225,1150,A sentence that explicitly names a consumer privacy right in its heading and then elaborates on what that right allows the consumer to do is classified as a description of that right.,41
43225,426,A sentence that explicitly states a user can request to limit or restrict the use or disclosure of their personal information is classified as a description of a right to limit use.,9
43227,1196,"A sentence that explains the scope and conditions of a specific consumer privacy right, including permitted actions and the exceptions that limit it, functions as a description of that right.",5
43227,239,A description of a right to limit the use of personal information often specifies the statutory exceptions or permitted purposes that narrow or remove the consumer's ability to exercise that right.,5
43290,878,"A sentence is labeled as describing categories of personal information collected when it explicitly names the types of data gathered (e.g., browsing history, device usage, network details) even if not directly identifying an individual.",5
43308,6944,"When a privacy disclosure uses the specific legal terms 'sell' or 'share' in the context of advertising and ties them to applicable law, the content is naturally categorized as describing the sale or sharing of personal information categories.",4
43308,936,A sentence introducing the recipient of personal information in a privacy disclosure where prior context declares the information was 'sold' in the preceding 12 months is annotated as describing the categories of personal information sold.,2
43309,11,"If a sentence appears in a section whose stated purpose is to identify the personal information categories sold or shared, any category names it contains are understood as the categories being reported for that purpose.",2
43309,2473,"A sentence whose content consists solely of a list of data-category descriptors (identifiers, commercial information, geolocation data, inferences) is inherently about those categories, and the semantic role of the surrounding disclosure—selling data—determines that the list is specifically the categories sold.",2
43312,1506,A sentence that explains what information a business will disclose in response to a consumer rights request is typically categorized as a description of that right.,6
43312,1557,"A sentence that enumerates the specific data elements a consumer may request from a business—such as categories of personal data collected, sources, purposes, and third parties—describes the right to know/access personal information.",6
43312,3833,"When a statement explicitly distinguishes information 'shared for a business purpose' from information 'sold', it typically functions to explain the scope of a right-to-know provision covering those transfers.",2
43312,4419,"Statements that detail the specific categories and pieces of personal information to be provided are characteristic of privacy notices that explain a consumer's right to know about collected, shared, or sold data.",9
43312,489,"An explicit announcement that specific information will be provided, followed by details about categories of personal data and third parties, signals that the sentence sets out the scope of a right-to-know disclosure.",3
43312,6129,Text detailing a right to receive categories of data previously provided to outside entities addresses the consumer's ability to learn about sold or shared personal information.,3
43317,4609,"When a sentence lists permissible internal, legal, and research uses of retained data following a deletion request, it clarifies that the right to delete is qualified rather than absolute, thereby describing the scope of that right.",3
43317,848,A sentence that enumerates specific statutory exceptions or conditions under which a deletion request may be refused is describing the scope and limitations of the right to delete.,17
43320,787,"A sentence that instructs the reader on how to modify or update their personal data serves to describe the procedural mechanism for exercising a right to correct information, rather than merely stating that the right exists.",3
43323,1150,A sentence that explicitly names a consumer privacy right in its heading and then elaborates on what that right allows the consumer to do is classified as a description of that right.,41
43323,1804,A sentence that states a consumer's entitlement to instruct a business to restrict processing of a specific data category directly constitutes a description of the right to limit the use of that personal information.,15
43323,1988,"A sentence that explicitly names a privacy right using the phrase 'the right to...' and states what the right allows (e.g., limiting use or disclosure) is a direct description of that right.",3
43323,238,"A description of a right to limit use of personal information typically details the conditional or alternative handling of a request, making the consumer's control over data usage explicit.",5
43323,4700,"Language stating that an individual 'has a right to limit' certain data processing directly conveys the existence and nature of the right, which is the core of a right-to-limit description.",2
43323,8431,"When a statement specifies the permissible purpose for data use (e.g., performing services or providing goods) as a condition, it is characterizing the scope of a limitation right rather than merely stating a data practice.",2
43324,230,"A description of a right that emphasizes user control over certain data types is conventionally labeled as a description of a right to limit the use of personal information, distinguishing it from rights about access, correction, or deletion.",2
43324,3447,"Clarifying which categories of personal information fall outside a right to limit use helps consumers understand the exact scope of their control, making it a descriptive component of that right.",2
43324,3683,"Including detailed carve-outs or legal purposes for which data may be retained is characteristic of a full description of a data-subject right, as it frames the boundaries and conditions of that right.",2
43345,501,A sentence that explicitly states that personal information is shared with third parties and specifies the recipient's purpose directly communicates the categories of information being disclosed or shared.,8
43361,1439,"In privacy disclosures, the label denoting a category of personal information sold is applied to sentences that name a specific class of consumer attributes, such as demographics, that are recognized as personal data under relevant laws.",3
4337,1708,"A sentence that explains how tracking technologies, like cookies, are used to deliver ads or retarget users indicates that user data is shared with advertising platforms, thereby addressing categories of information disclosed to third parties.",2
4337,294,"When a sentence states a condition under which personal data may be transferred to a third party, it is appropriately labeled as a category of information disclosure.",6
4337,300,Any statement that names recipients of personal data and the conditions under which their own privacy policies apply constitutes a disclosure of personal information categories.,9
43488,5928,"When a statement explicitly enumerates the types of data involved (e.g., contact information, content interest, activity data, and any other information including Personal Data), it is functionally listing categories of personal information subject to sharing or disclosure.",6
43514,1408,A sentence that explicitly grants an individual the right to rectify or correct inaccurate personal data is characteristically a description of the right to correct information.,5
43523,2013,"A sentence that serves as a section heading and begins with the phrase 'Right to ...' followed by a specific legal entitlement is conventionally used to state or name that right, making it a description of the right itself rather than an implementation detail.",6
43551,1895,A sentence that explicitly identifies a data subject's ability to request rectification of their information serves as a description of the right to correct data.,6
43551,7831,"When a sentence enumerates a right without additional context or justification, it functions as a descriptive label for that right.",2
43553,1256,A sentence that explicitly promises not to discriminate against consumers for exercising their privacy rights directly states and thereby describes the right to non-discrimination.,21
43553,8105,"When a sentence links protection from adverse differential treatment directly to the act of exercising other enumerated rights, it serves to clarify the scope of an anti-discrimination guarantee within that legal framework.",2
4358,1207,Describing the statutory definition of 'sale' is integral to explaining an opt-out right because the right is exercised with respect to sales as they are legally defined.,3
43589,1825,A sentence that explicitly excludes a type of information from the definition of personal information clarifies the boundaries of the categories of personal information that are shared or disclosed.,3
4361,1110,"A sentence that articulates a consumer's ability to request deletion of their personal information, while noting exceptions based on legal retention obligations, expresses a data privacy right rather than a mere policy statement.",2
4361,3683,"Including detailed carve-outs or legal purposes for which data may be retained is characteristic of a full description of a data-subject right, as it frames the boundaries and conditions of that right.",2
43612,4411,"In privacy disclosures, stating that certain categories of personal data will not be used for particular purposes (such as advertising) constitutes a transparent description of the data subject's rights regarding the collection and use of that data.",3
43633,1562,"A sentence that enumerates specific types of personal data (e.g., identifiers, network activity, geolocation) in the context of an information-sharing disclosure is classified as stating categories of personal information shared or disclosed.",5
43655,1926,A sentence that instructs users on specific actions to take to exercise their privacy rights is classified as describing methods to exercise rights.,11
43658,551,A sentence that explicitly states that an individual may request correction of inaccurate data directly describes the right to correct information.,27
43659,3145,"A statement that commits the data holder to maintaining accurate records directly supports the data subject's right to request corrections, since a correction right is meaningless without an ongoing duty of data accuracy.",2
43660,3145,"A statement that commits the data holder to maintaining accurate records directly supports the data subject's right to request corrections, since a correction right is meaningless without an ongoing duty of data accuracy.",2
43660,6906,"When a sentence names personal information as the object of an update or correction action, it is characteristic of a description of the right to correction.",2
43664,7942,"When a sentence explicitly names a specific privacy right and then describes how the organization handles or restricts that right, it functions as a description of that right regardless of whether the right is actually granted.",2
43669,2809,A sentence that specifies the lawful conditions under which differential treatment is permitted helps delineate the boundaries of the right to non-discrimination.,2
43669,859,A sentence explaining how a permissible incentive program interacts with the general anti-discrimination rule demonstrates the lawful boundary where differential treatment is allowed without constituting discrimination.,2
43669,989,"Stating that consent can be revoked at any time emphasizes that any differential treatment is contingent on the consumer's ongoing voluntary agreement, which is fundamental to describing how the right against discrimination is preserved.",3
4367,1593,"A sentence that enumerates specific prohibited actions (such as denying goods, charging different prices, or offering different quality) serves to concretely define the scope of a non-discrimination right.",12
4367,2050,"A sentence that explicitly promises no denial of service, no price differences, and no quality differences in response to exercising legal rights is a direct description of a non-discrimination right.",2
4367,4822,The label 'Description of Right to Non-discrimination on exercising rights' applies when the sentence states that discrimination is prohibited specifically as a consequence of invoking other stated rights.,6
4368,1290,A sentence that explicitly names a specific data privacy right and explains who holds that right is classified as a description of that right.,22
43686,257,"A disclosure that discusses the technological methods used to gather user data within a privacy policy is generally categorized as describing the categories of personal information collected, because it informs users what data is being taken and by what means.",3
43694,306,"When a disclosure indicates that personal information will be shared during a major business restructuring or sale of assets, it implies that those categories of information may be sold, because the information itself is part of the transactional consideration.",4
43694,3092,"Statements describing business transfers and associated data disclosures serve as notice that personal information might be parted with for value or as part of a commercial deal, which is the essence of what the sold-information category captures.",3
4370,1894,A sentence that grants individuals the ability to restrict or object to how their personal information is processed articulates a data subject's right to limit use.,13
43703,943,"A sentence is classified as indicating an updated policy when it explicitly states that the document is subject to change, revision, or periodic review.",2
43760,259,A sentence that explicitly states a user may request deletion of their personal data is classified as a description of the right to delete.,31
43764,1843,"A sentence that instructs the reader to take a specific action, such as submitting a request through a provided website or email address, is categorized as describing the methods available for exercising privacy rights.",4
43769,1851,"A sentence that explicitly enumerates actions such as deleting personal information and correcting inaccurate personal information directly describes the substance of a data subject's right to erasure, so it is appropriately labeled as a description of the right to delete.",3
43771,1787,A sentence that explicitly states an entity will not treat someone adversely for taking a protected action is a direct description of a non-discrimination right.,8
43771,2890,A sentence that ties a non-discrimination guarantee to the act of exercising one's lawful rights indicates the protection is contingent upon and reactive to claiming other entitlements.,2
43771,3085,"A statement framed as what an entity will refrain from doing toward a rights-holder, in the context of that holder invoking their entitlements, characteristically describes a non-discrimination right.",2
43771,5982,"When a sentence references a specific consumer privacy statute and describes protection from differential treatment, it functions as a description of a statutory non-discrimination right.",2
43776,3065,A statement that explicitly declares the policy may be revised in the future and specifies how users will be informed of such changes functions as an announcement of potential updates.,4
43805,5014,"Mentioning the data type ('Personal Information') along with the action identifies the scope of the right, which is characteristic of a formal rights description.",2
43812,1354,A sentence that describes how data supplied by an individual through an activity is gathered and incorporated into a profile identifies that data as a category of personal information being collected.,4
43835,1106,A sentence that describes the use of tracking technologies that gather data about a user's online behavior and preferences is classified as detailing the categories of personal information collected.,7
43835,8419,"When a statement associates the processing of cookies with user-level tracking, it functions to inform readers of the types of personal information (e.g., browsing or usage patterns) that an entity collects.",2
43836,1106,A sentence that describes the use of tracking technologies that gather data about a user's online behavior and preferences is classified as detailing the categories of personal information collected.,7
43836,4138,"If the sentence describes data obtained through monitoring or measurement of a user's interaction with a service, then labeling it as a collected personal information category is appropriate.",2
43870,1156,A sentence that explicitly uses the phrase 'right to opt-out' and names a specific category of data processing (such as 'sale') directly describes that consumer privacy entitlement.,7
43870,554,Any sentence that frames the consumer's ability to forbid the transfer or distribution of personal data to third parties inherently characterizes the opt-out-of-sale provision.,2
43877,1804,A sentence that states a consumer's entitlement to instruct a business to restrict processing of a specific data category directly constitutes a description of the right to limit the use of that personal information.,15
43878,1424,"A sentence that uses the explicit construction 'You have the right to...' followed by an action directly articulates a consumer entitlement, making it a description of that right.",7
43878,4694,"Language that prohibits discriminatory treatment — including denial of services, different pricing, or varying quality — directly indicates the 'Right to Non-discrimination on exercising rights'.",2
43881,1822,A sentence that explicitly states that certain categories of personal information were sold within a stated lookback period is classified as disclosing the categories of personal information sold.,3
43881,3811,Disclosures of data collected through cookies and tracking technologies to ad networks or analytics providers are relevant when determining whether a specific category of personal information was sold.,2
43881,5224,"When a privacy policy enumerates categories of personal information and pairs each with a sale declaration, a sentence describing the sale of one such category should be labeled with that category.",2
4389,7151,"When a privacy policy itemizes data points using illustrative qualifiers like 'such as,' the sentence is engaged in taxonomic classification of personal information rather than describing a use, purpose, or legal basis.",2
43891,1894,A sentence that grants individuals the ability to restrict or object to how their personal information is processed articulates a data subject's right to limit use.,13
43891,3954,"The presence of 'Limit Processing' paired with 'Sensitive Personal Information' directly signals a restriction on how personal data is used, which corresponds to the right to limit use.",3
43910,1597,"A sentence that enumerates specific technical identifiers and device metadata (such as IP addresses, browser details, and unique device IDs) being collected is indicative of a passage that defines the categories of personal information gathered.",2
43910,974,"When a sentence indicates that technical identifiers like IP addresses are considered personal information only if linked to a user's unique identifiers, it is specifying the boundaries of the personal information categories.",2
43948,1178,"Sentences that state personal information is used to meet legal duties or enforce terms of use describe situations where information may be shared with authorities or other parties, thus belonging to the disclosure category.",3
44076,2919,"The use of directive phrasing such as 'you have a right to request' frames the statement as informing the data subject of an available action, which is characteristic of a rights-disclosure provision.",3
44076,4961,Mentioning specific informational elements—such as categories of data and the parties to whom it was provided—indicates the sentence is describing the scope of a transparency right rather than stating a policy action.,2
44076,695,"A sentence that frames a consumer's entitlement to request disclosure of enumerated data-handling practices, such as categories collected, sources, purposes, and sharing, constitutes a description of a right-to-know provision.",6
44083,3923,Explicit acknowledgment of unilateral change authority and a directive to re-check the policy are hallmarks of an 'Updated Privacy Policy' section.,2
44090,1614,"A sentence that enumerates specific user activities or events triggering data collection is typically classified as stating the categories of personal information collected, since it defines what data is gathered under what circumstances.",2
44090,3706,"When a disclosure explains how communications are monitored or stored, it signals that the organization is collecting information that falls within a defined personal data category.",3
44092,1600,"A sentence that identifies the specific technical mechanisms or tracking technologies used to gather data, such as cookies, beacons, or scripts, directly describes the manner in which personal information is obtained, thereby placing it under the section enumerating categories of collected personal information.",3
44092,257,"A disclosure that discusses the technological methods used to gather user data within a privacy policy is generally categorized as describing the categories of personal information collected, because it informs users what data is being taken and by what means.",3
44092,3244,"A statement that identifies the channels through which user data is captured (e.g., cookies, beacons) is a disclosure about what types of personal information are obtained, because it specifies the classes of data acquired via those channels.",2
44092,754,"A sentence that introduces a structured breakdown of collection mechanisms, rather than listing individual data points, indicates that it is labeling the overarching categories of personal information collected.",2
44124,1542,"A sentence that identifies a category of third-party recipients within a disclosure section, where the surrounding text establishes that personal information is transferred to such recipients, constitutes a category of personal information shared or disclosed.",8
44124,2122,"A sentence that explicitly states that personal information is disclosed when the user directs or intentionally initiates the disclosure indicates that the text describes a disclosure practice, so it falls under a label for categories of personal information shared or disclosed.",4
44128,3106,"A statement referencing services provided on behalf of third parties points to a recipient of personal information distinct from the company itself, making it an instance of information sharing or disclosure.",2
4416,1843,"A sentence that instructs the reader to take a specific action, such as submitting a request through a provided website or email address, is categorized as describing the methods available for exercising privacy rights.",4
44178,1429,"A sentence that directly addresses whether the company sells personal data—and clarifies the meaning of 'sell' under different definitions—belongs under a heading about the categories of personal information sold, because that heading records the company's sale-related practices.",2
44178,4155,"When a sentence acknowledges that data collection for advertising may constitute a 'sale' under the law but clarifies there is no traditional sale, it is providing necessary context about the categories of personal information that are transferred, hence it fits the category about sold information.",3
44179,1865,"A sentence that explicitly enumerates specific types of personal data (such as names, emails, device identifiers, and cookies) and pairs them with a stated commercial purpose (like targeted advertising) serves to define the categories of information that may be collected and potentially shared with third parties.",2
44179,4155,"When a sentence acknowledges that data collection for advertising may constitute a 'sale' under the law but clarifies there is no traditional sale, it is providing necessary context about the categories of personal information that are transferred, hence it fits the category about sold information.",3
44184,1675,A sentence that explicitly grants a consumer the right to request disclosures from a business about its handling of personal information is correctly labeled as describing a 'Right to Know' provision.,6
44184,4419,"Statements that detail the specific categories and pieces of personal information to be provided are characteristic of privacy notices that explain a consumer's right to know about collected, shared, or sold data.",9
44184,6111,"Such sentences explicitly enumerate the processing activities covered (e.g., collect, use, disclose, sell, share) to fully define the scope of the right.",2
44185,1521,"A sentence that enumerates the categories of third parties receiving personal information for a business purpose directly addresses the consumer's right to know about the sharing of personal information, as it specifies the recipients of data transfers.",15
44185,5309,"References to a defined lookback period (e.g., the preceding 12 months) when describing what data subjects may request signals a statutory right-to-know disclosure akin to privacy regulations like the CCPA.",4
44185,6005,"Stating why the information was collected alongside with whom it was shared clarifies the nature of data transfers, a core element of a right-to-know disclosure for sold or shared personal information.",3
44187,4155,"When a sentence acknowledges that data collection for advertising may constitute a 'sale' under the law but clarifies there is no traditional sale, it is providing necessary context about the categories of personal information that are transferred, hence it fits the category about sold information.",3
44225,234,"A description of a right to delete typically includes both the affirmative request clause and an acknowledgment of limitations, mirroring the structure of the sentence that states the right and then conditions it on exceptions.",2
44225,259,A sentence that explicitly states a user may request deletion of their personal data is classified as a description of the right to delete.,31
44233,1256,A sentence that explicitly promises not to discriminate against consumers for exercising their privacy rights directly states and thereby describes the right to non-discrimination.,21
44233,1549,"A sentence that enumerates specific prohibited acts of differential treatment (denying services, varying prices, or altering quality) characteristically serves as a description of a non-discrimination right.",11
4424,484,"An explanation that distinguishes between targeted and non-targeted advertising clarifies the practical outcome of the opt-out, which is essential guidance for exercising one's privacy rights.",2
44241,659,"A privacy statement that discloses the transfer or sharing of personal information in the context of corporate transactions such as mergers, acquisitions, or asset sales is classified under the category of personal information sold because such deals commonly involve the sale or conveyance of personal data as part of the business assets.",3
44241,7951,"When a sentence explicitly states that personal information may be shared, sold, or transferred during a business transaction, it signals that the data could be made available to third parties for value, thereby indicating the categories of personal information that may be sold.",2
44254,1456,Sentences that direct users to a specific external webpage or tool for making an opt-out or privacy choice are classified as methods to exercise rights.,4
44263,850,"When a sentence enumerates specific types of consumer data (e.g., identifiers, commercial information) while framing them as having been shared with third parties, it evidences a disclosure-of-categories classification.",3
44267,3198,"A statement that explicitly draws a boundary around which data counts as personal information, using phrases like 'may constitute Personal Information,' is a direct categorization of the data types under discussion.",3
44344,1156,A sentence that explicitly uses the phrase 'right to opt-out' and names a specific category of data processing (such as 'sale') directly describes that consumer privacy entitlement.,7
44344,1789,A sentence that explicitly states a consumer's ability to prohibit the sale of their personal information directly expresses the right to opt out of such sale.,11
44344,2006,"A sentence that explicitly names a specific consumer right, such as the right to opt out of sale or sharing, and states that a law grants it, functions as a description of that right.",4
44356,1329,A sentence that explicitly guarantees no unfavorable treatment due to an individual's exercise of a data protection right is properly labeled as a description of the right to non-discrimination.,3
44356,2051,A statement that explicitly commits to not penalizing or treating differently a consumer for asserting privacy rights is a direct articulation of a non-discrimination right.,3
44356,3072,"A statement expressing a negative obligation (e.g., 'will not discriminate') directly articulates the substance of a right rather than merely introducing or summarizing it.",2
44356,4714,"Language that prohibits adverse treatment conditioned on the exercise of legal rights serves to guarantee equal treatment, thereby defining a non-discrimination provision.",2
44356,7856,"When a sentence enumerates specific rights (such as knowing, deleting, or opting out) as the protected activities, it clarifies the scope of the non-discrimination right being described.",2
44356,790,"A sentence that explicitly states a right not to receive discriminatory treatment is a direct enunciation of a non-discrimination right, justifying a label that identifies it as a description of that right.",4
44370,473,"A sentence that specifies an explicit effective date is commonly used to signal that a policy has been updated, as the date marks the start of the new terms.",15
44370,6501,The presence of a concrete calendar date in a policy text signals that a prior version has been superseded and that the document reflects a recent change.,2
44373,1583,A sentence that enumerates specific examples of user-supplied data falls under the category of collected personal information because it directly lists the types of details a user may share.,3
44409,5440,"Sentences describing the collection of information about an individual, even when they mention the source, serve to define the scope of personal data categories the organization gathers.",2
44413,1800,"A sentence that explicitly states the policy may be modified and describes the mechanism for posting revised terms is classified as an update notice, because it directly addresses alterations to the document.",5
44421,1700,A sentence that states continued use of a service after policy changes constitutes acceptance and agreement to be bound by the revised terms is characteristic of an updated privacy policy provision.,2
44470,2701,"If a sentence explains the process by which an individual can invoke a privacy right, it is labeled as a method to exercise that right.",6
44471,2562,Sentences that instruct users on self-directed actions to limit data collection or advertising targeting typically indicate methods for exercising data privacy rights.,2
44517,1443,A sentence that grants individuals the ability to request corrections to their stored data is categorized as a description of a right to correct information.,9
44517,5106,The phrasing 'You may have the right to request' signals that the statement is articulating a user-facing right rather than a business obligation or procedural detail.,6
44517,551,A sentence that explicitly states that an individual may request correction of inaccurate data directly describes the right to correct information.,27
44520,779,A sentence that explicitly states that the exercise of other enumerated rights is protected from discriminatory treatment is directly describing a right to non-discrimination.,7
44521,205,"Descriptions of rights often include both an affirmative statement of the rule and its explicit exceptions or carve-outs, both of which explain the right's full meaning.",2
44580,1922,A sentence that explicitly informs users of a mechanism to disable targeted advertising fulfills the requirement to describe an opt-out right.,2
44580,3194,A statement that explains what the consumer may still experience after opting out serves to inform them of the practical effects of the right.,2
44590,1150,A sentence that explicitly names a consumer privacy right in its heading and then elaborates on what that right allows the consumer to do is classified as a description of that right.,41
44590,1853,"Enumerating the concrete forms of adverse treatment prohibited—such as denial of goods or services, price differences, or reduced quality—indicates a substantive description of the non-discrimination protection.",5
44705,1360,A sentence that explicitly describes the procedure by which future modifications to a policy will be communicated to users is characteristic of a clause announcing and governing policy updates.,4
44722,1869,A sentence that explicitly grants a consumer the right to request information about disclosures of personal information to third parties for marketing purposes falls under the category of describing a right to know about the sale or sharing of personal information.,7
44722,299,"A disclosure provision that identifies third-party recipients such as government officials, courts, or law enforcement and ties the sharing to legal or regulatory obligations is an articulation of a category of personal information shared or disclosed.",2
44722,4585,The presence of the phrase 'you have the right to request' signals a declarative articulation of a statutory consumer privilege rather than a procedural or exceptional detail.,13
44727,4366,"In documents that enumerate several distinct entitlements, heading-like sentences that start with 'Right to ...' are predictably labeled as the respective descriptions of those rights because they introduce the topic without adding conditions, caveats, or procedural rules.",2
44735,1256,A sentence that explicitly promises not to discriminate against consumers for exercising their privacy rights directly states and thereby describes the right to non-discrimination.,21
44735,8383,"When a statement uses prohibitive language such as 'will not' to guarantee equal treatment, it is characterizing a legal protection afforded to rights-holders.",3
44761,2019,A sentence that explicitly names a third-party service as a potential recipient of user information indicates that personal data may be disclosed to that external entity.,2
44787,1253,"A sentence that connects a specific data practice to a statutory definition of 'sale' or 'sharing', such as the CCPA, is directly addressing the conditions under which personal information categories are sold or shared.",2
44787,3811,Disclosures of data collected through cookies and tracking technologies to ad networks or analytics providers are relevant when determining whether a specific category of personal information was sold.,2
44787,953,A sentence is labeled as a sold category when it restates the exact definition of a personal information category that appears in the disclosure's list of categories the business has sold under applicable state privacy laws.,4
44789,1285,A sentence that names specific data categories transferred to external parties can be classified under sold information when the broader document explicitly frames such transfers as a sale.,2
44789,5056,"Mentions of legal frameworks like the CCPA, which regulate sales of personal information, are strong indicators that the text addresses the sale of personal information categories.",2
44799,1460,"A sentence that instructs users on how to control their personal data through technical settings or tools (e.g., rejecting cookies, clearing storage) constitutes a method for exercising data privacy rights.",3
44801,1826,"A sentence that explicitly denies engaging in a particular data practice still falls under the category that names that practice, because it directly addresses the subject matter of that category.",2
44803,116,A statement that explicitly names a data protection right and explains what it permits the individual to do constitutes a description of that right.,5
44803,246,"A right's description typically defines who holds the right, against whom it is exercisable, and what action may be demanded.",3
44806,4815,"The presence of the phrase 'You have the right to' signals that the sentence is formally articulating a legal entitlement, which is characteristic of a rights description.",9
44806,551,A sentence that explicitly states that an individual may request correction of inaccurate data directly describes the right to correct information.,27
44806,7091,"The use of directive language like 'you have the right to request' signals that the text is delineating a legal entitlement, not merely describing a policy or outcome.",2
44806,940,A sentence is classified as a description of a right when it explicitly states the consumer's entitlement to perform an action regarding their data.,2
44833,3157,A statement that describes third parties (such as marketers) using data for their own business purposes—like tailoring ads or improving their own databases—indicates that the personal information is shared or disclosed to those parties rather than used solely by the collecting company.,2
44833,4404,Mentioning distinct purposes or contexts (such as support services or advertising) for a third party's access to personal data is a hallmark of a disclosure-category statement.,2
44854,1109,A sentence that states a right has limitations or exceptions is still a description of that right because it qualifies the scope of the right.,11
44854,3457,Classifying a sentence as a description of a right does not require it to list only affirmative provisions; it also includes contextual constraints that define when the right applies.,2
44871,1577,"A sentence that introduces a list of specific data fields or examples (such as names, addresses, or device IDs) is characteristically classified as enumerating categories of personal information collected.",4
44871,2601,"When a sentence pairs each named category of information with a description of the specific data elements it includes, it is providing a taxonomy of processed personal data, a hallmark of a 'Categories of Personal Information Collected' designation.",4
44920,1542,"A sentence that identifies a category of third-party recipients within a disclosure section, where the surrounding text establishes that personal information is transferred to such recipients, constitutes a category of personal information shared or disclosed.",8
44920,2291,"The pairing of a personal information category with a list of recipient roles (e.g., service providers, acquirers, parties at user direction) indicates that the text describes sharing or disclosure arrangements.",2
44920,6070,"When a document enumerates elements of a privacy notice, a phrase that names the types of recipients and reasons for sharing aligns with a statutory category concerning the right to know about sales or sharing.",2
450,3614,"Describing the absence of sale or disclosure for a defined lookback window (e.g., twelve months) satisfies the disclosure obligation that privacy regulations impose regarding the right to know.",2
450,5959,Statements that present the elements a consumer would need to understand how their personal information is gathered and used correspond to a description of the right to know collected personal information.,3
450,825,A statement that explicitly grants a data subject the right to receive information about any sharing or selling of their personal information to third parties constitutes a description of the right to know about such transfers.,8
45023,548,"Any sentence that describes an event where collected personal information will be handed over to another party, such as in a merger or bankruptcy, is a clear instance of sharing/disclosure because it alerts users to a transfer of their data to entities beyond the original service provider.",2
45023,6401,"The label 'Categories of Personal Information Shared / Disclosed' applies whenever the text describes any context—including legal or regulatory—under which personal information is handed over to third parties, as that constitutes a disclosure action.",3
45023,648,"When a privacy policy states that personal information may be transferred to an acquiror or merger entity, that statement falls under the category of personal information sold, as it indicates a commercial transfer of data to another party.",4
45023,88,"When a privacy policy clause explicitly connects a type of transaction with the potential transfer of personal data, that clause belongs to a section categorizing the circumstances of information disclosure.",2
45027,1958,A sentence that explicitly names a category of external recipients with whom personal information may be shared falls under a heading that catalogs the types of parties to which data is disclosed.,2
45047,1436,A sentence that explicitly affirms the user's ability to make a choice regarding the sale of their personal information is a description of the right to opt out.,24
45047,200,"A description of a consumer's right to opt out of the sale of personal information characteristically states that the consumer can direct the company to stop using or processing their data, since preventing the use of the data is the essential mechanism for preventing its sale.",3
45047,245,"A description of a right to opt out of the sale of personal information often clarifies that exercising the right does not eliminate all related advertising, including interest-based ads, thereby setting expectations about the scope of the opt-out.",5
45047,8143,"When a sentence names an explicit action (e.g., 'opt-out', 'request access') paired with a concrete mechanism (a named page, link, or number) to perform that action, it conveys how the right can be exercised.",2
45117,3659,Descriptions of altered wording or clarified disclosures within a policy inherently signal that the policy itself has been updated.,2
45127,2730,A sentence that references a statute's enumerated rights and then assures protection against discrimination for exercising those rights is a description of the non-discrimination guarantee.,2
45127,741,"For a sentence to be labeled as describing a right to non-discrimination on exercising rights, it must explicitly or implicitly address both the act of exercising a right and the accompanying protection from discriminatory treatment.",5
45135,3946,"Explicitly referencing a dedicated page or designated methods for opting out, such as a 'Do Not Sell My Personal Information' page, signals that the sentence informs consumers of the available avenues to exercise their opt-out right.",2
45202,2148,A sentence that explicitly uses the term 'right to request' followed by an action like 'delete' for personal information is a direct marker of a privacy right description.,7
45202,6093,"When a sentence names the specific data ('personal information') and the action ('delete'), it clearly matches the label's scope of describing a deletion right.",3
45202,83,"A clause that informs data subjects of their ability to initiate deletion of their own data is a descriptive statement of the right to delete, not a definition or exception.",2
45243,406,"A label concerning the categories of personal information collected applies to any sentence that identifies the kinds of personal data an organization handles, even when the sentence primarily describes an activity like inviting someone to research.",9
45243,4268,"Privacy policy text that expands a general declaration of information collection into a detailed set of uses effectively clarifies the specific data elements involved, making it appropriate to annotate as 'Categories of Personal Information Collected'.",3
45243,880,"A sentence that explicitly names a specific type of personal data (such as an IP address) that is collected, stored, or used indicates that this data point belongs to the categories of personal information the organization gathers.",2
45252,1548,A sentence that enumerates personal data types in a structured list (using lettered or bulleted items) and directly follows language about what information was sold under a privacy statute is functioning as the disclosure of the categories sold.,2
45252,1562,"A sentence that enumerates specific types of personal data (e.g., identifiers, network activity, geolocation) in the context of an information-sharing disclosure is classified as stating categories of personal information shared or disclosed.",5
45262,31,A clause stating that continued use after posting of changes constitutes acceptance indicates the policy has been updated and binds the user to new terms.,3
45269,737,A sentence that enumerates specific circumstances or purposes under which personal data is shared with third parties directly supports labeling it as a category of information shared or disclosed.,9
45269,7585,"When a privacy policy section is dedicated to consumer opt-out rights, sentences that mention the sale of personal information are typically mapped to the corresponding category of sold data.",3
45282,651,"A privacy policy sentence that names specific types of sensitive or identifying data in the context of a data-collection mechanism is defining the categories of personal information, whether to affirm their collection or explicitly exclude them.",2
45320,3143,A statement that conditions the personal nature of data on its linkage with other provided information contributes to the enumeration of personal information categories by describing when that data is included.,2
45320,794,"A sentence describing a type of personal data with specific instances is labeled as a category of personal information, independent of whether that data is actually collected.",2
45358,473,"A sentence that specifies an explicit effective date is commonly used to signal that a policy has been updated, as the date marks the start of the new terms.",15
45438,4825,"Linking the protection to the exercise of another right (e.g., privacy) clarifies the scope of the described right.",2
45438,6473,The presence of the phrase 'right to not be discriminated against' directly signals that the sentence's central content is the articulation of a non-discrimination right.,3
45438,779,A sentence that explicitly states that the exercise of other enumerated rights is protected from discriminatory treatment is directly describing a right to non-discrimination.,7
45515,1733,A sentence that explains the function of a user-controlled tool or mechanism for stopping data collection is categorized as a method for exercising privacy rights.,2
45578,6391,"The label applies when the sentence's function is to enumerate who gets the data, rather than to describe a purpose, legal basis, or internal handling procedure.",2
45578,939,A sentence is labeled as 'Categories of Personal Information Shared / Disclosed' when it explicitly states that information is shared with a specific type of third party and lists the particular data categories involved.,6
45852,325,Disclosures covering both the purpose of a data transaction and the third-party categories involved are standard elements in explaining the scope of a consumer's right to know about sold or shared personal information.,8
45854,1522,"A sentence that enumerates the types of third-party recipients (e.g., marketing, advertising, payment providers) with whom information is shared, when appearing in a disclosure about sales, serves to specify the categories of personal information that may be sold.",6
45857,328,"A privacy notice that enumerates the categories of third-party recipients of personal information often functions as the required disclosure of categories of personal information sold or shared, because regulations treat transfer to those commercial parties as a sale or sharing.",5
45865,1158,A sentence that groups recipient classes together in a disclosure section is treated as a category heading for the personal information involved in that disclosure.,3
45865,1533,A sentence that enumerates distinct classes of external recipients in a privacy disclosure context signals the categories of parties involved in the sale or sharing of personal information.,3
45868,1560,"A sentence that enumerates specific categories of third-party recipients, particularly advertising partners and joint marketing partners, indicates that the disclosed personal information may be considered sold or shared under state privacy laws, since such disclosures often involve commercial data transactions.",7
45868,303,A sentence that explicitly addresses disclosures made for a business purpose and requires identifying the categories of personal information obtained by each category of recipient is describing the consumer's right to know about non-sale disclosures.,5
45869,982,A sentence that explicitly enumerates specific categories of personal information in the context of a sale or disclosure is classified under the label for the categories of personal information sold.,8
45965,821,"A sentence describing the transfer of personal information to a successor entity during a merger, acquisition, or sale of assets is classified under categories of personal information sold because such corporate transactions are treated as a commercial transfer or disclosure of personal data.",11
45999,1560,"A sentence that enumerates specific categories of third-party recipients, particularly advertising partners and joint marketing partners, indicates that the disclosed personal information may be considered sold or shared under state privacy laws, since such disclosures often involve commercial data transactions.",7
46003,2686,"A sentence that provides a specific effective date for a policy document typically indicates that the document is a newly updated version, especially when it is positioned at the outset of a text describing modifications.",6
46003,6565,The presence of a heading or phrase indicating modifications to the policy signals that the content pertains to policy updates.,6
46003,760,A sentence that explicitly states a revision date for a policy document serves as a marker indicating that the policy has been updated.,16
46028,1809,A sentence that explicitly states a right to be free from discrimination when exercising other rights is classified as a description of that right.,11
46028,7152,The use of the phrase 'right not to receive discriminatory treatment' directly signals a non-discrimination right.,3
46043,1290,A sentence that explicitly names a specific data privacy right and explains who holds that right is classified as a description of that right.,22
46043,7091,"The use of directive language like 'you have the right to request' signals that the text is delineating a legal entitlement, not merely describing a policy or outcome.",2
46058,1606,"A sentence that explicitly enumerates the types of personal data gathered in an open-ended list is classified under the category of personal information collected, as it directly names the data types involved.",3
46065,4585,The presence of the phrase 'you have the right to request' signals a declarative articulation of a statutory consumer privilege rather than a procedural or exceptional detail.,13
46065,871,"A sentence that explicitly names a right (e.g., 'Right to Delete') and states that the user may request a specific action (deletion) is a direct description of that right.",5
46066,4347,"Including the scope of the data covered, such as information collected or maintained, clarifies the boundaries of the entitlement and reinforces the classification as a rights description.",2
46072,1879,"A sentence that explicitly states a user's entitlement or right, using phrases like 'you have the right to request...', is typically classified as a description of that right.",12
46072,4153,"If the sentence uses the exact terminology expected for the right (e.g., 'Correct Your Inaccurate Personal Information'), it unambiguously indicates that the labeled right is the subject matter.",2
46095,259,A sentence that explicitly states a user may request deletion of their personal data is classified as a description of the right to delete.,31
46096,2516,A sentence that names a specific privacy right and then immediately provides a mechanism or instruction for exercising that right serves to describe the right's availability and procedural scope.,2
46098,1560,"A sentence that enumerates specific categories of third-party recipients, particularly advertising partners and joint marketing partners, indicates that the disclosed personal information may be considered sold or shared under state privacy laws, since such disclosures often involve commercial data transactions.",7
46098,236,A sentence that articulates a statutory or regulatory right for individuals to obtain details about the disclosure of their personal information to third parties constitutes a description of a right to know about such sharing or selling.,21
46143,165,"A sentence that explicitly describes how users will be informed of revisions to a policy indicates the policy is subject to change, which supports the 'Updated Privacy Policy' label.",26
46143,365,"The presence of a heading or phrase such as 'CHANGES TO THE PRIVACY POLICY' directly indicates that the content addresses modifications, aligning with the label.",7
46143,730,"Language describing repeated future updates and their corresponding public announcements reflects a policy that is designed to be continuously revised, which is characteristic of an updated privacy policy clause.",3
46183,4899,Mentioning both 'inaccuracies' and 'Personal Information' directly aligns with the scope of correction rights commonly established in privacy and data protection frameworks.,2
46183,5139,The presence of the phrase 'right to request' signals that the text is articulating a legal or policy-based user entitlement rather than a procedural step.,6
46183,962,A sentence that explicitly states an individual's entitlement to have inaccurate personal data amended or rectified is categorized as a description of the right to correct information.,15
46186,1230,"When the sentence links the non-discrimination guarantee to the exercise of other specified rights, it signals a right-to-non-discrimination statement.",5
46186,1809,A sentence that explicitly states a right to be free from discrimination when exercising other rights is classified as a description of that right.,11
46207,3150,A statement that explicitly denies the collection of a specific type of personal data serves to delineate the boundaries of the categories of information collected.,2
46279,1557,"A sentence that enumerates the specific data elements a consumer may request from a business—such as categories of personal data collected, sources, purposes, and third parties—describes the right to know/access personal information.",6
46279,3268,Statements that spell out the scope of information a consumer may request to learn about—such as categories collected and their sources—constitute the content of a right-to-know disclosure.,3
46279,5567,"Sentences that detail the types of information a consumer may request under a privacy law (e.g., collected categories, sources, purposes) are best labeled as a description of the right to access or know that collected information.",2
46279,958,"When a sentence frames the disclosure as a consumer's entitlement to request information about collected personal data, it directly corresponds to a 'right to know' privacy right.",10
46345,4395,"In privacy and data-protection contexts, statements framed as noun phrases or list items that enumerate permissible actions regarding personal data commonly serve as concise descriptions of specific data subject rights.",2
46345,6948,"The presence of the term 'inaccurate' directly ties the statement to data rectification, which is the core of a right to correct information.",2
46345,7756,"When the content of a sentence directly corresponds to a legally recognized data subject entitlement, such as the right to have inaccurate information fixed, the label describing that right is inferred from the semantic match of its wording.",2
46359,1150,A sentence that explicitly names a consumer privacy right in its heading and then elaborates on what that right allows the consumer to do is classified as a description of that right.,41
46366,2117,A sentence that explicitly states that continued use of a service constitutes acceptance of a revised policy directly conveys that the policy has been updated and is being actively enforced.,2
46366,4647,Language indicating that changes become effective upon posting or after subsequent user action signals the transition from an old policy to a newly revised version.,2
46385,2093,Mentioning the ability to request access to or a copy of personal information directly characterizes the right to know what data is collected.,4
46397,3918,"When a privacy notice describes user rights, clarifying that preferences are tied to specific browsers or devices is essential for instructing users on the practical scope of those methods.",2
46413,259,A sentence that explicitly states a user may request deletion of their personal data is classified as a description of the right to delete.,31
46413,5399,"Specifying the scope of data ('Personal Information that we have collected') clarifies what the right covers, which is essential to describing a right to delete.",4
46426,2255,A sentence that grants residents an annual right to request details about past disclosures of their personal information to third parties for specific purposes is typically labeled as a description of the right to know about sold or shared personal information.,2
46426,8415,"When a statement describes the consumer's entitlement to learn about disclosures made to third parties, even if framed for direct marketing, it falls under the broader right-to-know category regarding the sale or sharing of personal information.",3
46428,1616,"A sentence that explicitly asserts the collection of user information and then enumerates the specific operational purposes behind that collection functions as a disclosure of the organization's data-handling practices, which is the defining scope of a label describing categories of personal information collected.",2
46428,290,"A disclosure addressing the authority or business arrangement behind processing personal information helps users understand the purposes and legal foundations of collection, which is integral to describing a right to know collected personal information.",5
46437,2020,"A sentence that explicitly names a user right (e.g., 'right to request deletion') and specifies the data subject (personal information) directly functions as a description of that right.",2
46437,5482,"Sentences structured as a list of user entitlements, introduced by a phrase like 'The right to...', signal a description of a specific privacy right rather than a policy obligation or data practice.",4
46439,1187,A sentence that explicitly names a consumer right using standard legal terminology is classified as a description of that right.,11
46439,6930,The use of the explicit phrase 'right to know' along with an articulation of what data is collected signals that the sentence's purpose is to describe the consumer access right under privacy legislation.,3
4646,1602,A sentence that enumerates specific types of data collected from individuals functions as a designation of information categories when it appears within a broader list of such designations.,2
4646,2427,"In a privacy disclosure, a sentence that delineates a subcategory of collected data—such as a physiological or behavioral attribute—serves to enumerate the scope of information covered, thereby fitting the 'categories of personal information' label.",3
4646,383,A heading that explicitly names a type such as 'Personal and Sensitive Information' signals that the accompanying list defines a category of data collected.,2
46470,6375,"The label applies to sentences that state the absence of selling personal information, as that is a substantive statement about the categories sold.",2
46475,1911,A sentence that explicitly identifies the categories of external recipients of personal information directly addresses the transparency requirement that underlies the consumer's right to know about sales or disclosures.,2
46475,237,"A description of a right to know typically specifies the scope of data that must be revealed, distinguishing it from a general statement of the right's existence.",3
46475,7867,When a statement explicitly enumerates the layers of detail a data subject may demand—general categories and particular data points—it is describing the scope of the right to be informed about personal information collection.,2
46476,1420,A sentence that details the specific categories of personal information a consumer may request regarding sales constitutes a description of the right to know.,7
46476,1867,"When a sentence enumerates the categories of personal information and the sources from which it was collected as items that must be disclosed, it directly mirrors the legally defined content of a 'Right to Know' privacy disclosure.",2
46476,6408,"The label for a right-to-know description applies to any sentence that explicitly invokes a resident's privacy-rights framework and thereby promises to explain which personal information categories, sources, and purposes are subject to disclosure, as such text frames the knowledge entitlement the subsequent paragraphs detail.",2
46591,1501,"A sentence that enumerates specific recipients or triggering conditions for information disclosure, such as legal obligations or security enforcement, is classified as specifying the categories of personal information shared or disclosed.",5
46591,2134,A sentence that identifies a legal or regulatory obligation as a reason for transferring personal information to outside parties is classified under disclosures because it describes a condition under which data sharing occurs.,2
46591,6401,"The label 'Categories of Personal Information Shared / Disclosed' applies whenever the text describes any context—including legal or regulatory—under which personal information is handed over to third parties, as that constitutes a disclosure action.",3
46623,1150,A sentence that explicitly names a consumer privacy right in its heading and then elaborates on what that right allows the consumer to do is classified as a description of that right.,41
46623,1290,A sentence that explicitly names a specific data privacy right and explains who holds that right is classified as a description of that right.,22
46623,8000,"When a sentence functions as a heading or section title that simply states the name of a right, it is classified according to the right it names.",2
46624,1187,A sentence that explicitly names a consumer right using standard legal terminology is classified as a description of that right.,11
46625,1816,A sentence that explicitly commits an entity to refrain from differential treatment or retaliation against individuals for asserting their legal rights directly articulates the non-discrimination guarantee.,2
46625,6471,"The phrase 'for exercising any of the rights described in this section' ties the non-discrimination promise to specific rights, indicating that the sentence is a description of that right's scope rather than a general policy statement.",2
46626,1432,"A sentence that enumerates specific contact channels (e.g., a website URL and a telephone number) for exercising privacy rights is classified as a method for exercising those rights.",7
46626,5729,"When a sentence presents an alternative option to previously stated request mechanisms, it contributes to the set of methods for exercising rights.",2
46630,869,A sentence that explicitly names a right to opt out of the sale of personal information is a direct description of that right.,16
46636,732,"A sentence announcing an update date functions as a notice of policy modification, aligning with document sections that describe how and when the policy is revised.",3
46636,760,A sentence that explicitly states a revision date for a policy document serves as a marker indicating that the policy has been updated.,16
46722,1439,"In privacy disclosures, the label denoting a category of personal information sold is applied to sentences that name a specific class of consumer attributes, such as demographics, that are recognized as personal data under relevant laws.",3
46722,3792,"Directly naming the applicable legal framework (e.g., referencing that the disclosure may qualify as a 'sale' under CCPA) indicates the sentence is characterizing the data transfers as a sale, which is the core meaning of a 'Categories of Personal Information Sold' label.",2
46722,982,A sentence that explicitly enumerates specific categories of personal information in the context of a sale or disclosure is classified under the label for the categories of personal information sold.,8
46724,982,A sentence that explicitly enumerates specific categories of personal information in the context of a sale or disclosure is classified under the label for the categories of personal information sold.,8
46765,2149,A sentence that explicitly uses verbs like 'seek correction' or 'amendment' to describe an action on personal data directly articulates the substance of the right to rectification.,2
46773,1560,"A sentence that enumerates specific categories of third-party recipients, particularly advertising partners and joint marketing partners, indicates that the disclosed personal information may be considered sold or shared under state privacy laws, since such disclosures often involve commercial data transactions.",7
46776,1512,A sentence that enumerates the specific disclosures a consumer may request—such as business purposes for collection or sale and categories of third parties receiving data—functions as a description of the right to know about those sales or shares.,4
46776,325,Disclosures covering both the purpose of a data transaction and the third-party categories involved are standard elements in explaining the scope of a consumer's right to know about sold or shared personal information.,8
46776,3263,"When a privacy notice pairs each category of collected data with a list of external recipients (e.g., customers and infrastructure vendors) who receive it for business purposes, the text serves to inform consumers about potential transfers that constitute a sale under applicable privacy laws.",3
46779,1771,"Describing the absence of a triggering condition for a privacy right constitutes a description of the right itself, as it clarifies when the right does not apply.",2
46779,752,"A sentence clarifying that a stated consumer privacy right is subject to statutory exemptions contributes to describing that right, because delineating what the right does not cover defines its scope.",5
46860,1444,"A sentence that directly states a data subject's entitlement to request erasure of their personal information, while acknowledging legal qualifications, is characteristically labeled as describing the right to deletion.",4
46860,2148,A sentence that explicitly uses the term 'right to request' followed by an action like 'delete' for personal information is a direct marker of a privacy right description.,7
46860,261,"A description of the right to delete typically includes reference to personal information previously gathered and frames the individual's ability to compel its removal, as opposed to merely acknowledging a process.",4
46865,4390,"In policy documents, a date stamp that follows or is embedded near statements about regular review and changes typically signals an update notification.",2
46865,6655,The presence of a specific calendar date after a section discussing when changes take effect indicates that the policy has been formally updated to reflect that date.,2
46865,760,A sentence that explicitly states a revision date for a policy document serves as a marker indicating that the policy has been updated.,16
46909,1248,"When a sentence discusses user-controlled settings or preferences that limit data sharing or tracking, it functions as an explanation of how an individual can exercise an opt-out right.",2
46909,1711,"A sentence that explains how users can limit the use of an advertising ID through device settings describes a technical opt-out mechanism, which falls under the disclosure of a right to prevent the sale of personal information.",2
46909,1712,"A sentence that tells users how to prevent their personal information from being sold indicates a privacy right of opt-out, which is typically labeled as a description of that right.",3
46909,887,A sentence that instructs a user on how to stop the transfer of their personal information to third‑party vendors for targeted advertising purposes is a description of the right to opt out of the sale or sharing of personal information.,5
46920,1858,A sentence that names a specific category of personal information and then enumerates concrete examples of data that fall within that category is characteristic of a disclosure that catalogs the types of information collected.,3
46920,881,A sentence is labeled as describing categories of personal information sold when it enumerates specific types of personal data that the entity states it sells or discloses to third parties.,7
47001,131,"A concise, noun-phrase style sentence that states the existence of a particular legal or policy entitlement is generally labeled as a description of that entitlement.",2
47001,1442,"A sentence that directly names the specific consumer action (e.g., opt-out) and the data-processing activity it targets (e.g., sale of personal information) should be labeled as a description of that right.",2
47009,1360,A sentence that explicitly describes the procedure by which future modifications to a policy will be communicated to users is characteristic of a clause announcing and governing policy updates.,4
47009,3093,"A statement indicating how future modifications to a policy will be communicated to users is characteristic of an updated privacy policy, as it addresses the revision process.",5
47043,4193,"In a disclosure of data-sharing practices, naming the exact types of personal data within a category is a way to inform readers precisely which of their details may be involved.",3
47044,3770,"Technical identifiers such as IP addresses, device IDs, and browser/OS details are treated as categories of personal information that may be sold or shared for advertising and analytics purposes.",2
47048,4043,"If a sentence appears as an item within a structured list of data categories in a privacy disclosure, it should inherit the label that the list as a whole represents, such as 'Categories of Personal Information Sold'.",2
47048,433,"The label 'Categories of Personal Information Sold' applies to sentences that enumerate distinct types of personal data a business may handle, regardless of whether the sentence explicitly mentions selling, because the label classifies the data type itself.",12
47051,4030,"If a document presents a list of categories of personal information that are sold, any sentence detailing a particular type of collected data within that list should carry the label of the corresponding sold category.",2
47075,259,A sentence that explicitly states a user may request deletion of their personal data is classified as a description of the right to delete.,31
47075,4425,"When a sentence enumerates a specific data-right action in a privacy policy, it is categorized according to the underlying right being granted to the user.",3
47083,1620,A sentence that enumerates the categories of recipients and the purposes tied to the sale or sharing of personal information directly supports a disclosure obligation about those transfers.,2
47083,7526,"When a privacy notice differentiates among types of data collection, it provides the specific actionable information consumers need to exercise their right to know about information practices.",2
47085,236,A sentence that articulates a statutory or regulatory right for individuals to obtain details about the disclosure of their personal information to third parties constitutes a description of a right to know about such sharing or selling.,21
47087,140,"The presence of a concrete calendar date as the effective date, found in a context of prospective changes and prior notice, is a strong indicator that the sentence belongs to an updated policy declaration.",2
47087,1794,"A sentence that explicitly provides a revision date signals that the document has been formally updated, as the date marks the version's effective release point.",5
47087,410,"A label denoting an updated policy applies to sentences that communicate only when a modification occurred, because such sentences add no descriptive substance but serve purely to anchor a revision in time.",3
47087,4389,"When a sentence contains the word 'Updated' followed by a specific date, it typically functions as a metadata header that identifies the most recent modification of the policy, warranting the label 'Updated Privacy Policy'.",6
47128,1221,A sentence that clarifies the scope or limitations of a right after exercising an opt-out is characteristic of a description of that opt-out right.,3
47128,1953,"A sentence that names a specific commercial data practice (such as affiliate marketing) and explicitly uses the phrase 'opting out' is properly labeled as a description of the right to opt-out of the sale of personal information, because such practices commonly involve transferring consumer data to third parties for value.",2
47130,305,"A disclosure statement that identifies both the category of recipient (e.g., service providers) and the specific purpose of the disclosure directly matches a label describing categories of shared or disclosed personal information.",6
47130,4668,"Language that points to a section explaining when the organization may share or disclose personal information indicates that the sentence is concerned with the categories of information that are released to third parties, thereby matching the label of categories of personal information shared or disclosed.",3
47130,7502,"When a privacy disclosure itemizes recipient types without detailing specific data fields, it functions to identify the broad classes of parties receiving personal information, which aligns with a category describing shared or disclosed data.",2
47133,3779,"Directing the reader to specific opt-out pages indicates that the sentence is providing a concrete method for exercising a right, which characterizes it as a description of an opt-out right.",2
47133,7044,"When a section begins with a phrase matching 'opting out of [a particular data use]', that sentence serves as a description of the opt-out right because it clearly informs consumers that a separate mechanism exists to halt the sale of their personal information within that use.",2
47145,1586,"When a sentence enumerates the particular elements a consumer may request—such as categories of data collected, sources of collection, and business purposes—it is specifying the scope of a right-to-know disclosure, marking it as a description of the right to know collected personal information.",10
47145,236,A sentence that articulates a statutory or regulatory right for individuals to obtain details about the disclosure of their personal information to third parties constitutes a description of a right to know about such sharing or selling.,21
47146,1326,"A sentence that enumerates specific user-initiated actions for accessing, correcting, or deleting personal data is categorized as describing methods to exercise rights.",4
47146,2701,"If a sentence explains the process by which an individual can invoke a privacy right, it is labeled as a method to exercise that right.",6
47146,3780,Directing users to a specific contact channel or procedure for making a request indicates that the sentence describes the method for exercising their privacy rights.,2
47146,5658,"Sentences that instruct users on how to reach an organization regarding their data rights, by providing specific communication avenues, fall under methods to exercise rights.",2
47153,173,"A sentence that explicitly names a right, such as 'Right to Request Deletion,' and states that the user may ask for deletion of their personal information directly describes the entitlement itself, warranting the corresponding label.",6
47153,1805,A sentence that explicitly articulates a consumer's entitlement to request data removal directly corresponds to a label denoting a description of that deletion right.,3
47153,2148,A sentence that explicitly uses the term 'right to request' followed by an action like 'delete' for personal information is a direct marker of a privacy right description.,7
47153,259,A sentence that explicitly states a user may request deletion of their personal data is classified as a description of the right to delete.,31
47153,5139,The presence of the phrase 'right to request' signals that the text is articulating a legal or policy-based user entitlement rather than a procedural step.,6
47157,1169,"Mention of specific categories like 'Sensitive Personal Information' in connection with limiting further processing ties the sentence to the corresponding privacy right, signaling that it describes the right to restrict use of that data.",8
47157,1894,A sentence that grants individuals the ability to restrict or object to how their personal information is processed articulates a data subject's right to limit use.,13
47218,1290,A sentence that explicitly names a specific data privacy right and explains who holds that right is classified as a description of that right.,22
47218,424,"A label for a privacy right description is assigned when the sentence both names the right (e.g., via a heading or term) and then elaborates its operational scope in the same textual unit.",3
47218,4674,The presence of the operative verb 'correct' combined with an object referring to 'personal information' directly maps to the semantic core of the right-to-correct privacy right.,3
47218,949,"A sentence that functions as a section heading and names a specific consumer right is best labeled as a description of that right, since it identifies the right rather than explaining its conditions or exceptions.",4
47218,962,A sentence that explicitly states an individual's entitlement to have inaccurate personal data amended or rectified is categorized as a description of the right to correct information.,15
47219,1187,A sentence that explicitly names a consumer right using standard legal terminology is classified as a description of that right.,11
47219,8355,"When a sentence uses a directive phrase like 'the right to opt out' and references the data or transaction it applies to, it functions as a declarative statement of the right itself.",2
47222,1140,A sentence that explicitly names a legal right and defines its scope or conditions serves as a direct description of that right.,4
47222,1806,A sentence that explicitly articulates a consumer's legal entitlement or option to request a specific action (such as deletion) over their personal information is characteristic of a description of that right.,2
47222,5139,The presence of the phrase 'right to request' signals that the text is articulating a legal or policy-based user entitlement rather than a procedural step.,6
47225,1289,A sentence that mentions a protected action (like exercising privacy rights) in connection with a promise of equal treatment is recognized as a description of the right to non-discrimination.,4
47225,4065,"If a sentence explicitly names a right and then restates it in more precise terms referencing statutory protections, it is presenting the right's definition and therefore carries a descriptive label.",2
47227,2701,"If a sentence explains the process by which an individual can invoke a privacy right, it is labeled as a method to exercise that right.",6
47253,2122,"A sentence that explicitly states that personal information is disclosed when the user directs or intentionally initiates the disclosure indicates that the text describes a disclosure practice, so it falls under a label for categories of personal information shared or disclosed.",4
47253,4087,"When a sentence lists specific personal data elements such as name, username, profile, demographic data, content, files, and geolocation, it maps directly to a category-based disclosure description.",2
47253,4110,"When a sentence explains the conditions under which a company discloses personal information to third parties, it is providing information about the disclosures themselves, which warrants classification under a heading about shared or disclosed personal information categories.",2
47254,2125,"A sentence that explicitly states that personal information will be disclosed to a named external party, while indicating the context of the user's action, supports classification under a category describing categories of personal information shared or disclosed.",2
47254,5583,Sentences that enumerate or exemplify instances where personal information is released to an external entity as part of a user-driven interaction fall under the disclosure-categories label because they make concrete the categories and recipients of shared data.,2
4730,1832,A sentence that explicitly states that personal information is shared with external parties for a business purpose indicates a disclosure of categories of personal information.,4
4730,3057,"Statements about third-party analytics providers receiving data about users denote an actual transfer of personal information to an outside party, which is the essence of a disclosure.",5
4730,320,"A statement that indicates the company transfers personal information to other organizations for the delivery of services and administrative support constitutes a sharing disclosure, which is the subject of a consumer right to know.",3
47301,4674,The presence of the operative verb 'correct' combined with an object referring to 'personal information' directly maps to the semantic core of the right-to-correct privacy right.,3
47301,946,"A sentence is labeled as a description of a correction right when it explicitly names the right and then explains its purpose, namely fixing inaccurate personal data.",2
47315,1959,"The listing of specific data elements (categories collected, source categories, and purposes) serves to define the operational scope of the disclosure right being described.",2
47315,406,"A label concerning the categories of personal information collected applies to any sentence that identifies the kinds of personal data an organization handles, even when the sentence primarily describes an activity like inviting someone to research.",9
47336,878,"A sentence is labeled as describing categories of personal information collected when it explicitly names the types of data gathered (e.g., browsing history, device usage, network details) even if not directly identifying an individual.",5
47370,1511,A sentence that identifies a third-party recipient and then enumerates the types of user data that may be provided to that recipient is describing categories of personal information that are shared or disclosed.,11
47370,7703,"When a sentence lists distinct groups such as affiliates, vendors, service providers, and other entities that receive personal data, it directly indicates the categories of disclosures being made.",3
47378,259,A sentence that explicitly states a user may request deletion of their personal data is classified as a description of the right to delete.,31
47378,3654,Describing when a data subject may require removal of personal data—such as when it is unnecessary or consent is withdrawn—is an explanation of the right to delete.,2
47378,6381,The label applies whenever the sentence's primary function is to inform the data subject of a remedy or action they can take regarding inaccuracies in stored data.,2
47378,6720,"The presence of conditional language such as 'under certain circumstances' signals a qualified right, which is characteristic of consumer privacy rights descriptions rather than absolute or operational statements.",2
47379,1441,A sentence that directly names a protected consumer action and states a guarantee against adverse treatment is typically classified as describing that specific non-discrimination right.,3
47406,2758,Listing both sales to third parties and disclosures for business purposes indicates that the text is specifying the scope of information covered under a right-to-know request regarding transfers of personal information.,3
47406,854,"A sentence that enumerates the specific categories of personal information a company must disclose upon request, including sources, purposes, third parties, and business-purpose disclosures, is describing the consumer's statutory right to know about the collection, sale, and sharing of personal information.",8
47407,6093,"When a sentence names the specific data ('personal information') and the action ('delete'), it clearly matches the label's scope of describing a deletion right.",3
47449,1583,A sentence that enumerates specific examples of user-supplied data falls under the category of collected personal information because it directly lists the types of details a user may share.,3
47449,3094,A statement indicating that a user 'may also provide' a particular detail signals that the detail qualifies as a collected category of personal information.,2
47500,4674,The presence of the operative verb 'correct' combined with an object referring to 'personal information' directly maps to the semantic core of the right-to-correct privacy right.,3
47500,962,A sentence that explicitly states an individual's entitlement to have inaccurate personal data amended or rectified is categorized as a description of the right to correct information.,15
47502,5347,"When a privacy statement ties its usage limitations to a specific statutory framework like CCPA, it is effectively disclosing how that law's consumer rights—including the right to limit—are implemented in practice.",2
47502,6935,The use of the term 'right to' in conjunction with a data-processing action signals that the sentence is describing a limitation or restriction a consumer can impose on the controller.,2
47526,1574,"A sentence that enumerates specific data categories, their sources, and the purposes for collection is characteristic of a disclosure that describes a consumer's right to know what personal information is used.",2
47571,648,"When a privacy policy states that personal information may be transferred to an acquiror or merger entity, that statement falls under the category of personal information sold, as it indicates a commercial transfer of data to another party.",4
47571,875,A sentence that explicitly identifies the type or nature of personal information being transferred (such as 'marketing information') serves as a disclosure of the category of personal information that is sold.,5
47640,6422,"Use of standard statutory category labels (e.g., Identifiers, Commercial Information, Geolocation) alongside a reference to the legal definition of 'sale' signals that the sentence is listing sold personal information categories.",2
47640,836,A sentence that explicitly lists categories of personal information in direct connection with the term 'sale' and a privacy-law framework signals a disclosure of what is sold.,3
47640,953,A sentence is labeled as a sold category when it restates the exact definition of a personal information category that appears in the disclosure's list of categories the business has sold under applicable state privacy laws.,4
47646,1241,"A sentence that conditions the deletion on confirmation of a verifiable request and acknowledges exceptions addresses the procedural requirements and limitations that define how the deletion right is applied, marking it as a description of the right itself.",2
47646,1374,"A sentence that specifies the concrete steps a business will take upon receiving a verified request describes the operational process of fulfilling the right, which is characteristic of a right-to-delete description.",2
47646,2112,"A sentence that states the eventual deletion of personal information from records, subject to exceptions, directly outlines the scope and conditions of the deletion right, making it a description of that right.",7
47649,5139,The presence of the phrase 'right to request' signals that the text is articulating a legal or policy-based user entitlement rather than a procedural step.,6
4765,1178,"Sentences that state personal information is used to meet legal duties or enforce terms of use describe situations where information may be shared with authorities or other parties, thus belonging to the disclosure category.",3
4765,306,"When a disclosure indicates that personal information will be shared during a major business restructuring or sale of assets, it implies that those categories of information may be sold, because the information itself is part of the transactional consideration.",4
47655,1830,"A sentence that explicitly names a consumer control over sensitive personal information, such as limiting its processing, is classified as describing the right to limit use of personal information.",4
47655,3954,"The presence of 'Limit Processing' paired with 'Sensitive Personal Information' directly signals a restriction on how personal data is used, which corresponds to the right to limit use.",3
47659,1831,A sentence that instructs individuals on how to initiate a request or action to enforce a stated privacy right (such as opting out or limiting data processing) is classified as describing methods to exercise those rights.,4
47662,1243,"A sentence that conditions prohibitions on legal permissibility (e.g., 'unless permitted by X') clarifies that the described right operates within a broader statutory frame, which is characteristic of right-description language.",2
47662,1593,"A sentence that enumerates specific prohibited actions (such as denying goods, charging different prices, or offering different quality) serves to concretely define the scope of a non-discrimination right.",12
47694,1371,"In privacy policies subject to data-sale disclosure obligations, the 'categories sold' section commonly co-locates the types of personal data with the business purposes that justify their transfer, so a listing of such purposes embedded within a passage about being sold is treated as part of the categories-sold disclosure.",5
47702,173,"A sentence that explicitly names a right, such as 'Right to Request Deletion,' and states that the user may ask for deletion of their personal information directly describes the entitlement itself, warranting the corresponding label.",6
47702,960,A sentence is labeled 'Description of Right to Delete' when it explicitly states that consumers possess the legal right to request deletion of their personal information.,4
47703,6851,"When a privacy statement pairs an opt-out directive with a specific data use like 'Targeted Advertising', it signals that the sentence is identifying the scope of a consumer's right to prohibit that use.",2
47734,1789,A sentence that explicitly states a consumer's ability to prohibit the sale of their personal information directly expresses the right to opt out of such sale.,11
47734,2241,"A sentence that functions as a section heading in a privacy policy often names a specific consumer right, and such naming is sufficient to classify it under the description of that right even when the detailed explanation appears in adjacent sentences.",4
47734,6363,"The presence of the phrase 'Do Not Sell' serves as a canonical marker of the opt-out right, irrespective of surrounding explanatory text, because it names the precise action the consumer can forbid.",3
47753,2063,"When a disclosure describes sharing personal information without confining it to narrow, internal processing roles, it signals that the data could be treated as a merchantable asset, which justifies labeling the sentence as pertaining to the categories of sold personal information.",5
47753,6422,"Use of standard statutory category labels (e.g., Identifiers, Commercial Information, Geolocation) alongside a reference to the legal definition of 'sale' signals that the sentence is listing sold personal information categories.",2
4776,3923,Explicit acknowledgment of unilateral change authority and a directive to re-check the policy are hallmarks of an 'Updated Privacy Policy' section.,2
47819,300,Any statement that names recipients of personal data and the conditions under which their own privacy policies apply constitutes a disclosure of personal information categories.,9
47828,1196,"A sentence that explains the scope and conditions of a specific consumer privacy right, including permitted actions and the exceptions that limit it, functions as a description of that right.",5
47828,1418,"A sentence that details the procedural steps for exercising a deletion right, including the verification of the request and the consequent deletion of personal information, directly describes that right.",2
47836,1320,"A statement that explicitly informs users of their ability to decline a specific data processing practice, such as targeted advertising, constitutes a description of the right to opt out of the sale of personal information when that practice is treated within the policy as a form of sale or sharing.",3
47836,1789,A sentence that explicitly states a consumer's ability to prohibit the sale of their personal information directly expresses the right to opt out of such sale.,11
47836,264,"A description of the right to opt out of the sale of personal information can include narrower practices (e.g., tailoring ads based on collected data) because those practices are subsumed under the broader legal definition of 'sale' or 'sharing' that the right addresses.",2
47836,523,"Phrases containing 'opt out' indicate a mechanism for users to restrict how their personal information is applied, which directly corresponds to a limitation-of-use right.",4
47887,1521,"A sentence that enumerates the categories of third parties receiving personal information for a business purpose directly addresses the consumer's right to know about the sharing of personal information, as it specifies the recipients of data transfers.",15
47889,1879,"A sentence that explicitly states a user's entitlement or right, using phrases like 'you have the right to request...', is typically classified as a description of that right.",12
47889,962,A sentence that explicitly states an individual's entitlement to have inaccurate personal data amended or rectified is categorized as a description of the right to correct information.,15
47899,236,A sentence that articulates a statutory or regulatory right for individuals to obtain details about the disclosure of their personal information to third parties constitutes a description of a right to know about such sharing or selling.,21
4790,2971,A sentence whose prohibitions are anchored to a person's exercise of separately granted privacy rights constitutes a description of the right to non-discrimination in the exercise of those rights.,2
47919,1398,A sentence that enumerates the types or specific pieces of personal information that will be disclosed to a consumer upon request directly serves to describe the scope of the consumer's right to know what data has been collected.,4
47920,1644,A sentence that enumerates the specific categories of personal information sold or shared within a defined lookback period directly fulfills the disclosure requirement of the right to know about such transfers.,4
47920,293,"When a disclosure clause distinguishes between information shared for a business purpose and information sold or shared, and identifies the categories of recipients, it is describing the specific right to know about those transfers.",3
4794,1510,"A sentence that enumerates a statutory or regulatory reason for which a data controller may lawfully retain personal data is classified as part of the description of a deletion right, since it defines when the right does not apply.",2
4794,3901,"If the sentence explicitly references the permanence or limitations of a deletion request through statutory or compliance exceptions, it serves to explain the practical application of the deletion right.",3
47983,1542,"A sentence that identifies a category of third-party recipients within a disclosure section, where the surrounding text establishes that personal information is transferred to such recipients, constitutes a category of personal information shared or disclosed.",8
47983,4110,"When a sentence explains the conditions under which a company discloses personal information to third parties, it is providing information about the disclosures themselves, which warrants classification under a heading about shared or disclosed personal information categories.",2
48021,1702,"A sentence that explains how individuals may exercise a right to update or correct their personal information falls under a description of that right, even if it does not use the word 'correct' explicitly.",2
48031,3045,"A statement declaring that modifications take effect upon publication informs readers that the new version is immediately applicable, a common trait of updated policy notices.",2
48031,39,"A clause explaining that posted changes take effect at once addresses the logistics of policy revisions, a hallmark of an update notification paragraph.",2
48031,3945,"Explicitly noting that changes become effective when posted helps establish a clear effective date, which is characteristic of an officially updated policy.",2
48031,4597,"Language describing how changes become active is a common element of the 'Updated' or 'Changes to This Policy' subsection, which explains the timing and method of amendments.",2
48031,5762,"Sentences that specify that changes become effective immediately upon posting are characteristic of the updated policy label, as they define the implementation of revisions.",2
48075,2006,"A sentence that explicitly names a specific consumer right, such as the right to opt out of sale or sharing, and states that a law grants it, functions as a description of that right.",4
48075,2930,"When a sentence includes the term 'Opt-Out' alongside references to 'Sale' and/or 'Sharing', it clearly signals the privacy right to prevent the sale or sharing of personal information, matching the defined label.",4
48075,382,"A heading that explicitly names a right using terminology that mirrors the action restricted in the accompanying text (e.g., limiting use or disclosure) constitutes a description of that right.",3
48089,1296,A sentence that names a specific type of information a consumer can request under a data privacy right is a description of the scope of that right.,8
48089,852,"A sentence enumerating the categories of personal data collected, the sources of that data, the purposes of collection or sale, and the categories of third-party recipients describes the full scope of data practices, which is precisely the substance a right-to-know disclosure must communicate.",4
48092,1181,A sentence that cites a specific legal statute and explains that it grants certain individuals the right to request information about how their personal data is shared with third parties directly describes a consumer right to know about that sharing or sale.,5
48092,6257,"The presence of terms like 'direct marketing purposes' and 'third parties' clarifies that the disclosure right pertains specifically to the sale or sharing of personal information, aligning with a description of the right to know.",4
48094,495,The inclusion of a 'Last updated' date at the top of a privacy policy signals that the document has a version history and reflects its most recent revision.,4
48094,760,A sentence that explicitly states a revision date for a policy document serves as a marker indicating that the policy has been updated.,16
48238,5840,"Statements about agreements that limit recipients' use of personal data serve to clarify the scope and conditions of data sharing, which is a typical feature of disclosures describing with whom information is shared.",2
48253,1895,A sentence that explicitly identifies a data subject's ability to request rectification of their information serves as a description of the right to correct data.,6
48253,3793,"When the action specified is a modification of stored personal data, such as correcting it, the sentence directly corresponds to the legal right to rectification.",3
48253,5117,"Phrases like 'you may request' indicate a user-initiated entitlement, which is a typical marker for statements that describe a data subject's specific rights.",2
48256,5030,"The presence of the term 'rights' alongside the negation of discriminatory action marks the sentence as a formal delineation of a protected entitlement, which matches the label's focus on non-discrimination.",2
48284,6804,"When a sentence lists law-recognized data classes (e.g., Identifiers, Commercial information, Network activity, Geolocation) with concrete examples, it is asserting the categories of personal data that the organization handles, characteristic of a collected-categories disclosure.",2
48347,1290,A sentence that explicitly names a specific data privacy right and explains who holds that right is classified as a description of that right.,22
48347,3665,Descriptions of correction rights typically explain the condition under which the right applies—such as when information is inaccurate or incomplete—thereby clarifying the circumstances for exercising the right.,3
48354,1030,"A sentence that contains only category names and no independent legal language derives its meaning from its structural placement, so a placement under a third-party recipient within a sales disclosure context makes the label 'Categories of Personal Information Sold' the appropriate classification.",3
48354,1371,"In privacy policies subject to data-sale disclosure obligations, the 'categories sold' section commonly co-locates the types of personal data with the business purposes that justify their transfer, so a listing of such purposes embedded within a passage about being sold is treated as part of the categories-sold disclosure.",5
48354,433,"The label 'Categories of Personal Information Sold' applies to sentences that enumerate distinct types of personal data a business may handle, regardless of whether the sentence explicitly mentions selling, because the label classifies the data type itself.",12
48354,845,"A sentence that enumerates specific categories of personal information and lists the third parties to whom they are disclosed may be classified under a 'sold' label when the disclosure is presented in a tabular format, as such formats are commonly used to describe sales of personal information.",2
48357,5309,"References to a defined lookback period (e.g., the preceding 12 months) when describing what data subjects may request signals a statutory right-to-know disclosure akin to privacy regulations like the CCPA.",4
48358,1919,A sentence that explicitly states a data practice conforming to a specific consumer privacy right under a named law directly describes that right.,3
48358,4305,"The presence of a defined look-back period (such as the preceding twelve months) signals that the sentence is describing the scope of a consumer's right to know, rather than a general privacy policy statement.",3
48360,3082,"When a statement frames an action as a right the individual 'has the right to request,' it signals a formal description of a data protection entitlement.",3
48360,916,"A sentence that grants a data subject the ability to obtain a copy of the personal data an organization holds about them is an articulation of a transparency and access right, which is the essence of a 'right to know' provision.",2
4839,259,A sentence that explicitly states a user may request deletion of their personal data is classified as a description of the right to delete.,31
4839,4585,The presence of the phrase 'you have the right to request' signals a declarative articulation of a statutory consumer privilege rather than a procedural or exceptional detail.,13
48450,1106,A sentence that describes the use of tracking technologies that gather data about a user's online behavior and preferences is classified as detailing the categories of personal information collected.,7
48450,3678,Descriptions of cookies that detail what user data they enable or gather are treated as categories within an inventory of personal information.,3
48483,501,A sentence that explicitly states that personal information is shared with third parties and specifies the recipient's purpose directly communicates the categories of information being disclosed or shared.,8
48483,593,A sentence that describes the flow of personal information from data subjects to outside entities for a specified use corresponds to the classification of 'categories of personal information shared/disclosed.',2
48483,6312,"The presence of a temporal qualifier such as 'preceding twelve months' signals that the statement is reporting on past sharing or disclosure activities, which is a standard element of such disclosures.",2
48515,20,"A classification as 'Categories of Personal Information Collected' applies when a sentence provides a descriptive inventory of data characteristics rather than stating a purpose, source, or method of collection.",2
48515,651,"A privacy policy sentence that names specific types of sensitive or identifying data in the context of a data-collection mechanism is defining the categories of personal information, whether to affirm their collection or explicitly exclude them.",2
48522,1432,"A sentence that enumerates specific contact channels (e.g., a website URL and a telephone number) for exercising privacy rights is classified as a method for exercising those rights.",7
48527,1150,A sentence that explicitly names a consumer privacy right in its heading and then elaborates on what that right allows the consumer to do is classified as a description of that right.,41
48527,4425,"When a sentence enumerates a specific data-right action in a privacy policy, it is categorized according to the underlying right being granted to the user.",3
48530,205,"Descriptions of rights often include both an affirmative statement of the rule and its explicit exceptions or carve-outs, both of which explain the right's full meaning.",2
48589,181,"Such enumerations in a data-sharing description typically function to define the scope of the disclosed categories, distinguishing routine service providers from other sharing contexts like affiliates or legal requests.",2
48596,1559,"A sentence that explicitly lists distinct types of recipients (such as service providers, affiliates, and business partners) and states that personal information may be shared with them is classifying the categories of information disclosure.",7
48596,5586,"When a phrase appears as a category heading among other recipient categories in a privacy policy, it signals that the policy is classifying the parties to whom personal data is disclosed.",2
4862,1974,A sentence that explicitly names a specific privacy statute and states the right it grants to consumers is typically categorized as describing a statutory right to know or access personal information.,5
48626,954,"A sentence that enumerates types or sources of personal information (such as applications, preferences, transactions, or third-party data) following an introductory statement about 'sale' or 'sharing' under a privacy law is labeled as a category of personal information sold.",5
48709,1319,"A sentence that describes a condition under which personal information is transferred to a third party, even if that condition requires user consent, falls under the category of sharing or disclosing personal information.",2
48783,1588,"A sentence that enumerates specific legal or regulatory compliance purposes for processing personal data indicates the categories of information an organization is required to collect, because each distinct obligation corresponds to particular data elements.",2
48783,1861,"A sentence that explicitly enumerates specific data fields (such as name, mailing address, occupation, or employer) as items to be gathered indicates a clear listing of the categories of personal information involved.",2
48807,2601,"When a sentence pairs each named category of information with a description of the specific data elements it includes, it is providing a taxonomy of processed personal data, a hallmark of a 'Categories of Personal Information Collected' designation.",4
48807,3531,Content that includes a formal definition of personal information and pairs it with illustrative examples of user-supplied data is grouped under a heading that discloses the categories of data the service collects.,2
48830,1862,"A sentence that explicitly enumerates specific data types—even by disclaiming their collection—functions to delineate the scope of personal information addressed in a policy, thereby fitting under a heading that catalogs data categories.",2
48849,1073,"Sentences that advise users to exercise caution when deciding what personal information to share, particularly data of a sensitive nature, function to explain a user's right to restrict or limit how that information is used by a service.",4
48853,116,A statement that explicitly names a data protection right and explains what it permits the individual to do constitutes a description of that right.,5
48853,949,"A sentence that functions as a section heading and names a specific consumer right is best labeled as a description of that right, since it identifies the right rather than explaining its conditions or exceptions.",4
48888,1173,"A sentence that enumerates the types of data collected (e.g., activity, preferences, inferred attributes) is categorized as disclosing the categories of personal information involved.",12
48888,7760,"When a sentence delineates the scope of collected data—such as user visits, interactions, and advertising exposure—it is defining a distinct category within a broader privacy disclosure.",2
48950,1871,A sentence that explicitly references the disclosure of enumerated categories of personal information and directs readers to a specific section for that information is classified under the label for categories of personal information shared or disclosed.,3
49033,1843,"A sentence that instructs the reader to take a specific action, such as submitting a request through a provided website or email address, is categorized as describing the methods available for exercising privacy rights.",4
49035,1250,A sentence that links the absence of discriminatory treatment to the act of exercising other consumer privacy rights clarifies that the described right is a non-discrimination guarantee that safeguards consumers when they invoke those other rights.,2
49035,1283,A sentence that declares a consumer's entitlement to be free from retaliatory treatment when invoking their statutory privacy rights is properly categorized as a description of the right to non-discrimination.,3
49035,910,A sentence framed as 'you have the right...' in the context of privacy law serves a definitional purpose of explaining that right.,2
49099,2581,"A sentence that outlines permissible sharing practices, even for non-personal or anonymized data, is relevant to the disclosure category because it defines which data types are included in the sharing arrangement.",2
49109,3106,"A statement referencing services provided on behalf of third parties points to a recipient of personal information distinct from the company itself, making it an instance of information sharing or disclosure.",2
49131,644,"A privacy-policy sentence that enumerates the various channels or circumstances through which an organization obtains user data (e.g., direct contact, transactions, usage, public posts) serves as a disclosure of the categories of personal information collected, so it receives that label.",4
49131,8436,"When a statement describes multiple types of personal information (contact details, transaction history, public-post content, and usage data) brought in through different activities, it is characterizing the categories of personal information collected, which is why it is labeled as such.",2
49158,2257,"A sentence that states a purpose for sharing personal information (such as legal compliance, fraud prevention, or safety) without naming a specific recipient qualifies as a description of when PI is sold or shared, because it enumerates a category of disclosure under the right-to-know framework.",3
49159,1074,"A sentence that advises users to periodically review a policy for changes indicates the policy is subject to amendment, which is characteristic of an 'Updated' policy label.",2
49184,658,A privacy statement that describes a mechanism by which users may share their personal data with third parties is categorizing the types of personal data that are disclosed to those parties.,2
49198,165,"A sentence that explicitly describes how users will be informed of revisions to a policy indicates the policy is subject to change, which supports the 'Updated Privacy Policy' label.",26
49198,5455,"Sentences framed around future-oriented modification of an existing document, rather than stating current terms, are consistently classified as pertaining to policy updates.",2
49199,165,"A sentence that explicitly describes how users will be informed of revisions to a policy indicates the policy is subject to change, which supports the 'Updated Privacy Policy' label.",26
49199,4633,"Language that announces how users will be informed of the timing of policy revisions (e.g., via a version date) is characteristic of documents that emphasize their own update mechanism, warranting the 'Updated Privacy Policy' label.",3
49199,4878,"Mentioning a specific last-updated date or version reinforces that the policy has been revised, supporting classification under 'Updated Privacy Policy'.",4
49199,6964,"When a sentence explicitly links future modifications to an administrative action such as updating the 'last updated' field, it conveys that the policy is subject to periodic revision and thus belongs to the 'Updated Privacy Policy' category.",3
49204,868,"A sentence that explicitly enumerates the specific types of personal data (e.g., Identity Data, Contact Data) being conveyed to an external party identifies the categories of information disclosed.",6
49240,1145,"A sentence that explicitly frames a capability as a right of the individual, using phrases like 'you have a right to request,' signals the description of a legal or policy entitlement rather than a mere operational step.",2
49242,1521,"A sentence that enumerates the categories of third parties receiving personal information for a business purpose directly addresses the consumer's right to know about the sharing of personal information, as it specifies the recipients of data transfers.",15
49242,3855,"Even a sentence that lists recipient categories without enumerating specific data types contributes to a right-to-know disclosure, as it clarifies the downstream flow of personal information, thereby describing the scope of the sale or sharing practice the consumer is entitled to learn about.",3
49242,6470,"Using the phrase 'categories of third parties' signals that the statement is disclosing the recipients of personal information, which is a core element of transparency obligations regarding data sharing and selling.",4
49327,1856,"A sentence that explicitly enumerates distinct types or categories of personal data, introduced by a legal provision concerning their sale or share, is labeled to reflect the specific list of data types involved.",2
49327,9,"The label corresponds to the information being characterized as potentially sold or shared; enumerating those categories is the defining feature that separates this from related disclosures about limitations, recipients, or transfers.",2
49343,44,A sentence that explicitly states a legal entitlement using the phrase 'right not to be subject to' is typically a direct description of that particular right.,3
49343,446,A sentence that explicitly names a right and frames it as a protection against discriminatory treatment is categorized as a description of that right.,2
49345,2005,A sentence that instructs the reader on how to request an opt-out from additional data-use purposes is categorized as a method for exercising their privacy rights.,3
49374,982,A sentence that explicitly enumerates specific categories of personal information in the context of a sale or disclosure is classified under the label for the categories of personal information sold.,8
49478,1973,A sentence that explicitly names a data subject's entitlement using the pattern 'The right to have [information] [actioned]' is a direct expression of that right and is labeled accordingly.,2
49487,1157,A sentence that begins with 'The right to' followed by an action verb and an object typically functions as a direct statement of a specific consumer or data subject entitlement.,4
49490,2324,"A sentence that instructs an individual to perform a specific action, such as clicking a link and following steps, to enforce a stated right is categorized as a method for exercising that right.",2
49535,1158,A sentence that groups recipient classes together in a disclosure section is treated as a category heading for the personal information involved in that disclosure.,3
49535,501,A sentence that explicitly states that personal information is shared with third parties and specifies the recipient's purpose directly communicates the categories of information being disclosed or shared.,8
49538,2037,A sentence that names a general type of personal data (such as information supplied by the user) is categorized as a category of personal information sold when it appears within a disclosure section outlining the types of data that may be transferred to third parties.,3
49568,39,"A clause explaining that posted changes take effect at once addresses the logistics of policy revisions, a hallmark of an update notification paragraph.",2
49568,4011,Identifying that a sentence explains when revised terms take effect (rather than what the terms currently require) categorizes it as an 'Updated Privacy Policy' disclosure.,2
49569,165,"A sentence that explicitly describes how users will be informed of revisions to a policy indicates the policy is subject to change, which supports the 'Updated Privacy Policy' label.",26
49569,3497,"Statements informing users about how and when a privacy policy will be amended are classified as 'Updated Privacy Policy' content, as they provide notice of the policy's lifecycle.",4
49569,365,"The presence of a heading or phrase such as 'CHANGES TO THE PRIVACY POLICY' directly indicates that the content addresses modifications, aligning with the label.",7
49607,1789,A sentence that explicitly states a consumer's ability to prohibit the sale of their personal information directly expresses the right to opt out of such sale.,11
49630,165,"A sentence that explicitly describes how users will be informed of revisions to a policy indicates the policy is subject to change, which supports the 'Updated Privacy Policy' label.",26
49630,60,A clause that commits to notifying users of material policy modifications is a hallmark of a section that addresses policy updates.,2
49632,1390,A sentence that describes the process for notifying users about revisions to a policy and updating its effective date is characteristic of a section devoted to policy updates.,2
49632,3497,"Statements informing users about how and when a privacy policy will be amended are classified as 'Updated Privacy Policy' content, as they provide notice of the policy's lifecycle.",4
49632,4633,"Language that announces how users will be informed of the timing of policy revisions (e.g., via a version date) is characteristic of documents that emphasize their own update mechanism, warranting the 'Updated Privacy Policy' label.",3
49712,2063,"When a disclosure describes sharing personal information without confining it to narrow, internal processing roles, it signals that the data could be treated as a merchantable asset, which justifies labeling the sentence as pertaining to the categories of sold personal information.",5
49718,1886,"Phrasing such as 'you have the right to request that [entity] delete' directly frames the user's entitlement, making the sentence a declarative statement of the right itself rather than a procedure or a denial.",3
49718,2112,"A sentence that states the eventual deletion of personal information from records, subject to exceptions, directly outlines the scope and conditions of the deletion right, making it a description of that right.",7
49719,1109,A sentence that states a right has limitations or exceptions is still a description of that right because it qualifies the scope of the right.,11
49723,2001,A statement that explicitly names a particular right and frames it as a prohibition against negative treatment arising from the exercise of other listed rights is characteristically a description of that anti-discrimination right.,4
49723,3267,"When a non-discrimination clause ties the prohibition to the exercise of another rights category (such as privacy), it is properly classified as a description of the right to non-discrimination in exercising that rights category.",2
49735,761,A sentence that states an explicit effective or revision date using a phrase like 'Last updated' serves as the official marker of a policy's most recent modification.,13
49818,2019,A sentence that explicitly names a third-party service as a potential recipient of user information indicates that personal data may be disclosed to that external entity.,2
49821,1334,A sentence that explicitly states that the organization obtains or processes personal information in a specific context is categorized under the types of data collected when it names the data or its origin.,3
49853,1559,"A sentence that explicitly lists distinct types of recipients (such as service providers, affiliates, and business partners) and states that personal information may be shared with them is classifying the categories of information disclosure.",7
49856,1635,A sentence that enumerates the parties to whom personal information is transferred for monetary or other valuable consideration directly identifies the disclosure activity of selling the data.,4
49856,572,A statement detailing how a business must enumerate categories of personal information sold or disclosed to distinct recipient categories falls under the right to know about sales and disclosures.,2
49858,1632,A sentence that specifies the various channels or sources through which personal information is gathered belongs to the category describing the categories or origins of collected data.,4
49860,3753,"Descriptive sentences about a privacy right typically reference the right itself directly rather than the conditions, exceptions, or mechanisms for exercising it.",2
49860,609,"A sentence that explicitly states a consumer has the right to opt out of a specific data practice (such as the sale of personal information) directly expresses a description of that right, warranting a label naming the right.",6
49861,1150,A sentence that explicitly names a consumer privacy right in its heading and then elaborates on what that right allows the consumer to do is classified as a description of that right.,41
49861,247,"A description of a right typically employs the infinitive verb form (e.g., 'to correct') to articulate the permitted action, making the sentence an explanatory statement of entitlement.",3
49863,1811,A sentence that explicitly states a prohibition against discrimination for exercising legal rights directly describes the right to non-discrimination.,23
49863,44,A sentence that explicitly states a legal entitlement using the phrase 'right not to be subject to' is typically a direct description of that particular right.,3
49863,6659,"The presence of a specific legal statute (e.g., CCPA) and a defined scope of permitted purposes signals that the sentence is characterizing the right itself rather than exercising or waiving it.",2
49863,779,A sentence that explicitly states that the exercise of other enumerated rights is protected from discriminatory treatment is directly describing a right to non-discrimination.,7
49863,8105,"When a sentence links protection from adverse differential treatment directly to the act of exercising other enumerated rights, it serves to clarify the scope of an anti-discrimination guarantee within that legal framework.",2
49889,5619,"Sentences that explicitly state that personal information is shared with third-party processors for specific operational purposes indicate the disclosure of data categories to external entities, thus falling under shared/disclosed categories.",2
49889,5877,"When a statement enumerates the categories of recipients and the protective terms governing their receipt of data, it falls under the classification of information sharing or disclosure.",2
49919,259,A sentence that explicitly states a user may request deletion of their personal data is classified as a description of the right to delete.,31
49939,1442,"A sentence that directly names the specific consumer action (e.g., opt-out) and the data-processing activity it targets (e.g., sale of personal information) should be labeled as a description of that right.",2
49939,6658,"The presence of a specific jurisdiction qualifier, such as 'a California resident,' signals that the sentence is defining the nature of a legal entitlement within a privacy framework.",3
50060,1742,A sentence that explicitly names a specific opt-out mechanism and states its functional effect on the company's data practices qualifies as describing the right to opt out of the sale of personal information.,3
50060,7916,When a sentence explains the practical effect of an opt-out mechanism—namely halting collection or use of data by third-party advertising providers—it functions as a description of the opt-out right.,2
5012,1388,A sentence that introduces an action for individuals to decline the exchange or disclosure of their personal information is characteristic of describing a right to opt out of the sale of personal information.,2
5012,3946,"Explicitly referencing a dedicated page or designated methods for opting out, such as a 'Do Not Sell My Personal Information' page, signals that the sentence informs consumers of the available avenues to exercise their opt-out right.",2
50190,1893,A sentence that explicitly grants users the right to request access and receive copies of their personal data directly describes the consumer right to know what personal information has been collected and processed.,6
50190,420,A label for a 'Description of Right to Know PI Collected' applies when the sentence explicitly grants an individual the ability to obtain an accounting of their collected personal information and its flow.,8
50190,4308,"The presence of a defined time period (e.g., the preceding 12 months) within a sentence that grants a right to request data handling details indicates that the sentence is describing that right.",2
502,1926,A sentence that instructs users on specific actions to take to exercise their privacy rights is classified as describing methods to exercise rights.,11
502,2437,A sentence that provides a procedural step for asserting a data subject right falls under the category of methods to exercise rights.,2
50255,5715,Sentences that pair explicit disclosure verbs with a named set of recipient categories signal that the text is classifying which types of information are shared.,2
50255,797,A sentence that enumerates distinct types of external parties or circumstances under which personal data is transferred is classified as describing categories of sharing or disclosure.,9
50276,1711,"A sentence that explains how users can limit the use of an advertising ID through device settings describes a technical opt-out mechanism, which falls under the disclosure of a right to prevent the sale of personal information.",2
5029,1187,A sentence that explicitly names a consumer right using standard legal terminology is classified as a description of that right.,11
5029,131,"A concise, noun-phrase style sentence that states the existence of a particular legal or policy entitlement is generally labeled as a description of that entitlement.",2
5029,8355,"When a sentence uses a directive phrase like 'the right to opt out' and references the data or transaction it applies to, it functions as a declarative statement of the right itself.",2
50307,165,"A sentence that explicitly describes how users will be informed of revisions to a policy indicates the policy is subject to change, which supports the 'Updated Privacy Policy' label.",26
50307,1956,"A sentence that explicitly mentions the policy's own amendability is typically grouped with other update statements, as it alerts users to the dynamic nature of the document.",2
50310,7297,"When a document contains a sentence describing the location for posting policy revisions, it signals that the policy has a mechanism for modification, thus categorizing it under the updated policy label.",2
50313,887,A sentence that instructs a user on how to stop the transfer of their personal information to third‑party vendors for targeted advertising purposes is a description of the right to opt out of the sale or sharing of personal information.,5
50314,215,"A description of an opt-out right often includes the types of non-personalized or non-targeted processing that remain permissible, which helps set accurate expectations for the data subject.",2
50390,8567,"When a text enumerates specific third-party types (such as member stations or marketing vendors) to which each category of data may be transferred, it is best characterized as depicting categories of personal information shared or disclosed, since it maps data to external recipients.",2
50399,793,A sentence that identifies a specific technology or mechanism (such as cookies) through which data is gathered during user interaction with a website serves to enumerate one of the sources or categories of information collected from or about the user.,4
50399,8436,"When a statement describes multiple types of personal information (contact details, transaction history, public-post content, and usage data) brought in through different activities, it is characterizing the categories of personal information collected, which is why it is labeled as such.",2
5044,1436,A sentence that explicitly affirms the user's ability to make a choice regarding the sale of their personal information is a description of the right to opt out.,24
5044,4253,"In a privacy policy, any sentence that frames the opt-out as a personal decision available to the user contributes to describing that right.",4
5044,5577,Sentences that emphasize user agency or decision-making in the context of data privacy are classified as descriptions of the opt-out right.,2
5060,1835,A sentence that explicitly describes the process and channels for notifying users about modifications to a policy belongs to an updated policy notice when the surrounding document features multiple versioned policy sections with revision histories.,2
5060,3335,"A statement that tells readers how to access the latest versions of a policy indicates the document maintains a record of amendments, which is the defining feature of an updated-privacy-policy section.",3
50617,838,A sentence discussing the storage and transmission of user consent choices directly enumerates the type of user-specific data (preferences and identifiers) that falls under the recognized categories of personal information collected.,3
5070,477,"When a changelog entry identifies a specific policy by name and reports its addition, the underlying action is a revision of the privacy policy set, warranting the 'Updated Privacy Policy' category.",2
5070,5,"When a sentence's main purpose is to announce or introduce the act of changing a privacy policy, it is categorized as an updated privacy policy.",4
50700,433,"The label 'Categories of Personal Information Sold' applies to sentences that enumerate distinct types of personal data a business may handle, regardless of whether the sentence explicitly mentions selling, because the label classifies the data type itself.",12
50735,1569,"A sentence that enumerates specific contact channels (such as postal address, web form, or phone number) for users to pursue data-related requests is classified under methods to exercise rights.",8
50737,1049,"A sentence stating the existence and scope of an opt-out right, without instructions or consequences, is categorized as a description of that right.",4
50737,211,"A description of an opt-out right often clarifies what remains unchanged after the choice is made, so users understand the limited scope of the opt-out.",4
50737,7753,"When a sentence conveys both the scope of data sharing being restricted and the action required to stop it, it serves to describe the corresponding opt-out right.",2
50740,1811,A sentence that explicitly states a prohibition against discrimination for exercising legal rights directly describes the right to non-discrimination.,23
50740,6751,"The presence of entitlement language (e.g., 'you have a right') combined with reference to a governing statute indicates the sentence is formulating a description of that legal right.",3
50795,1511,A sentence that identifies a third-party recipient and then enumerates the types of user data that may be provided to that recipient is describing categories of personal information that are shared or disclosed.,11
50823,7371,"When a document lists specific circumstances under which a privacy statement is revised, such as responses to external feedback, it signals that the policy is actively maintained and updated, aligning with the label of an updated privacy policy.",2
50828,483,Encouraging users to periodically review the policy signals that the document is actively maintained and reflects the latest update.,2
50828,5549,Sentences that describe notification duties following a policy revision are representative of updated privacy policy content.,4
5098,1792,A sentence that explicitly announces a modification to a company's data-handling practices—such as specifying the duration or purpose of retaining user information—is categorized as an updated privacy policy.,3
5098,477,"When a changelog entry identifies a specific policy by name and reports its addition, the underlying action is a revision of the privacy policy set, warranting the 'Updated Privacy Policy' category.",2
50986,1173,"A sentence that enumerates the types of data collected (e.g., activity, preferences, inferred attributes) is categorized as disclosing the categories of personal information involved.",12
5107,465,"A minimal sentence that conveys only a revision date and the word 'Updated' is a conventional indicator of a policy change, independent of the content it precedes.",2
5107,7243,"When a collection of text contains several dated entries that each describe modifications to a policy's sections, the individual date markers serve as headers for those entries, all falling under an overarching ""policy update"" label.",2
5107,760,A sentence that explicitly states a revision date for a policy document serves as a marker indicating that the policy has been updated.,16
511,1420,A sentence that details the specific categories of personal information a consumer may request regarding sales constitutes a description of the right to know.,7
511,5106,The phrasing 'You may have the right to request' signals that the statement is articulating a user-facing right rather than a business obligation or procedural detail.,6
511,6116,"Such sentences typically appear in privacy notices after a heading that indicates the right to know, reinforcing their classification as a description of that right.",2
511,7457,"When a phrase includes terms like 'right to be informed,' the sentence directly addresses the obligation to disclose what personal information is collected, fitting a category for describing such a right.",2
5113,2838,"A sentence that states a company may periodically change its privacy policies in response to new or evolving products and services indicates that the surrounding text concerns policy modifications, making it consistent with an 'Updated Privacy Policy' label.",3
5113,6964,"When a sentence explicitly links future modifications to an administrative action such as updating the 'last updated' field, it conveys that the policy is subject to periodic revision and thus belongs to the 'Updated Privacy Policy' category.",3
5114,861,A sentence marking when a policy was changed belongs to the category of update notifications for that policy.,3
51145,1981,"A sentence that explicitly states an action a data subject may take regarding their own personal data, using the verb as the operative right, directly names the corresponding data-protection right.",2
51145,6921,The presence of the object 'personal data' combined with an action verb like 'correct' identifies the sentence as a description of the right to rectification or correction of that data.,2
51146,3283,"Describing both 'use' and 'disclosure' of information aligns with the scope of a limit-use right, as it covers internal processing and external sharing.",4
51146,7956,"When a sentence focuses on limiting the processing of a targeted data type, it directly serves as a description of a right to constrain the use of that personal information.",2
51364,3309,"Providing actionable, concrete steps or pathways for users to act on their personal data constitutes a method for exercising privacy rights.",2
51411,2126,"A sentence that explicitly states the policy may be changed or revised signals that the policy is subject to updates, which is a core characteristic of an 'Updated Privacy Policy' label.",4
51411,3031,"A statement announcing changes to a specific section, such as a resident privacy notice, signals that the document has been or will be revised, making the label about an updated policy applicable.",2
51411,5446,"When a sentence is grouped with other sentences that give guidance about revisions, effective dates, or posting of changes, it reinforces the interpretation that the sentence belongs to the 'Updated Privacy Policy' category.",3
51425,4585,The presence of the phrase 'you have the right to request' signals a declarative articulation of a statutory consumer privilege rather than a procedural or exceptional detail.,13
51425,958,"When a sentence frames the disclosure as a consumer's entitlement to request information about collected personal data, it directly corresponds to a 'right to know' privacy right.",10
51426,1557,"A sentence that enumerates the specific data elements a consumer may request from a business—such as categories of personal data collected, sources, purposes, and third parties—describes the right to know/access personal information.",6
51426,4419,"Statements that detail the specific categories and pieces of personal information to be provided are characteristic of privacy notices that explain a consumer's right to know about collected, shared, or sold data.",9
51426,934,"A sentence introduced by a phrase indicating the scope of shared data (e.g., 'Personal Information we share') functions as a declarative disclosure, meriting a label about categories of shared information.",2
51427,2988,A short heading that names a consumer privacy right and is immediately followed by text enumerating what information about the sale or sharing of personal information can be disclosed is serving as a description of that right's application to sold or shared PI.,2
51434,1434,A sentence that names a specific right and is immediately followed by an explanation of that right functions as a description of the right.,4
51434,2013,"A sentence that serves as a section heading and begins with the phrase 'Right to ...' followed by a specific legal entitlement is conventionally used to state or name that right, making it a description of the right itself rather than an implementation detail.",6
51435,5139,The presence of the phrase 'right to request' signals that the text is articulating a legal or policy-based user entitlement rather than a procedural step.,6
51435,962,A sentence that explicitly states an individual's entitlement to have inaccurate personal data amended or rectified is categorized as a description of the right to correct information.,15
51469,1387,"A sentence that prescribes the specific format, required content, or procedural steps for submitting a privacy-related request is classified as describing a method to exercise rights.",7
51470,1387,"A sentence that prescribes the specific format, required content, or procedural steps for submitting a privacy-related request is classified as describing a method to exercise rights.",7
51470,2320,A sentence that instructs a data subject on what identifying details to include when submitting a formal privacy request is describing a method for exercising their rights.,3
51509,1105,A sentence that appears within a privacy notice and outlines the types of disclosures available to consumers about their personal information is characterizing the right to know what was collected.,3
51509,3810,"Disclosure sentences patterned after statutory right-to-know requests are labeled by the right they operationalize, such as the right to know sold or shared personal information.",2
51509,5140,"Phrasing such as 'you have the right to request that we disclose' signals that the sentence is describing a consumer-facing entitlement, which aligns with a labeled 'description of right to know' provision.",2
51509,6251,The inclusion of both 'sold' and 'shared' in the context of what can be disclosed indicates that the text is specifying the right to know about the sale and sharing of personal information.,2
5152,752,"A sentence clarifying that a stated consumer privacy right is subject to statutory exemptions contributes to describing that right, because delineating what the right does not cover defines its scope.",5
51649,1648,A sentence that enumerates the specific data elements and processing details a data subject may access describes the right to know what personal information is collected and held about them.,2
51649,1896,A sentence that explicitly grants an individual the right to request deletion of their personal information directly describes the 'right to delete' as recognized in data privacy frameworks.,3
51649,4814,"The use of the term 'Personal Data' places the sentence within a data protection context, where describing deletion rights is a common disclosure requirement.",4
51650,1896,A sentence that explicitly grants an individual the right to request deletion of their personal information directly describes the 'right to delete' as recognized in data privacy frameworks.,3
51702,1832,A sentence that explicitly states that personal information is shared with external parties for a business purpose indicates a disclosure of categories of personal information.,4
51711,2148,A sentence that explicitly uses the term 'right to request' followed by an action like 'delete' for personal information is a direct marker of a privacy right description.,7
51711,4814,"The use of the term 'Personal Data' places the sentence within a data protection context, where describing deletion rights is a common disclosure requirement.",4
51716,3381,"Language describing how and when the policy will be changed, including notice requirements, is characteristic of an 'updates to the policy' disclosure, which directly reflects the updated-policy label.",3
51716,4864,Mentioning a specific 'effective date' for when revised terms begin applies to identifying an updated policy rather than the initial policy text.,2
51716,5620,"Sentences that identify an effective or revised date typically appear within an update-notice section, making them direct evidence that the policy has been amended rather than remaining static.",3
51736,305,"A disclosure statement that identifies both the category of recipient (e.g., service providers) and the specific purpose of the disclosure directly matches a label describing categories of shared or disclosed personal information.",6
51736,5229,Privacy-policy language explaining that personal data is available to other users or customers serves to notify about disclosed categories of personal information.,2
51736,874,A sentence that explicitly states that collected data 'may be shared' with external parties indicates a disclosure of personal information to those parties.,2
51743,2872,A sentence that states user data or portions of it will appear or be visible on third-party platforms indicates that categories of personal information are being disclosed or shared externally.,3
51828,173,"A sentence that explicitly names a right, such as 'Right to Request Deletion,' and states that the user may ask for deletion of their personal information directly describes the entitlement itself, warranting the corresponding label.",6
51828,234,"A description of a right to delete typically includes both the affirmative request clause and an acknowledgment of limitations, mirroring the structure of the sentence that states the right and then conditions it on exceptions.",2
51829,1811,A sentence that explicitly states a prohibition against discrimination for exercising legal rights directly describes the right to non-discrimination.,23
51829,5374,"Referencing a specific legal statute (e.g., the CCPA) in a policy statement signals that the sentence is articulating a statutory right rather than a general courtesy.",2
5185,4390,"In policy documents, a date stamp that follows or is embedded near statements about regular review and changes typically signals an update notification.",2
5185,760,A sentence that explicitly states a revision date for a policy document serves as a marker indicating that the policy has been updated.,16
51880,939,A sentence is labeled as 'Categories of Personal Information Shared / Disclosed' when it explicitly states that information is shared with a specific type of third party and lists the particular data categories involved.,6
51883,1675,A sentence that explicitly grants a consumer the right to request disclosures from a business about its handling of personal information is correctly labeled as describing a 'Right to Know' provision.,6
51883,6307,"The inclusion of a specific look-back period, such as 'over the past 12 months,' signals that the sentence is characterizing a statutory right to know about collected data.",2
51883,7867,When a statement explicitly enumerates the layers of detail a data subject may demand—general categories and particular data points—it is describing the scope of the right to be informed about personal information collection.,2
51952,2490,A sentence that names a data subject right and then defines it in terms of constraining or placing conditions on processing activities serves as a description of the right to limit the use of personal data.,2
51952,4354,"In data-protection documents, any clause that frames a restriction as available to the individual qualifies as detailing a right to limit how personal information is used.",2
51958,227,A description of a right often includes both the actions it guarantees and the exclusions that delimit it.,2
51958,2786,"A sentence that specifies conditions or limitations on when a deletion request can be fully honored is still a descriptive component of the underlying deletion right, because it delineates the right's scope.",2
51969,83,"A clause that informs data subjects of their ability to initiate deletion of their own data is a descriptive statement of the right to delete, not a definition or exception.",2
51972,1879,"A sentence that explicitly states a user's entitlement or right, using phrases like 'you have the right to request...', is typically classified as a description of that right.",12
51972,5238,"The label 'Description of Right to Correct Information' applies when the sentence uses language indicating an entitlement to request correction of personal data, even if the term appears in a list rather than as the sole focus.",4
51976,3697,Statements that explicitly identify sources from which personal information is obtained are labeled as categories of personal information collected because they specify the origins of the data acquisition process.,6
52007,495,The inclusion of a 'Last updated' date at the top of a privacy policy signals that the document has a version history and reflects its most recent revision.,4
52007,873,A sentence that explicitly states a policy will be revised and a new version will be made available indicates that the policy is subject to updates.,10
52039,1690,A sentence that explains how an individual can stop or limit the use of their data by a specific set of parties constitutes a description of an opt-out right.,3
52039,1789,A sentence that explicitly states a consumer's ability to prohibit the sale of their personal information directly expresses the right to opt out of such sale.,11
52039,7753,"When a sentence conveys both the scope of data sharing being restricted and the action required to stop it, it serves to describe the corresponding opt-out right.",2
52065,2178,A sentence that frames an individual's ability to ascertain what data is collected is inherently a statement of a 'right to know' because it specifies the informational content the consumer is entitled to receive.,2
52065,311,"A privacy disclosure that articulates the specific business purposes for which collected personal information will be used directly serves a consumer's right to know, as it clarifies the intended treatment of their data.",6
52076,4570,"Language describing the process for announcing or documenting changes to a policy—such as noting them on a designated page—signals a commitment to transparency about revisions, a hallmark of an updated privacy notice.",3
52076,645,A privacy policy provision that explicitly states the policy may be revised or updated over time is typically categorized as an update notice for that policy.,6
52089,116,A statement that explicitly names a data protection right and explains what it permits the individual to do constitutes a description of that right.,5
52090,1809,A sentence that explicitly states a right to be free from discrimination when exercising other rights is classified as a description of that right.,11
52090,6631,"The presence of a phrase such as 'right to not be discriminated against' is a direct indicator of a non-discrimination right, and when it is tied to 'exercising certain of your rights', it signals that the description specifically concerns the exercise of rights.",4
52128,7257,"When a disclosure enumerates the types of external parties with whom personal information may be shared, including in a corporate transaction context, it serves to notify consumers of potential sales of their data, warranting the sold-information label.",2
52143,3670,Descriptions of the right to opt out of the sale or sharing of personal information often include instructions about how to access additional information about the companies involved.,3
52145,1319,"A sentence that describes a condition under which personal information is transferred to a third party, even if that condition requires user consent, falls under the category of sharing or disclosing personal information.",2
52145,330,"Statements describing how data collected by an external party is subject to a separate privacy policy are typical of a disclosure that personal information may be sold or shared with third parties, as they clarify the division of responsibility for the user's data.",4
52161,311,"A privacy disclosure that articulates the specific business purposes for which collected personal information will be used directly serves a consumer's right to know, as it clarifies the intended treatment of their data.",6
52161,4350,"Stating the time frame (e.g., preceding 12 months) anchors the disclosure to a specific reporting period, a common feature of right-to-know notices.",3
52163,1893,A sentence that explicitly grants users the right to request access and receive copies of their personal data directly describes the consumer right to know what personal information has been collected and processed.,6
52163,7852,"When a sentence enumerates specific actions the entity will take regarding the consumer's own data, it functions as a descriptive disclosure of a legally recognized privacy right rather than a procedural or incidental instruction.",2
52166,1084,Sentences denoting the effective date of a policy section are labeled as updates when they coincide with a policy change notice and re-set the applicable timeframe.,6
52166,628,"A policy that pairs an effective date with a separate 'last updated' reference signals that the text has been revised, and the sentence carrying that date is the revision notice.",2
52192,406,"A label concerning the categories of personal information collected applies to any sentence that identifies the kinds of personal data an organization handles, even when the sentence primarily describes an activity like inviting someone to research.",9
52192,7512,"When a privacy disclosure names third-party entities (such as vendors or partners) that supply user data, the statement functions to delineate the types of personal information collected, rather than the purposes for which it is used.",2
52257,8440,"When a statement describes the potential recipients of data (e.g., third parties) and the nature of the data involved, it directly addresses the scope of information sharing, which aligns with labeling categories of personal information shared or disclosed.",5
52289,1353,"A sentence that describes the business purposes for sharing data, such as marketing, advertising, or service operations, supports classification under categories of personal information shared or disclosed.",2
52296,964,"A sentence labeled as methods to exercise rights typically enumerates distinct channels (e.g., web, mobile app, email) through which a user can submit a request.",2
52299,2064,"A sentence that outlines when an organization will delete personal information while stating explicit exceptions tied to legally permitted purposes is characterizing the scope of a deletion right, thereby describing that right.",2
52304,523,"Phrases containing 'opt out' indicate a mechanism for users to restrict how their personal information is applied, which directly corresponds to a limitation-of-use right.",4
52307,1751,A sentence that explains the procedural steps or prerequisites a user must satisfy to exercise a privacy right is categorized as describing a method for exercising that right.,4
52307,5544,Sentences that describe how a user's browser settings or configuration can affect the outcome of their opt-out belong under the category of methods for exercising the right.,2
52313,1217,A sentence that explicitly grants users the ability to object to or opt out of a specified use of their personal data constitutes a description of a right to limit use of personal information.,12
52313,6348,"The presence of 'sensitive personal information' links the statement to privacy regulations that grant specific rights to limit processing, making it a description of such a right.",2
52351,1114,A sentence that specifies an exception or condition under which the right to delete does not apply contributes to describing the right to delete by defining its boundaries.,2
52358,5570,Sentences that reference where to change device settings for privacy controls are considered instructions for exercising data protection rights.,2
52366,3932,"Explicitly enumerating the categories of data that can be changed (e.g., contact or financial details) signals that the sentence defines the scope of a correction right.",2
52366,551,A sentence that explicitly states that an individual may request correction of inaccurate data directly describes the right to correct information.,27
52367,1926,A sentence that instructs users on specific actions to take to exercise their privacy rights is classified as describing methods to exercise rights.,11
52368,1895,A sentence that explicitly identifies a data subject's ability to request rectification of their information serves as a description of the right to correct data.,6
52368,3665,Descriptions of correction rights typically explain the condition under which the right applies—such as when information is inaccurate or incomplete—thereby clarifying the circumstances for exercising the right.,3
52379,959,"A sentence that explicitly denies selling or sharing personal data for monetary or other valuable consideration directly addresses the question of which categories of personal information are sold, so it is labeled as information about categories sold even when the denial presents an absence for a specific context.",4
52400,1290,A sentence that explicitly names a specific data privacy right and explains who holds that right is classified as a description of that right.,22
52400,4290,Including a heading or label that matches the exact name of the right indicates that the surrounding text is meant to describe that right.,2
52400,5535,Sentences that describe an alternative mechanism for consumers to exercise a privacy right are categorized under the provision of that right.,2
52434,20,"A classification as 'Categories of Personal Information Collected' applies when a sentence provides a descriptive inventory of data characteristics rather than stating a purpose, source, or method of collection.",2
52443,7502,"When a privacy disclosure itemizes recipient types without detailing specific data fields, it functions to identify the broad classes of parties receiving personal information, which aligns with a category describing shared or disclosed data.",2
52443,797,A sentence that enumerates distinct types of external parties or circumstances under which personal data is transferred is classified as describing categories of sharing or disclosure.,9
52500,1106,A sentence that describes the use of tracking technologies that gather data about a user's online behavior and preferences is classified as detailing the categories of personal information collected.,7
52553,3938,"If the right described concerns learning which categories of personal data were shared with outside parties and who those parties are, it directly corresponds to a right to know about disclosure or sharing of personal information.",3
52553,8415,"When a statement describes the consumer's entitlement to learn about disclosures made to third parties, even if framed for direct marketing, it falls under the broader right-to-know category regarding the sale or sharing of personal information.",3
52553,958,"When a sentence frames the disclosure as a consumer's entitlement to request information about collected personal data, it directly corresponds to a 'right to know' privacy right.",10
52559,1971,A sentence that explicitly names a data subject right and then elaborates on its scope by describing what the individual may request is classified as a description of that right.,7
52559,3665,Descriptions of correction rights typically explain the condition under which the right applies—such as when information is inaccurate or incomplete—thereby clarifying the circumstances for exercising the right.,3
52560,137,A sentence that states a condition under which a right applies and explicitly names that right is a direct description of the right.,3
52560,1504,"A sentence that reads as a declarative statement of a consumer entitlement, rather than a procedural detail or definition, is best categorized as a description of the corresponding privacy right.",2
52560,3196,"A statement that explicitly defines the permitted scope of processing personal or sensitive information (e.g., solely to fulfill a requested service or good) functions as a description of a right to limit that use.",2
52560,3830,"When a sentence specifies the type of data (e.g., sensitive personal information) and the permitted purpose, it characterizes a right to limit use.",3
52560,767,"A sentence containing phrasing such as 'you have the right to request that we limit the use of' directly signals a restriction or limitation on how personal information is processed, which maps to a right-to-limit-use description.",2
52571,931,A sentence instructing users to periodically check a source for policy modifications is categorized as part of an updated policy notice because it directs attention to prospective revisions.,3
52572,1432,"A sentence that enumerates specific contact channels (e.g., a website URL and a telephone number) for exercising privacy rights is classified as a method for exercising those rights.",7
52572,1926,A sentence that instructs users on specific actions to take to exercise their privacy rights is classified as describing methods to exercise rights.,11
52597,1559,"A sentence that explicitly lists distinct types of recipients (such as service providers, affiliates, and business partners) and states that personal information may be shared with them is classifying the categories of information disclosure.",7
52607,1113,A sentence that explicitly states the entity may sell or disclose collected information directly addresses the consumer's right to know about the sale or sharing of personal information.,6
52607,1586,"When a sentence enumerates the particular elements a consumer may request—such as categories of data collected, sources of collection, and business purposes—it is specifying the scope of a right-to-know disclosure, marking it as a description of the right to know collected personal information.",10
52609,1432,"A sentence that enumerates specific contact channels (e.g., a website URL and a telephone number) for exercising privacy rights is classified as a method for exercising those rights.",7
52609,1843,"A sentence that instructs the reader to take a specific action, such as submitting a request through a provided website or email address, is categorized as describing the methods available for exercising privacy rights.",4
52628,1173,"A sentence that enumerates the types of data collected (e.g., activity, preferences, inferred attributes) is categorized as disclosing the categories of personal information involved.",12
52628,1354,A sentence that describes how data supplied by an individual through an activity is gathered and incorporated into a profile identifies that data as a category of personal information being collected.,4
52644,1627,A statement that says the user can ask for a copy of the data the organization holds on them is a characteristic description of the right to know what personal information is collected.,2
52647,1517,"A sentence that enumerates categories of personal information collected, sold, or disclosed, and includes a specific lookback period such as the last 12 months, functions as a description of the consumer right to know about selling and sharing of personal information.",2
52647,2758,Listing both sales to third parties and disclosures for business purposes indicates that the text is specifying the scope of information covered under a right-to-know request regarding transfers of personal information.,3
52647,6066,"Statutory language mirroring the disclosure requirements of a right-to-know law—such as naming types of personal information, collection sources, business purposes, and sharing recipients—indicates the sentence is describing what the right entails.",2
52648,1561,"A sentence that enumerates the categories of personal data a data subject may request (source, purposes, recipients, retention) describes the scope of the 'right to know/access' obligation.",4
52648,274,"A description that lists categories, business purposes, and sources of personal data is characteristic of transparency-oriented disclosures that define a right-to-know right.",4
52648,6544,"The presence of a detailed, itemized list of data elements to be shared with the requester indicates the sentence's function is to describe the right to know specific collected personal information.",2
52650,236,A sentence that articulates a statutory or regulatory right for individuals to obtain details about the disclosure of their personal information to third parties constitutes a description of a right to know about such sharing or selling.,21
52650,428,"The label 'Description of Right to Know PI sold / shared' applies to sentences that articulate the circumstances under which personal information is collected and used, including the legal justifications that permit such sharing.",11
52681,1286,A sentence that defines a data-collection mechanism and explains how it captures or stores user-specific information serves to inform individuals about the types of personal data that are collected.,2
52704,2062,A sentence that explicitly states it explains data collection practices and user consent is a description of the right to know what personal information is collected.,3
52713,1201,"A sentence that clarifies the conditions under which data is shared, such as satisfying law or protecting rights, defines the scope of sharing and therefore constitutes a disclosure category.",2
52713,418,"Labeling as 'Categories of Personal Information Shared / Disclosed' applies when the sentence explicitly outlines the situations triggering data sharing, rather than merely describing the data itself.",3
52713,5223,Privacy policies often treat disclosures made to comply with law or legal process as a distinct category of how personal information is shared.,2
52713,737,A sentence that enumerates specific circumstances or purposes under which personal data is shared with third parties directly supports labeling it as a category of information shared or disclosed.,9
52721,1868,A sentence that explicitly states that certain categories of personal information have been disclosed for business purposes directly matches a label denoting categories of personal information shared or disclosed.,5
52735,1318,A sentence that describes a concrete action or tool a user can employ to control or limit data collection is classified as a method for exercising rights.,5
52735,2005,A sentence that instructs the reader on how to request an opt-out from additional data-use purposes is categorized as a method for exercising their privacy rights.,3
52735,2558,A sentence that offers alternative platforms or specific instructions for making privacy choices is treated as a method for users to exercise their rights.,2
52737,1900,"A sentence that explicitly states the user holds a right to take a specific action—such as opting out of a data practice—functions as a direct description of that right, regardless of surrounding clauses.",2
52737,2764,"When a sentence functions as a section heading and is immediately followed by content elaborating the mechanics of that right, it is typically labeled as the description of that right.",6
52737,4815,"The presence of the phrase 'You have the right to' signals that the sentence is formally articulating a legal entitlement, which is characteristic of a rights description.",9
52746,2096,"A sentence that explicitly states a policy of not treating consumers adversely for exercising their legal rights directly describes the right to non-discrimination, as the core of that right is a guarantee of equal treatment.",2
52747,207,"A description of a non-discrimination right typically clarifies that the protection extends to all aspects of service delivery, including pricing, quality, and benefits, to prevent any form of differential treatment.",2
52749,165,"A sentence that explicitly describes how users will be informed of revisions to a policy indicates the policy is subject to change, which supports the 'Updated Privacy Policy' label.",26
52749,4656,"Language indicating that revisions will happen periodically, without a fixed date, emphasizes that the policy is dynamic and will be republished, which strongly aligns with an announcement of policy updates.",2
52770,4156,"When a privacy disclosure introduces a roster of entities or activities immediately following a declaration about selling personal data, the categories appearing in that roster are read as the categories of information involved in that sale.",3
52822,1354,A sentence that describes how data supplied by an individual through an activity is gathered and incorporated into a profile identifies that data as a category of personal information being collected.,4
52822,3183,A statement that enumerates the specific types of data gathered through tracking technologies and the purposes for which that data is used indicates that the text is disclosing the categories of personal information collected.,2
52831,5205,"Privacy notices commonly segment user rights into distinct categories, so a statement that names the 'Right to Know' and lists the data-use activities covered is a direct articulation of that specific right.",3
52831,6251,The inclusion of both 'sold' and 'shared' in the context of what can be disclosed indicates that the text is specifying the right to know about the sale and sharing of personal information.,2
52831,695,"A sentence that frames a consumer's entitlement to request disclosure of enumerated data-handling practices, such as categories collected, sources, purposes, and sharing, constitutes a description of a right-to-know provision.",6
52832,1290,A sentence that explicitly names a specific data privacy right and explains who holds that right is classified as a description of that right.,22
52832,6476,"When a sentence frames an action as a user-initiated request ('you can request') for personal information already collected, it signals a description of a privacy right rather than a statement of operational practice.",3
52832,871,"A sentence that explicitly names a right (e.g., 'Right to Delete') and states that the user may request a specific action (deletion) is a direct description of that right.",5
52833,2705,A sentence that translates a legal right into the specific action it permits the data subject to take is recognized as a description of that right.,2
52837,1169,"Mention of specific categories like 'Sensitive Personal Information' in connection with limiting further processing ties the sentence to the corresponding privacy right, signaling that it describes the right to restrict use of that data.",8
52837,1887,A sentence that explicitly grants the data subject a right to object to or restrict the processing of their personal information is describing a limitation on the use of that information.,4
52837,6571,"When a sentence contains a heading naming the right immediately followed by a body asserting who holds that right, it signals that the content defines or describes the right.",2
52838,3448,"In privacy documentation, defining ambiguous terms like 'sensitive personal information' reduces uncertainty and thereby supports the clarity of user rights.",3
5285,2001,A statement that explicitly names a particular right and frames it as a prohibition against negative treatment arising from the exercise of other listed rights is characteristically a description of that anti-discrimination right.,4
5285,206,"A description of a non-discrimination right typically appears as a standalone guarantee that protects against unequal treatment for invoking other rights, mirroring the structure of the underlying statutory provision.",3
5285,6300,"The inclusion of a qualifier such as 'subject to certain limitations' signals that the sentence is framing the right as a legal entitlement with defined boundaries, which is characteristic of a descriptive statement of the right.",2
52857,1150,A sentence that explicitly names a consumer privacy right in its heading and then elaborates on what that right allows the consumer to do is classified as a description of that right.,41
52857,1627,A statement that says the user can ask for a copy of the data the organization holds on them is a characteristic description of the right to know what personal information is collected.,2
52857,6644,"The presence of a requested access to information, rather than a mention of sharing, deletion, or correction, aligns the sentence specifically with the 'right to know' category rather than other privacy rights.",2
52872,644,"A privacy-policy sentence that enumerates the various channels or circumstances through which an organization obtains user data (e.g., direct contact, transactions, usage, public posts) serves as a disclosure of the categories of personal information collected, so it receives that label.",4
52880,1849,"A sentence that explicitly enumerates a consumer's right to request information about the collection, use, disclosure, or sale of their personal data is classified as a description of the right to know about such data practices.",5
52880,6257,"The presence of terms like 'direct marketing purposes' and 'third parties' clarifies that the disclosure right pertains specifically to the sale or sharing of personal information, aligning with a description of the right to know.",4
52880,819,"When a sentence explicitly states a right to access or request information about how personal data is shared with third parties, it constitutes a description of the right to know about personal information sold or shared.",4
52900,1898,A sentence that explicitly grants a user a right to halt data processing and specifies the conditions under which processing will cease is categorized under a description of an opt-out right.,2
52900,2317,A sentence that informs users of a specific mechanism (such as an opt-out or unsubscribe link) to stop receiving communications describes a right to limit the use of their personal data.,3
52900,252,"If the communication channel from which the user can unsubscribe is one through which the organization could include advertiser or partner messages, then the unsubscribe action effectively stops the flow of personal information to those parties, making the sentence a valid description of a sale opt-out right.",2
52900,902,"A sentence framed as an instruction for exercising a privacy right over personal data is categorized by the specific right it names, so an explicit 'opt out' instruction maps to the opt-out-of-sale descriptor.",2
52922,1256,A sentence that explicitly promises not to discriminate against consumers for exercising their privacy rights directly states and thereby describes the right to non-discrimination.,21
52922,206,"A description of a non-discrimination right typically appears as a standalone guarantee that protects against unequal treatment for invoking other rights, mirroring the structure of the underlying statutory provision.",3
52923,355,"The presence of a revision timestamp in the header of a policy document implies that the content has been modified or superseded, thereby marking it as an updated version.",3
52923,5868,"Statements describing a visible marker, such as a modification date, that reflects the current version of the policy are characteristic of update-related disclosures.",2
52953,1110,"A sentence that articulates a consumer's ability to request deletion of their personal information, while noting exceptions based on legal retention obligations, expresses a data privacy right rather than a mere policy statement.",2
52953,3313,"A statement that qualifies when a deletion right applies by acknowledging legal constraints informs the data subject about potential restrictions, which is a key component of describing that right.",3
52953,3686,"When a stated deletion right is qualified by a list of allowable retention purposes, sentences detailing those purposes function to clarify the scope of that right.",3
52954,1109,A sentence that states a right has limitations or exceptions is still a description of that right because it qualifies the scope of the right.,11
52954,5929,Statements that specify what a data subject cannot request or what a controller is not obligated to do are part of explaining the right to delete.,2
53059,2195,"Sentences that frame the right in terms of user-initiated requests, rather than company obligations or exceptions, are classified as descriptions of the right itself.",2
53059,259,A sentence that explicitly states a user may request deletion of their personal data is classified as a description of the right to delete.,31
53059,4346,"Mentioning the scope of data covered (collected and retained) and any applicable exceptions clarifies the boundaries of the right, which is characteristic of a rights description.",3
53059,5139,The presence of the phrase 'right to request' signals that the text is articulating a legal or policy-based user entitlement rather than a procedural step.,6
53062,2092,"A sentence that explicitly states a user's ability to refuse a specific data practice, such as selling personal information, directly constitutes a description of the right to opt out of that practice.",4
53062,4638,"Language indicating that an opt-out can be exercised 'at any time' emphasizes the ongoing nature of the right, which is a core element of its description.",3
53062,4850,Matching the exact terminology used in the label—such as 'opt-out' and 'sale of your personal information'—indicates that the sentence uniquely identifies and describes the referenced right.,2
53065,168,A sentence that explicitly states a commitment to not discriminate on the basis of exercising legal rights directly describes the right to non-discrimination.,4
53065,1811,A sentence that explicitly states a prohibition against discrimination for exercising legal rights directly describes the right to non-discrimination.,23
5309,1621,A sentence that explicitly lists the types of recipients to which personal data may be transferred or made available is classified under categories of information shared or disclosed.,4
53096,3670,Descriptions of the right to opt out of the sale or sharing of personal information often include instructions about how to access additional information about the companies involved.,3
53107,1804,A sentence that states a consumer's entitlement to instruct a business to restrict processing of a specific data category directly constitutes a description of the right to limit the use of that personal information.,15
53107,2507,"A sentence that names a specific consumer right using the phrase 'Right to Request' and explicitly identifies the object of that right functions as a direct statement of what that right entails, meriting a description label.",2
53107,8431,"When a statement specifies the permissible purpose for data use (e.g., performing services or providing goods) as a condition, it is characterizing the scope of a limitation right rather than merely stating a data practice.",2
53110,2104,"A sentence that explicitly states a user's entitlement to request deletion of personal information is describing the right itself, rather than the process of fulfilling it.",2
53110,4346,"Mentioning the scope of data covered (collected and retained) and any applicable exceptions clarifies the boundaries of the right, which is characteristic of a rights description.",3
53134,1506,A sentence that explains what information a business will disclose in response to a consumer rights request is typically categorized as a description of that right.,6
53134,3537,Content that outlines the specific details a consumer may request regarding their personal information directly reflects the scope of the right to know what data has been collected about them.,2
53135,4951,Mentioning separate lists for sales and business-purpose disclosures indicates the content and structure of information a consumer can access under a right-to-know provision.,2
53135,572,A statement detailing how a business must enumerate categories of personal information sold or disclosed to distinct recipient categories falls under the right to know about sales and disclosures.,2
53136,1157,A sentence that begins with 'The right to' followed by an action verb and an object typically functions as a direct statement of a specific consumer or data subject entitlement.,4
53136,1169,"Mention of specific categories like 'Sensitive Personal Information' in connection with limiting further processing ties the sentence to the corresponding privacy right, signaling that it describes the right to restrict use of that data.",8
53137,1146,Sentences phrased as entitlements using second-person language ('you have the right') are generally categorized as descriptions of the corresponding rights.,3
53137,7956,"When a sentence focuses on limiting the processing of a targeted data type, it directly serves as a description of a right to constrain the use of that personal information.",2
53188,184,A definitional sentence that explains the meaning of a right in terms of a prohibition of adverse treatment is a clear description of that right.,2
53188,5374,"Referencing a specific legal statute (e.g., the CCPA) in a policy statement signals that the sentence is articulating a statutory right rather than a general courtesy.",2
53190,1783,A sentence that explicitly addresses whether personal information is sold for monetary compensation directly pertains to the disclosure category of personal information sale.,2
53190,433,"The label 'Categories of Personal Information Sold' applies to sentences that enumerate distinct types of personal data a business may handle, regardless of whether the sentence explicitly mentions selling, because the label classifies the data type itself.",12
53197,1800,"A sentence that explicitly states the policy may be modified and describes the mechanism for posting revised terms is classified as an update notice, because it directly addresses alterations to the document.",5
53197,365,"The presence of a heading or phrase such as 'CHANGES TO THE PRIVACY POLICY' directly indicates that the content addresses modifications, aligning with the label.",7
53197,4560,"The presence of forward-looking language about periodic modifications, combined with a reference to the document's own change history, strengthens classification as a policy-update clause rather than a substantive policy definition.",2
53233,769,"A sentence that describes the technical characteristics of a data collection mechanism, such as how long its tracking elements persist, is classified under the categories of personal information collected because it specifies the nature and scope of the data being gathered.",2
53235,116,A statement that explicitly names a data protection right and explains what it permits the individual to do constitutes a description of that right.,5
53235,247,"A description of a right typically employs the infinitive verb form (e.g., 'to correct') to articulate the permitted action, making the sentence an explanatory statement of entitlement.",3
5324,501,A sentence that explicitly states that personal information is shared with third parties and specifies the recipient's purpose directly communicates the categories of information being disclosed or shared.,8
5324,934,"A sentence introduced by a phrase indicating the scope of shared data (e.g., 'Personal Information we share') functions as a declarative disclosure, meriting a label about categories of shared information.",2
53249,1852,"The classification of a sentence as describing the right to correct is based on whether the associated text indicates that users can amend their data, not on the presence of the explicit word 'correct' in the sentence itself.",2
53249,5238,"The label 'Description of Right to Correct Information' applies when the sentence uses language indicating an entitlement to request correction of personal data, even if the term appears in a list rather than as the sole focus.",4
53252,653,"Privacy policy sections intended to inform consumers about data-selling practices encompass both affirmative claims and explicit denials, since either form of statement directly responds to the legal inquiry about categories of personal information sold.",3
53269,1434,A sentence that names a specific right and is immediately followed by an explanation of that right functions as a description of the right.,4
53269,1971,A sentence that explicitly names a data subject right and then elaborates on its scope by describing what the individual may request is classified as a description of that right.,7
53269,1976,A sentence that explicitly names a legal right and uses a colon to introduce a detailed explanation of that right's scope is typically labeled as a description of that right.,2
53277,4714,"Language that prohibits adverse treatment conditioned on the exercise of legal rights serves to guarantee equal treatment, thereby defining a non-discrimination provision.",2
53277,80,A clause that frames the protection as conditional on the consumer's exercise of rights signals that the core subject is the right to non-discrimination.,2
53284,208,"A description of a non-discrimination right typically contrasts the act of exercising rights with potential differential treatment, clarifying that differential treatment is only permitted under narrowly defined conditions.",4
53284,407,A label such as 'Description of Right to Non-discrimination on exercising rights' is appropriate when the sentence articulates a guarantee against adverse treatment tied to the activation of other rights.,3
53284,5338,"The reference to 'these rights' anchors the sentence to a previously enumerated set of entitlements, indicating the sentence describes a right that applies to those specific activities.",2
5329,1562,"A sentence that enumerates specific types of personal data (e.g., identifiers, network activity, geolocation) in the context of an information-sharing disclosure is classified as stating categories of personal information shared or disclosed.",5
5329,4046,"If a sentence appears within a privacy notice section dedicated to disclosing what information is shared, then any enumeration of data types should be interpreted as specifying the categories of personal information that fall under that sharing practice.",2
53389,1169,"Mention of specific categories like 'Sensitive Personal Information' in connection with limiting further processing ties the sentence to the corresponding privacy right, signaling that it describes the right to restrict use of that data.",8
53389,1830,"A sentence that explicitly names a consumer control over sensitive personal information, such as limiting its processing, is classified as describing the right to limit use of personal information.",4
53391,242,"A description of a right to limit use typically clarifies that the information will not be used beyond the purpose for which it was provided, emphasizing user control over their data.",3
53391,3196,"A statement that explicitly defines the permitted scope of processing personal or sensitive information (e.g., solely to fulfill a requested service or good) functions as a description of a right to limit that use.",2
53391,426,A sentence that explicitly states a user can request to limit or restrict the use or disclosure of their personal information is classified as a description of a right to limit use.,9
53402,473,"A sentence that specifies an explicit effective date is commonly used to signal that a policy has been updated, as the date marks the start of the new terms.",15
53402,873,A sentence that explicitly states a policy will be revised and a new version will be made available indicates that the policy is subject to updates.,10
53403,165,"A sentence that explicitly describes how users will be informed of revisions to a policy indicates the policy is subject to change, which supports the 'Updated Privacy Policy' label.",26
53403,2838,"A sentence that states a company may periodically change its privacy policies in response to new or evolving products and services indicates that the surrounding text concerns policy modifications, making it consistent with an 'Updated Privacy Policy' label.",3
5342,2111,A sentence that explicitly states that a document may be revised over time signals ongoing policy maintenance and is characteristic of an updated privacy policy.,3
53435,1125,A sentence that explicitly states a business purpose for which personal information is used supports the disclosure of the categories and purposes required by a consumer's right to know about collected personal information.,5
53435,1471,"A sentence that discloses the specific business purposes or data-handling contexts in which personal information is involved falls under the category of describing the Right to Know PI sold or shared, because it informs the data subject about analytical uses of their information.",2
53435,301,Privacy disclosures that pair specific data categories with the purposes behind their sale or disclosure are typically drafted to satisfy regulatory transparency requirements about consumer information-sharing practices.,3
53435,4780,"Language that lists data categories alongside their use for selling or sharing aligns with the legal requirement to inform consumers about what information is collected, sold, or disclosed and why, which is the essence of a 'right to know' description.",2
53435,6474,"The use of phrases like 'sold or disclosed' and 'business or commercial purpose' directly mirrors statutory language that obligates businesses to disclose these particulars when describing a consumer's right to know, making the label a natural fit.",2
53442,1443,A sentence that grants individuals the ability to request corrections to their stored data is categorized as a description of a right to correct information.,9
53442,3247,Statements that frame an ability or obligation to amend data when it fails to reflect current truth are categorized as descriptions of the right to correction.,3
53446,1724,"A sentence that explains the procedure a consumer must follow to exercise a data subject right, such as submitting supporting documentation, constitutes a description of that right.",2
53448,1637,"A sentence that enumerates the procedural steps the service will take upon receiving a verified deletion request, such as removing the data within a legally mandated timeframe, constitutes a description of the right to delete rather than merely a promise to honor it.",2
53453,8099,"When a sentence lays out detailed circumstances or triggers under which a data subject may suspend or constrain how their personal information is handled, it functions as an explanation of a limitation right rather than a statement of other privacy protections.",2
53463,2099,"A sentence that explicitly states a user can ""review and update"" their personal information directly conveys a right to correct that information.",4
53477,5183,"When an incentive program is described alongside a non-discrimination policy, a clause restricting points to on-site use helps show that the benefit is offered uniformly to all users, irrespective of whether they exercise their privacy rights.",2
53493,5597,Sentences that enumerate the specific third-party sources or channels through which an organization obtains personal data are typically categorized under the types of information collected.,2
53499,821,"A sentence describing the transfer of personal information to a successor entity during a merger, acquisition, or sale of assets is classified under categories of personal information sold because such corporate transactions are treated as a commercial transfer or disclosure of personal data.",11
53531,1947,Wording that directly references the sharing or disclosure of personal information aligns with categories that describe the sale or transfer of such data.,3
53531,5220,"Privacy policies often express the right to know through section headings that explicitly mention disclosure and sale categories, so a heading following that pattern maps to this label.",2
53620,1600,"A sentence that identifies the specific technical mechanisms or tracking technologies used to gather data, such as cookies, beacons, or scripts, directly describes the manner in which personal information is obtained, thereby placing it under the section enumerating categories of collected personal information.",3
53620,257,"A disclosure that discusses the technological methods used to gather user data within a privacy policy is generally categorized as describing the categories of personal information collected, because it informs users what data is being taken and by what means.",3
53620,4021,"Identifying tracking tools as sources of a specific data type helps define the boundaries of collected information categories, even when that information is non-personal.",2
53629,737,A sentence that enumerates specific circumstances or purposes under which personal data is shared with third parties directly supports labeling it as a category of information shared or disclosed.,9
53644,2581,"A sentence that outlines permissible sharing practices, even for non-personal or anonymized data, is relevant to the disclosure category because it defines which data types are included in the sharing arrangement.",2
53644,813,"A sentence that explicitly states the organization discloses or shares information to external parties, even when the data is anonymous or aggregated, directly describes a category of information sharing or disclosure.",3
53644,8440,"When a statement describes the potential recipients of data (e.g., third parties) and the nature of the data involved, it directly addresses the scope of information sharing, which aligns with labeling categories of personal information shared or disclosed.",5
53708,1511,A sentence that identifies a third-party recipient and then enumerates the types of user data that may be provided to that recipient is describing categories of personal information that are shared or disclosed.,11
53735,1514,"A sentence that enumerates categories of activities tied to processing personal information for operational or commercial reasons, without focusing on consumer rights or security measures, is properly labeled as a description of the Right to Know PI sold or shared.",2
53735,236,A sentence that articulates a statutory or regulatory right for individuals to obtain details about the disclosure of their personal information to third parties constitutes a description of a right to know about such sharing or selling.,21
53740,1436,A sentence that explicitly affirms the user's ability to make a choice regarding the sale of their personal information is a description of the right to opt out.,24
53742,1044,A sentence stating that a consumer 'may request that a business stop selling' personal information unambiguously conveys the right to opt out of the sale of personal information.,4
53742,791,"In legal frameworks that treat targeted advertising as a form of selling or sharing personal information for behavioral advertising, any description of a right to opt out of that processing is categorized under the right to opt out of the sale of personal information.",3
53742,8016,"When a sentence identifies both the action (opt-out) and the object (sale of personal information to third parties), it provides the specific scope needed to assign a label that names that precise right.",2
53785,760,A sentence that explicitly states a revision date for a policy document serves as a marker indicating that the policy has been updated.,16
53801,1157,A sentence that begins with 'The right to' followed by an action verb and an object typically functions as a direct statement of a specific consumer or data subject entitlement.,4
53802,449,A label that names a specific consumer right and identifies the action (opt-out) and the data practice (sale/sharing) is a direct description of that right.,2
53805,1150,A sentence that explicitly names a consumer privacy right in its heading and then elaborates on what that right allows the consumer to do is classified as a description of that right.,41
53805,1919,A sentence that explicitly states a data practice conforming to a specific consumer privacy right under a named law directly describes that right.,3
53805,6307,"The inclusion of a specific look-back period, such as 'over the past 12 months,' signals that the sentence is characterizing a statutory right to know about collected data.",2
53805,6805,"The presence of legally recognized terminology from privacy statutes (e.g., categories of sale, disclosure for business purposes, cross-context behavioral advertising) signals that the sentence is articulating a procedural disclosure right rather than a policy statement or a mere acknowledgment.",2
53805,7859,"When a sentence enumerates the categories of personal information and the conditions under which sale or disclosure occurred, it directly fulfills the function of describing the right to know about sold or shared personal information.",2
53806,1512,A sentence that enumerates the specific disclosures a consumer may request—such as business purposes for collection or sale and categories of third parties receiving data—functions as a description of the right to know about those sales or shares.,4
53806,7279,"When a disclosure text pairs the business purpose behind collecting or sharing personal information with the categories of recipients, it signals that the sentence is informing consumers of what they can learn about how their data is sold or shared.",2
53808,1643,A sentence that specifies the categories of personal information that would be listed if sold or disclosed qualifies as describing the scope of the right to know about such transfers.,2
53808,1673,A sentence that explains a consumer's right to request details about the sale or disclosure of their personal information in the past 12 months falls under a description of the 'right to know' pertaining to sold or shared data.,2
53808,236,A sentence that articulates a statutory or regulatory right for individuals to obtain details about the disclosure of their personal information to third parties constitutes a description of a right to know about such sharing or selling.,21
53808,6428,"The label is warranted when the sentence also explains the outcome when no applicable sales or disclosures occurred, stating that this fact will be disclosed upon request.",2
53810,1119,"When a sentence introduces or names a user entitlement to learn about collected personal information, it is appropriately labeled as a description of the right to know about collected personal data.",8
53810,6005,"Stating why the information was collected alongside with whom it was shared clarifies the nature of data transfers, a core element of a right-to-know disclosure for sold or shared personal information.",3
53810,6691,"The presence of both 'categories' and 'specific pieces' of personal information signals a comprehensive description of the data-access right, not merely a summary of one aspect.",2
53813,3519,Content that explains how an individual may request details about the transfer of personal data to another party for that party's marketing use is functionally describing the consumer's right to know whether and how their personal information has been sold or shared.,2
53813,4069,"If a sentence frames the ability to ask about third-party marketing disclosures as a legal grant to certain residents, it is labeling that provision as a description of a right to know about the sale or sharing of personal information.",2
53813,428,"The label 'Description of Right to Know PI sold / shared' applies to sentences that articulate the circumstances under which personal information is collected and used, including the legal justifications that permit such sharing.",11
53867,946,"A sentence is labeled as a description of a correction right when it explicitly names the right and then explains its purpose, namely fixing inaccurate personal data.",2
53871,1887,A sentence that explicitly grants the data subject a right to object to or restrict the processing of their personal information is describing a limitation on the use of that information.,4
53871,3830,"When a sentence specifies the type of data (e.g., sensitive personal information) and the permitted purpose, it characterizes a right to limit use.",3
53871,901,A sentence framed as an entitlement that empowers a data subject to impose constraints on how businesses handle and share their sensitive data functions as a description of the limit-use right.,2
5388,1401,"A sentence that describes using cookies to tailor or personalize a website indicates that user-specific behavioral or preference data is being collected, which constitutes a category of personal information.",2
53966,6846,"The use of a direct possessive phrase like 'Your Personal Information' indicates that the text is centered on the data subject's own data, which is a core feature of notices that describe a 'right to know' under privacy frameworks.",3
53969,1675,A sentence that explicitly grants a consumer the right to request disclosures from a business about its handling of personal information is correctly labeled as describing a 'Right to Know' provision.,6
53969,236,A sentence that articulates a statutory or regulatory right for individuals to obtain details about the disclosure of their personal information to third parties constitutes a description of a right to know about such sharing or selling.,21
54024,2346,Sentences that frame a disclosure of selling data as being subject to a user's ability to refuse or stop those sales are indicative of a description of the opt-out right.,3
54026,1318,A sentence that describes a concrete action or tool a user can employ to control or limit data collection is classified as a method for exercising rights.,5
54030,1847,A sentence that explicitly employs the verbs 'correct' or 'rectify' with reference to personal data characteristically describes the data subject's right to have inaccurate information amended.,10
54066,4392,"In policy documents, section headings that identify with whom information is shared are used to enumerate categories of information sharing or disclosure, making the heading itself a member of that labeled category.",2
54110,2558,A sentence that offers alternative platforms or specific instructions for making privacy choices is treated as a method for users to exercise their rights.,2
54110,6779,The presence of imperative verbs and step-by-step directives for user-initiated data control indicates the sentence describes methods to exercise rights.,2
54110,7845,"When a sentence enumerates multiple concrete ways a user can request access, modification, or deletion of their data, it falls under the category of methods to exercise rights.",2
54138,3057,"Statements about third-party analytics providers receiving data about users denote an actual transfer of personal information to an outside party, which is the essence of a disclosure.",5
54138,3804,"Disclosures about cookie use serve to inform users which categories of personal information are or are not gathered, thereby addressing the category of personal information collected.",3
54138,404,"A label concerning categories of personal information shared or disclosed applies when the text explains how user data flows to external entities, even if specific data types are not enumerated.",3
54138,6530,The presence of a data category label together with entities like marketing partners and purposes like analytics indicates that the statement enumerates which personal information types are transferred to third parties for business purposes.,2
54162,1451,A sentence that directs the reader to external organizations or mechanisms for exercising control over data practices is classified as describing an opt-out right.,2
54192,1327,A sentence that provides a specific action or instruction for how an individual can exercise a data privacy right is classified as a method for exercising that right.,9
54197,324,"A disclosure that lists specific categories of personal information alongside categories of recipients, within a stated lookback period (e.g., the preceding 12 months), signals the document is declaring the actual categories of data sold.",2
54201,7254,"When a disclosure enumerates categories of personal information sold, statements explaining the business rationale for that sharing—such as determining partner compensation or strategic planning—are deemed part of the same disclosure category.",2
54206,1423,A sentence that details verification steps or identity confirmation procedures required before a request is processed pertains to the operational methods for exercising one's rights.,2
5422,4923,"Mentioning disclosures for legal compliance, harm prevention, or fraud investigation describes purposes that trigger data transfers, which is characteristic of a shared/disclosed information category.",2
5422,797,A sentence that enumerates distinct types of external parties or circumstances under which personal data is transferred is classified as describing categories of sharing or disclosure.,9
54228,1635,A sentence that enumerates the parties to whom personal information is transferred for monetary or other valuable consideration directly identifies the disclosure activity of selling the data.,4
54228,936,A sentence introducing the recipient of personal information in a privacy disclosure where prior context declares the information was 'sold' in the preceding 12 months is annotated as describing the categories of personal information sold.,2
54288,3626,"Describing the conditions under which a right can be exercised, including explicitly stating what is not necessary, falls under the category of methods to exercise rights.",2
54289,1831,A sentence that instructs individuals on how to initiate a request or action to enforce a stated privacy right (such as opting out or limiting data processing) is classified as describing methods to exercise those rights.,4
54289,7905,"When a sentence explains the action a user must take—rather than defining the right, its scope, or its legal basis—it belongs to the category of methods for exercising rights.",2
54301,1173,"A sentence that enumerates the types of data collected (e.g., activity, preferences, inferred attributes) is categorized as disclosing the categories of personal information involved.",12
54319,1789,A sentence that explicitly states a consumer's ability to prohibit the sale of their personal information directly expresses the right to opt out of such sale.,11
54319,2930,"When a sentence includes the term 'Opt-Out' alongside references to 'Sale' and/or 'Sharing', it clearly signals the privacy right to prevent the sale or sharing of personal information, matching the defined label.",4
54319,6282,"The inclusion of a legal qualifier (such as 'under applicable law') in a sentence about a right indicates that the sentence is explaining when and how the right is supported, which is a descriptive function.",2
54339,1662,"A sentence that enumerates the various origins from which a company gathers user data—whether directly from the user, via tracking technologies, or from external sources—falls under the category describing what types of personal information are collected.",2
54339,7699,"When a sentence explicitly enumerates the different channels through which a data collector obtains personal information, it functions as a statement of the types of personal information that fall within its collection scope.",2
54361,6083,"Such a sentence commonly delineates the scope of the right by referring to personal information that an organization maintains about the individual, thereby specifying what data is subject to correction.",2
54361,962,A sentence that explicitly states an individual's entitlement to have inaccurate personal data amended or rectified is categorized as a description of the right to correct information.,15
54464,1521,"A sentence that enumerates the categories of third parties receiving personal information for a business purpose directly addresses the consumer's right to know about the sharing of personal information, as it specifies the recipients of data transfers.",15
54464,4842,Listing specific disclosure targets (like third parties) in the context of a 'Right to Know' provision signals that the statement is describing the scope of information about data sharing that the consumer can request.,2
54471,1794,"A sentence that explicitly provides a revision date signals that the document has been formally updated, as the date marks the version's effective release point.",5
54471,3795,"When a document discusses amendment procedures and references updating the 'last updated' date, the sentence bearing that date is recognized as part of the updated policy notice.",4
54471,4866,Mentioning an update date serves as a formal marker that the policy is current and has been changed as of that time.,2
54501,1641,A sentence that enumerates the specific categories and sources of personal information to be disclosed upon a verified request serves as a procedural description of a data-subject right.,2
54502,2604,"A sentence that pairs a legal compliance reference (e.g., CCPA) with an action taken for consumer requests is characterizing how the covered right is operationalized, making it a statement about that right.",2
54502,3260,Privacy statements that empower data subjects to request disclosure of their collected information serve to operationalize the statutory right to be informed about personal data processing.,3
54520,1789,A sentence that explicitly states a consumer's ability to prohibit the sale of their personal information directly expresses the right to opt out of such sale.,11
54551,1545,A sentence that enumerates grounds for retaining or using data after a deletion request is an integral part of explaining the right to delete because it clarifies when the right does not apply.,2
54551,197,A disclosure of a consumer privacy right typically includes both the affirmative right and any legal exceptions or conditions that narrow its application.,3
54557,1283,A sentence that declares a consumer's entitlement to be free from retaliatory treatment when invoking their statutory privacy rights is properly categorized as a description of the right to non-discrimination.,3
54557,3086,"A statement framed as 'You have the right to...' is a declarative articulation of a legal safeguard, meriting classification as a description of that right.",2
54557,5364,"The presence of a phrase referencing previously stated rights, such as 'rights listed above,' signals that the sentence describes a protective condition attached to the exercise of those rights.",2
54557,6473,The presence of the phrase 'right to not be discriminated against' directly signals that the sentence's central content is the articulation of a non-discrimination right.,3
54573,156,A date that is later than other effective dates previously mentioned in the document indicates this sentence represents a more recent policy update.,2
54573,473,"A sentence that specifies an explicit effective date is commonly used to signal that a policy has been updated, as the date marks the start of the new terms.",15
54573,474,"In privacy policy documents, an effective date near the beginning of a section about modifications is a conventional cue for identifying the updated policy.",6
54573,6757,"When a policy notice includes sequential effective dates, each date is treated as evidence of a distinct policy revision, and the earlier dates correspond to updates that have since been superseded.",2
5461,5262,"Providing an explicit definition of the named recipient category serves to clarify the scope of the disclosure, reinforcing the classification as a sharing/disclosure category.",3
5461,6391,"The label applies when the sentence's function is to enumerate who gets the data, rather than to describe a purpose, legal basis, or internal handling procedure.",2
54627,1943,A sentence that identifies specific technologies or mechanisms used to store or capture user data typically falls under a description of the categories of information collected.,2
54652,1847,A sentence that explicitly employs the verbs 'correct' or 'rectify' with reference to personal data characteristically describes the data subject's right to have inaccurate information amended.,10
54652,1879,"A sentence that explicitly states a user's entitlement or right, using phrases like 'you have the right to request...', is typically classified as a description of that right.",12
54656,1436,A sentence that explicitly affirms the user's ability to make a choice regarding the sale of their personal information is a description of the right to opt out.,24
54656,1742,A sentence that explicitly names a specific opt-out mechanism and states its functional effect on the company's data practices qualifies as describing the right to opt out of the sale of personal information.,3
54656,3161,"A statement that details the practical steps or effects of exercising an opt-out right falls under the category of describing that right, even when it focuses on the resulting technical artifact.",2
54658,212,"A description of an opt-out right often includes caveats about how technical behaviors—like clearing cookies—affect whether the consumer's choice persists, thereby clarifying the right's conditions.",2
54658,214,"Detailing the scope of an opt-out right, including that it applies per browser and website rather than globally across all devices, is characteristic of a full description of that right.",3
54675,1334,A sentence that explicitly states that the organization obtains or processes personal information in a specific context is categorized under the types of data collected when it names the data or its origin.,3
54675,3697,Statements that explicitly identify sources from which personal information is obtained are labeled as categories of personal information collected because they specify the origins of the data acquisition process.,6
5468,4193,"In a disclosure of data-sharing practices, naming the exact types of personal data within a category is a way to inform readers precisely which of their details may be involved.",3
5469,1058,A sentence structured as a recipient label followed by a 'Personal Information we share' list is a standard format for declaring which categories of personal information are sold to that type of entity.,3
5469,1511,A sentence that identifies a third-party recipient and then enumerates the types of user data that may be provided to that recipient is describing categories of personal information that are shared or disclosed.,11
5469,4046,"If a sentence appears within a privacy notice section dedicated to disclosing what information is shared, then any enumeration of data types should be interpreted as specifying the categories of personal information that fall under that sharing practice.",2
5469,433,"The label 'Categories of Personal Information Sold' applies to sentences that enumerate distinct types of personal data a business may handle, regardless of whether the sentence explicitly mentions selling, because the label classifies the data type itself.",12
54703,7300,"When a document contains multiple distinct policy sections and a sentence employs generic terminology like 'updated Notice' rather than a specific named policy, that sentence still expresses the same functional commitment to post changes, which is characteristically labeled as an updated-policy statement.",2
54704,2336,A sentence that instructs readers to periodically check the document itself for changes signals that the policy's content is subject to future revision.,2
54704,73,"A clause that establishes a procedure for future modifications, such as posting an updated version, directly signals an updated-policy statement.",3
54732,1879,"A sentence that explicitly states a user's entitlement or right, using phrases like 'you have the right to request...', is typically classified as a description of that right.",12
54732,551,A sentence that explicitly states that an individual may request correction of inaccurate data directly describes the right to correct information.,27
54732,6083,"Such a sentence commonly delineates the scope of the right by referring to personal information that an organization maintains about the individual, thereby specifying what data is subject to correction.",2
5477,869,A sentence that explicitly names a right to opt out of the sale of personal information is a direct description of that right.,16
54806,1812,A sentence that explicitly assures that exercising a privacy right will not lead to different service quality or pricing is a description of a non-discrimination right.,3
54806,208,"A description of a non-discrimination right typically contrasts the act of exercising rights with potential differential treatment, clarifying that differential treatment is only permitted under narrowly defined conditions.",4
54822,1879,"A sentence that explicitly states a user's entitlement or right, using phrases like 'you have the right to request...', is typically classified as a description of that right.",12
54822,1977,"A sentence that explicitly names a legal right (e.g., to request correction) and ties it to a defined class of individuals qualifies as a description of that right.",2
5487,1847,A sentence that explicitly employs the verbs 'correct' or 'rectify' with reference to personal data characteristically describes the data subject's right to have inaccurate information amended.,10
5487,4988,"Phrasing such as 'personal information we have about you' ties the statement to the data controller's holdings, making it a right exercised against the controller within a privacy framework.",2
54881,3329,"A statement that specifies the purposes for which collected data may be used, such as understanding the customer base or enhancing services, is treated as part of the disclosure of information collection practices.",2
54881,842,"A sentence that introduces or precedes a structured enumeration of distinct data types, through its placement within a larger disclosure, is labeled with categories of personal information collected because it sets the frame for which information is processed.",2
5489,1894,A sentence that grants individuals the ability to restrict or object to how their personal information is processed articulates a data subject's right to limit use.,13
54903,173,"A sentence that explicitly names a right, such as 'Right to Request Deletion,' and states that the user may ask for deletion of their personal information directly describes the entitlement itself, warranting the corresponding label.",6
54903,3720,Descriptions of rights frequently incorporate clarifications or limitations that specify when the right may not apply or what consequences may legally follow from its exercise.,2
54913,1360,A sentence that explicitly describes the procedure by which future modifications to a policy will be communicated to users is characteristic of a clause announcing and governing policy updates.,4
54913,3497,"Statements informing users about how and when a privacy policy will be amended are classified as 'Updated Privacy Policy' content, as they provide notice of the policy's lifecycle.",4
54913,3544,Mentioning specific communication channels for notifying users of changes indicates a notification mechanism within an amended privacy policy.,3
54920,1863,"A sentence that explicitly names the action of opting out and enumerates the categories of data processing (sales, sharing, targeted advertising) is a direct statement of the right to opt out.",2
54920,7585,"When a privacy policy section is dedicated to consumer opt-out rights, sentences that mention the sale of personal information are typically mapped to the corresponding category of sold data.",3
54927,1811,A sentence that explicitly states a prohibition against discrimination for exercising legal rights directly describes the right to non-discrimination.,23
54927,2216,"A statement that frames the protection as applying to 'any of these rights' indicates a broad, inclusive description of the non-discrimination right.",2
54927,7856,"When a sentence enumerates specific rights (such as knowing, deleting, or opting out) as the protected activities, it clarifies the scope of the non-discrimination right being described.",2
5493,1787,A sentence that explicitly states an entity will not treat someone adversely for taking a protected action is a direct description of a non-discrimination right.,8
5493,8507,"When a statement references a specific privacy law and connects the non-discrimination guarantee to actions taken under that law, it identifies the provision as a non-discrimination right related to exercising those rights.",2
54938,1590,"A sentence that enumerates technical identifiers automatically collected from a user's device, such as IP addresses and device characteristics, is typically classified under a sold-data category when the surrounding policy indicates those fields are shared with third-party advertising or marketing partners.",2
54941,1534,"A sentence that enumerates distinct data types (e.g., device identifiers, browsing activity, cookie data) is typically categorized as outlining the categories of personal information that a business may sell or share.",2
54949,1832,A sentence that explicitly states that personal information is shared with external parties for a business purpose indicates a disclosure of categories of personal information.,4
54954,1577,"A sentence that introduces a list of specific data fields or examples (such as names, addresses, or device IDs) is characteristically classified as enumerating categories of personal information collected.",4
54954,6740,"When a sentence explains how user-supplied data (such as contact details) is used to identify the user to others, it constitutes a disclosure of that personal information category.",2
54954,7553,"When a privacy policy acknowledges that certain data uses may be considered 'sales' or 'sharing' under state privacy laws (often for non-monetary consideration), a subsequent enumeration of concrete data fields is treated as identifying the categories of personal information subject to that sale or sharing.",2
54957,1541,"A sentence that enumerates distinct types of personal data—such as names, contact details, identifiers, or commercial preferences—serves to define the boundaries of a category of personal information.",2
54957,7498,"When such an enumeration appears in a disclosure that explains how data may be transferred to advertising or service providers and treated as a 'sale' under privacy law, it is categorizing the personal information subject to that sale.",2
54960,761,A sentence that states an explicit effective or revision date using a phrase like 'Last updated' serves as the official marker of a policy's most recent modification.,13
55060,3254,Statements that instruct users to check the policy on each visit in case they overlooked announcements of revisions signal that the policy is subject to continuous updates and that the latest version is the relevant one.,2
55064,1849,"A sentence that explicitly enumerates a consumer's right to request information about the collection, use, disclosure, or sale of their personal data is classified as a description of the right to know about such data practices.",5
55064,236,A sentence that articulates a statutory or regulatory right for individuals to obtain details about the disclosure of their personal information to third parties constitutes a description of a right to know about such sharing or selling.,21
55064,428,"The label 'Description of Right to Know PI sold / shared' applies to sentences that articulate the circumstances under which personal information is collected and used, including the legal justifications that permit such sharing.",11
55064,6805,"The presence of legally recognized terminology from privacy statutes (e.g., categories of sale, disclosure for business purposes, cross-context behavioral advertising) signals that the sentence is articulating a procedural disclosure right rather than a policy statement or a mere acknowledgment.",2
55067,2148,A sentence that explicitly uses the term 'right to request' followed by an action like 'delete' for personal information is a direct marker of a privacy right description.,7
55067,5399,"Specifying the scope of data ('Personal Information that we have collected') clarifies what the right covers, which is essential to describing a right to delete.",4
55076,2770,"A sentence that specifies a concrete communication channel (e.g., email, phone, or online form) for initiating a rights request constitutes a method to exercise rights because it provides actionable instructions to the user.",3
55103,1285,A sentence that names specific data categories transferred to external parties can be classified under sold information when the broader document explicitly frames such transfers as a sale.,2
55103,3770,"Technical identifiers such as IP addresses, device IDs, and browser/OS details are treated as categories of personal information that may be sold or shared for advertising and analytics purposes.",2
5512,752,"A sentence clarifying that a stated consumer privacy right is subject to statutory exemptions contributes to describing that right, because delineating what the right does not cover defines its scope.",5
55122,1444,"A sentence that directly states a data subject's entitlement to request erasure of their personal information, while acknowledging legal qualifications, is characteristically labeled as describing the right to deletion.",4
55122,6933,The presence of the phrase 'right to request' combined with 'update or correct' signals that the statement is articulating a data-subject entitlement rather than a procedural step or obligation.,2
55139,469,A sentence that describes how a third-party advertising technology uses collected browsing data to serve targeted ads indicates that the underlying personal information is being shared or disclosed for advertising purposes.,3
5518,1196,"A sentence that explains the scope and conditions of a specific consumer privacy right, including permitted actions and the exceptions that limit it, functions as a description of that right.",5
55254,1430,A sentence that explicitly names a user's entitlement and then articulates that entitlement in plain terms is a direct description of that right.,3
55254,5711,"Sentences that pair an official legal term, such as 'right of rectification,' with a plain-language explanation of its scope are categorized as descriptions of that right.",2
55254,7089,"When a sentence uses phrasing like 'you have the right to...' and then specifies an action the data subject may request, it functions as an informative disclosure of a legal or policy-based correction option.",2
55257,580,"Sentences that provide reasons for refusing a deletion request are part of the description of the right to delete, as they outline the limitations on that right.",10
55257,848,A sentence that enumerates specific statutory exceptions or conditions under which a deletion request may be refused is describing the scope and limitations of the right to delete.,17
55268,1800,"A sentence that explicitly states the policy may be modified and describes the mechanism for posting revised terms is classified as an update notice, because it directly addresses alterations to the document.",5
55268,2070,"A sentence that explicitly states a right to modify or change a policy signals that the policy is subject to future updates, which is a hallmark of an 'Updated Privacy Policy' label.",7
55268,6565,The presence of a heading or phrase indicating modifications to the policy signals that the content pertains to policy updates.,6
55335,1461,"A sentence that directs users to a specific section for viewing policy changes demonstrates that the policy includes provisions for its own amendment, which is characteristic of an updated privacy policy.",2
55335,2070,"A sentence that explicitly states a right to modify or change a policy signals that the policy is subject to future updates, which is a hallmark of an 'Updated Privacy Policy' label.",7
55335,7297,"When a document contains a sentence describing the location for posting policy revisions, it signals that the policy has a mechanism for modification, thus categorizing it under the updated policy label.",2
55338,2253,A sentence that grants individuals the ability to ask whether their personal data is being handled and to view that data directly describes a right to be informed about the collection and use of their personal information.,3
55338,5482,"Sentences structured as a list of user entitlements, introduced by a phrase like 'The right to...', signal a description of a specific privacy right rather than a policy obligation or data practice.",4
55338,776,"A sentence describing access to categories, sources, purposes, or retention of personal data aligns with a 'right to know' description because those elements constitute the core information that such a right entitles a person to obtain.",2
55339,1965,"A sentence that explicitly names a consumer right, such as the right to delete personal data, is directly describing that right.",2
55339,4302,"The inclusion of a qualifier such as 'subject to certain exceptions' indicates that the sentence is describing the scope and limitations of the right, not merely mentioning it.",7
55339,4346,"Mentioning the scope of data covered (collected and retained) and any applicable exceptions clarifies the boundaries of the right, which is characteristic of a rights description.",3
55339,5482,"Sentences structured as a list of user entitlements, introduced by a phrase like 'The right to...', signal a description of a specific privacy right rather than a policy obligation or data practice.",4
55342,1230,"When the sentence links the non-discrimination guarantee to the exercise of other specified rights, it signals a right-to-non-discrimination statement.",5
55342,432,A label specifying a 'Description of Right to Non-discrimination' is indicated by the presence of both a protected activity (exercising privacy rights) and a prohibition on retaliation or unequal treatment.,3
55342,446,A sentence that explicitly names a right and frames it as a protection against discriminatory treatment is categorized as a description of that right.,2
55344,6668,"The presence of a stated purpose, like targeted advertising, establishes a commercial relationship that distinguishes actual 'sales' or 'shares' from routine service-provider processing, which determines the applicable disclosure type.",2
55347,1084,Sentences denoting the effective date of a policy section are labeled as updates when they coincide with a policy change notice and re-set the applicable timeframe.,6
55347,473,"A sentence that specifies an explicit effective date is commonly used to signal that a policy has been updated, as the date marks the start of the new terms.",15
55347,760,A sentence that explicitly states a revision date for a policy document serves as a marker indicating that the policy has been updated.,16
5535,797,A sentence that enumerates distinct types of external parties or circumstances under which personal data is transferred is classified as describing categories of sharing or disclosure.,9
55394,2282,A sentence that identifies a specific tracking technology used on a service signals that personal information is being collected through that technology.,2
55394,3706,"When a disclosure explains how communications are monitored or stored, it signals that the organization is collecting information that falls within a defined personal data category.",3
55406,1353,"A sentence that describes the business purposes for sharing data, such as marketing, advertising, or service operations, supports classification under categories of personal information shared or disclosed.",2
55406,1619,A sentence that enumerates the categories of recipients and the conditions under which sharing occurs aligns with a label concerning the categories of personal information shared or disclosed.,2
55406,1870,"A sentence that explicitly enumerates the categories of third parties or business partners (such as service providers, affiliates, or financial institutions) with which an organization shares personal information is characteristic of a disclosure about the sharing or selling of personal information.",3
55406,874,A sentence that explicitly states that collected data 'may be shared' with external parties indicates a disclosure of personal information to those parties.,2
55433,881,A sentence is labeled as describing categories of personal information sold when it enumerates specific types of personal data that the entity states it sells or discloses to third parties.,7
55447,551,A sentence that explicitly states that an individual may request correction of inaccurate data directly describes the right to correct information.,27
55447,6906,"When a sentence names personal information as the object of an update or correction action, it is characteristic of a description of the right to correction.",2
55448,1443,A sentence that grants individuals the ability to request corrections to their stored data is categorized as a description of a right to correct information.,9
55483,1236,A sentence that combines the act of selling with a detailed enumeration of the data types involved is typically assigned to the category describing the sold personal information categories.,2
55483,1519,A statement that appears within a section devoted to sales of personal information and that acknowledges the occurrence of sales is labeled under categories sold because the context signals that the disclosure pertains to the sale of consumer data.,4
55483,1856,"A sentence that explicitly enumerates distinct types or categories of personal data, introduced by a legal provision concerning their sale or share, is labeled to reflect the specific list of data types involved.",2
55483,4431,Sentences that use formal legal terminology and provide a specific breakdown of data types are generally labeled as the categories of personal information sold.,2
55483,982,A sentence that explicitly enumerates specific categories of personal information in the context of a sale or disclosure is classified under the label for the categories of personal information sold.,8
55488,1886,"Phrasing such as 'you have the right to request that [entity] delete' directly frames the user's entitlement, making the sentence a declarative statement of the right itself rather than a procedure or a denial.",3
55488,2020,"A sentence that explicitly names a user right (e.g., 'right to request deletion') and specifies the data subject (personal information) directly functions as a description of that right.",2
55488,4441,"In privacy policy contexts, any sentence that names both the user's power to initiate removal of personal information and the subject of that action (personal information) is typically categorized as a description of the right to delete.",2
55500,1236,A sentence that combines the act of selling with a detailed enumeration of the data types involved is typically assigned to the category describing the sold personal information categories.,2
55500,8145,"When a sentence names a data type (e.g., 'geolocation data') that is commonly defined by a privacy statute like the CCPA, it is interpreted as belonging to the set of data categories that the statute governs under that heading.",2
55500,836,A sentence that explicitly lists categories of personal information in direct connection with the term 'sale' and a privacy-law framework signals a disclosure of what is sold.,3
55528,2104,"A sentence that explicitly states a user's entitlement to request deletion of personal information is describing the right itself, rather than the process of fulfilling it.",2
55528,5399,"Specifying the scope of data ('Personal Information that we have collected') clarifies what the right covers, which is essential to describing a right to delete.",4
55530,1161,A sentence that explicitly names a specific user right and then explains the type of personal information to which that right applies serves to describe that right.,2
55530,5238,"The label 'Description of Right to Correct Information' applies when the sentence uses language indicating an entitlement to request correction of personal data, even if the term appears in a list rather than as the sole focus.",4
55530,551,A sentence that explicitly states that an individual may request correction of inaccurate data directly describes the right to correct information.,27
55537,35,A clause describing the conditions under which a policy can be altered and the means of communicating those alterations functions as an 'Updated Privacy Policy' statement.,4
55537,4699,"Language specifying where an updated version will be made available (e.g., on a website or through the services) is a hallmark of an update notice for a policy.",2
55537,4725,The presence of terms like 'updated policy' alongside a change and notification mechanism signals that the sentence's purpose is to inform users of a policy revision.,3
55537,873,A sentence that explicitly states a policy will be revised and a new version will be made available indicates that the policy is subject to updates.,10
55542,1789,A sentence that explicitly states a consumer's ability to prohibit the sale of their personal information directly expresses the right to opt out of such sale.,11
55542,2314,"A sentence that informs consumers of a mechanism to stop or restrict a specific type of data processing, such as an opt-out, is characteristic of a description of a data-subject right.",2
55542,887,A sentence that instructs a user on how to stop the transfer of their personal information to third‑party vendors for targeted advertising purposes is a description of the right to opt out of the sale or sharing of personal information.,5
55545,3954,"The presence of 'Limit Processing' paired with 'Sensitive Personal Information' directly signals a restriction on how personal data is used, which corresponds to the right to limit use.",3
55545,425,A label for a right description applies when the sentence tells the consumer that they can ask the organization to restrict a particular use of their data.,2
55545,4585,The presence of the phrase 'you have the right to request' signals a declarative articulation of a statutory consumer privilege rather than a procedural or exceptional detail.,13
55547,1139,A sentence that explicitly names a specific data subject right and frames it as the individual's entitlement is typically classified as a description of that right.,3
55547,4944,"Mentioning 'personal information' ties the stated right to the core subject matter of data protection, which is characteristic of privacy-right disclosures.",3
55634,218,"A description of a right commonly identifies the action required (such as deletion of personal information) and clarifies who bears that requirement, thereby defining the right's practical meaning.",2
55635,653,"Privacy policy sections intended to inform consumers about data-selling practices encompass both affirmative claims and explicit denials, since either form of statement directly responds to the legal inquiry about categories of personal information sold.",3
55638,653,"Privacy policy sections intended to inform consumers about data-selling practices encompass both affirmative claims and explicit denials, since either form of statement directly responds to the legal inquiry about categories of personal information sold.",3
55648,1847,A sentence that explicitly employs the verbs 'correct' or 'rectify' with reference to personal data characteristically describes the data subject's right to have inaccurate information amended.,10
55660,939,A sentence is labeled as 'Categories of Personal Information Shared / Disclosed' when it explicitly states that information is shared with a specific type of third party and lists the particular data categories involved.,6
55680,6141,"Text that describes the disposition of data as an asset during corporate transactions signals that personal information may be exchanged as part of the deal, which falls under sale categories.",2
55682,4238,"When a privacy notice uses disclosure verbs (e.g., 'disclose') alongside recipient categories and protective conditions, it functions as a statement about the categories of information being shared rather than about data collection or retention.",2
55733,2081,"A sentence that explicitly states a consumer has the right to request a specific data action, such as correction, directly describes that right.",2
55733,5703,Sentences that outline the precise contents of a mandated privacy disclosure—detailing what categories of information are reported to the requesting consumer—are characteristically classified as descriptions of the access or right-to-know right.,2
55733,571,Any statement that specifies how a company may respond to or fulfill a consumer's request to correct personal information belongs to the description of the correction right.,2
55739,1549,"A sentence that enumerates specific prohibited acts of differential treatment (denying services, varying prices, or altering quality) characteristically serves as a description of a non-discrimination right.",11
55740,97,A policy section that explicitly describes the possibility of future amendments and the notification procedures for those amendments is a hallmark of an update-notice clause.,3
55742,1792,A sentence that explicitly announces a modification to a company's data-handling practices—such as specifying the duration or purpose of retaining user information—is categorized as an updated privacy policy.,3
55742,3544,Mentioning specific communication channels for notifying users of changes indicates a notification mechanism within an amended privacy policy.,3
5575,1106,A sentence that describes the use of tracking technologies that gather data about a user's online behavior and preferences is classified as detailing the categories of personal information collected.,7
5575,3697,Statements that explicitly identify sources from which personal information is obtained are labeled as categories of personal information collected because they specify the origins of the data acquisition process.,6
55802,2123,"A sentence that explicitly states that personal information may be shared with third parties addresses the disclosure of sharing even when it does not list specific data fields, because referring to 'personal information' as a general category still falls under the scope of what is shared.",2
55804,304,A disclosure statement that explicitly restricts information sharing to what is legally required or allowed belongs in a section describing categories of data shared or disclosed.,3
55804,7479,"When a policy statement enumerates categories of data about users or visitors, even in aggregate or demographic form, and explains how those categories are provided to third parties, it belongs under the heading of personal information sharing or disclosure.",2
5584,1644,A sentence that enumerates the specific categories of personal information sold or shared within a defined lookback period directly fulfills the disclosure requirement of the right to know about such transfers.,4
5584,4350,"Stating the time frame (e.g., preceding 12 months) anchors the disclosure to a specific reporting period, a common feature of right-to-know notices.",3
55860,1644,A sentence that enumerates the specific categories of personal information sold or shared within a defined lookback period directly fulfills the disclosure requirement of the right to know about such transfers.,4
55860,5232,Sentences formatted as declarative disclosures within a privacy-policy section that addresses selling or sharing of data are appropriately assigned to a category that itemizes categories of personal information sold.,2
55865,820,A sentence describing the scope and purpose of a consumer privacy right should state what the right allows the individual to request or learn about.,2
5590,2002,"A sentence that explicitly names a specific right using the phrase 'Right to ...' directly identifies that right, making it a description of that right.",4
5590,3959,"Specifying the condition 'inaccurate' clarifies the purpose of the right (error correction), a hallmark of a substantive rights statement.",2
5590,5014,"Mentioning the data type ('Personal Information') along with the action identifies the scope of the right, which is characteristic of a formal rights description.",2
55908,1397,"The presence of terms such as 'sale' or 'transfer' in a corporate transaction context implies that personal information is among the assets that may be exchanged, making the sentence relevant to a disclosure about sold personal information categories.",3
55908,3092,"Statements describing business transfers and associated data disclosures serve as notice that personal information might be parted with for value or as part of a commercial deal, which is the essence of what the sold-information category captures.",3
55908,821,"A sentence describing the transfer of personal information to a successor entity during a merger, acquisition, or sale of assets is classified under categories of personal information sold because such corporate transactions are treated as a commercial transfer or disclosure of personal data.",11
55927,1978,A sentence that explicitly names a legal right in a declarative heading-style form is labeled as a description of that right.,3
55931,1713,A sentence that specifies legal exemptions or circumstances where a data deletion request may not be honored is an essential part of describing the scope and limitations of that right.,3
55931,196,"A description of a consumer data right often includes the limitations and conditions under which that right can be exercised, such as special handling for particular data categories.",3
55931,3313,"A statement that qualifies when a deletion right applies by acknowledging legal constraints informs the data subject about potential restrictions, which is a key component of describing that right.",3
55931,3457,Classifying a sentence as a description of a right does not require it to list only affirmative provisions; it also includes contextual constraints that define when the right applies.,2
55931,4407,"In privacy disclosures, clauses about exceptions to a described right are considered part of that right's description because they clarify the situations in which the right applies.",2
55943,3186,"A statement that pairs a privacy right (opt-out) with its beneficiary population (residents) and the targeted data use (sale) constitutes a clear description of that right, independent of procedural or fine-print details.",2
55943,7886,"When a sentence explains that a consumer can choose not to receive something only by exercising a specific opt-out action, it is defining the scope of control the consumer holds over the use of their personal information.",2
55984,1533,A sentence that enumerates distinct classes of external recipients in a privacy disclosure context signals the categories of parties involved in the sale or sharing of personal information.,3
55989,3593,"Describing a right in the form of a direct request or instruction, rather than as a passive statement of policy, is characteristic of a 'Description of Right' label.",2
55989,3793,"When the action specified is a modification of stored personal data, such as correcting it, the sentence directly corresponds to the legal right to rectification.",3
55996,1853,"Enumerating the concrete forms of adverse treatment prohibited—such as denial of goods or services, price differences, or reduced quality—indicates a substantive description of the non-discrimination protection.",5
55996,80,A clause that frames the protection as conditional on the consumer's exercise of rights signals that the core subject is the right to non-discrimination.,2
5601,60,A clause that commits to notifying users of material policy modifications is a hallmark of a section that addresses policy updates.,2
56028,3541,"Content that reads as a label or sub-label within a structured inventory of data types, rather than as a statement of purpose or collection method, should be assigned to the category indicating the kinds of personal information gathered.",2
56028,4138,"If the sentence describes data obtained through monitoring or measurement of a user's interaction with a service, then labeling it as a collected personal information category is appropriate.",2
56040,7703,"When a sentence lists distinct groups such as affiliates, vendors, service providers, and other entities that receive personal data, it directly indicates the categories of disclosures being made.",3
56040,797,A sentence that enumerates distinct types of external parties or circumstances under which personal data is transferred is classified as describing categories of sharing or disclosure.,9
56050,333,"A disclosure that states a negative fact about the sale of personal information still falls under the category of information about sold personal information, because it clarifies the absence of such sales.",2
56079,1443,A sentence that grants individuals the ability to request corrections to their stored data is categorized as a description of a right to correct information.,9
56087,954,"A sentence that enumerates types or sources of personal information (such as applications, preferences, transactions, or third-party data) following an introductory statement about 'sale' or 'sharing' under a privacy law is labeled as a category of personal information sold.",5
56088,1327,A sentence that provides a specific action or instruction for how an individual can exercise a data privacy right is classified as a method for exercising that right.,9
56089,1099,"A sentence that appears under a heading such as 'Changes to...' and directly states the right to alter the policy at any time is conventionally part of the section that governs future revisions, making the update-related label appropriate.",2
56089,2071,"A sentence that explicitly reserves the right to modify or update a policy at any time, without prior notice, describes the update mechanism and is therefore labeled as an instance of a policy update.",3
56095,1661,A sentence that identifies a specific external source or context from which a company obtains personal information belongs under a heading that enumerates the categories of personal data collected.,3
56095,5440,"Sentences describing the collection of information about an individual, even when they mention the source, serve to define the scope of personal data categories the organization gathers.",2
56126,3792,"Directly naming the applicable legal framework (e.g., referencing that the disclosure may qualify as a 'sale' under CCPA) indicates the sentence is characterizing the data transfers as a sale, which is the core meaning of a 'Categories of Personal Information Sold' label.",2
56126,812,"A sentence that explicitly enumerates distinct categories of personal data—such as commercial information, identifiers, usage data, geolocation, and inferences—and states they are shared with third parties signals disclosure of the specific types of information encompassed by a sale/disclosure label.",3
56129,1561,"A sentence that enumerates the categories of personal data a data subject may request (source, purposes, recipients, retention) describes the scope of the 'right to know/access' obligation.",4
56129,6658,"The presence of a specific jurisdiction qualifier, such as 'a California resident,' signals that the sentence is defining the nature of a legal entitlement within a privacy framework.",3
56145,165,"A sentence that explicitly describes how users will be informed of revisions to a policy indicates the policy is subject to change, which supports the 'Updated Privacy Policy' label.",26
56151,3531,Content that includes a formal definition of personal information and pairs it with illustrative examples of user-supplied data is grouped under a heading that discloses the categories of data the service collects.,2
56151,406,"A label concerning the categories of personal information collected applies to any sentence that identifies the kinds of personal data an organization handles, even when the sentence primarily describes an activity like inviting someone to research.",9
56203,2154,A statement that explicitly affirms that consumers will not face discriminatory treatment for exercising their privacy rights directly conveys the existence and scope of a non-discrimination right.,4
56203,3405,"Mentioning a specific legal framework, such as the CCPA, and tying it to the act of exercising privacy rights identifies the sentence as a formal description of a statutory right.",5
56251,2033,"A sentence that explicitly names the specific privacy rights being addressed, such as opting out of targeted advertising, sales, and sharing, is classified under the corresponding disclosure category.",2
56257,662,A privacy statement that explicitly names the types of recipients (such as service providers or affiliated entities) and the specific purposes served by sharing personal information is characteristically labeled as describing the categories of personal information shared or disclosed.,2
56282,2253,A sentence that grants individuals the ability to ask whether their personal data is being handled and to view that data directly describes a right to be informed about the collection and use of their personal information.,3
56282,4457,"In privacy policy documents, a sentence that serves as an introductory clause to a set of data-related requests is categorized under the right to know about personal information sold or shared.",2
56283,1443,A sentence that grants individuals the ability to request corrections to their stored data is categorized as a description of a right to correct information.,9
56302,1327,A sentence that provides a specific action or instruction for how an individual can exercise a data privacy right is classified as a method for exercising that right.,9
56304,1475,"When a document contains an explicit non-discrimination guarantee, sentences detailing actions that would violate that guarantee are naturally classified as descriptions of the right.",2
56318,2483,"A sentence that names a class of data about individuals, accompanied by clarifying examples of that data type, functions to identify a category of collected personal information.",2
56318,6390,The label applies when the sentence functions as a listed item within a set of required disclosures for a consumer privacy request.,2
56332,1935,"A sentence that explicitly labels its content with terms such as 'Shared,' 'Sold,' or 'used for Targeted Advertising' directly signals that the described activity involves disclosing personal information to outside parties.",2
56332,4002,"Headings that introduce sub-sections naming distinct third-party recipients function as organizational markers for enumerating disclosures of personal information, so they are assigned to the category describing what information is shared.",2
56337,1863,"A sentence that explicitly names the action of opting out and enumerates the categories of data processing (sales, sharing, targeted advertising) is a direct statement of the right to opt out.",2
56337,429,"The label 'Description of Right to Opt-out of sale of PI' applies to sentences that either state the right directly or plainly identify the subject matter of the opt-out, since such references form part of the disclosure required to make the statutory right effectively exercisable.",4
56337,6919,"When a heading or phrase is immediately followed by a clause that explains the right to opt out of the sale of personal information, the heading serves as a description of that same opt-out right.",2
56345,1289,A sentence that mentions a protected action (like exercising privacy rights) in connection with a promise of equal treatment is recognized as a description of the right to non-discrimination.,4
56345,1787,A sentence that explicitly states an entity will not treat someone adversely for taking a protected action is a direct description of a non-discrimination right.,8
56345,2890,A sentence that ties a non-discrimination guarantee to the act of exercising one's lawful rights indicates the protection is contingent upon and reactive to claiming other entitlements.,2
56345,7133,Using prohibitive language such as 'will not discriminate' indicates the sentence is articulating a right rather than stating a policy condition or exception.,2
56481,1971,A sentence that explicitly names a data subject right and then elaborates on its scope by describing what the individual may request is classified as a description of that right.,7
56484,262,"A description of the right to know commonly separates sales from business-purpose disclosures, so a sentence that covers one of those components while specifying the information to be revealed is part of that right's explanation.",2
56484,328,"A privacy notice that enumerates the categories of third-party recipients of personal information often functions as the required disclosure of categories of personal information sold or shared, because regulations treat transfer to those commercial parties as a sale or sharing.",5
56490,2358,A sentence that presents a specific procedural action (such as contacting a designated officer via a form) to enforce or act upon data privacy entitlements is classified as a method for exercising rights.,2
56495,2112,"A sentence that states the eventual deletion of personal information from records, subject to exceptions, directly outlines the scope and conditions of the deletion right, making it a description of that right.",7
56495,259,A sentence that explicitly states a user may request deletion of their personal data is classified as a description of the right to delete.,31
56498,1338,A sentence that explicitly states a user has the ability to update or correct their own personal data through a self-service method describes a right to correct information.,3
56498,1683,A sentence that explains a user can edit or update their personal details directly through an online account is describing the right to correct inaccurate information.,2
56498,4032,"If a document’s surrounding text explicitly addresses updates to the privacy policy and the user’s duty to inform, then a sentence about using an account to communicate data changes fits under that same privacy policy update directive.",2
56501,1787,A sentence that explicitly states an entity will not treat someone adversely for taking a protected action is a direct description of a non-discrimination right.,8
56501,2547,"When a sentence links a protected activity (exercising privacy rights) to a safeguard against adverse or unequal treatment, it serves to characterize the corresponding non-discrimination protection.",3
56504,789,A sentence that states a legal prohibition against differential treatment and outlines qualifying exceptions is describing a consumer's right to non-discrimination.,2
56561,1156,A sentence that explicitly uses the phrase 'right to opt-out' and names a specific category of data processing (such as 'sale') directly describes that consumer privacy entitlement.,7
56561,2241,"A sentence that functions as a section heading in a privacy policy often names a specific consumer right, and such naming is sufficient to classify it under the description of that right even when the detailed explanation appears in adjacent sentences.",4
56567,1591,A sentence that enumerates specific procedural actions or requirements for invoking a legal right is classified as describing methods to exercise rights.,2
56646,1750,"When a statement outlines the steps following confirmation of a request, including directing service providers to act, it explains the operational implementation of the right to delete.",2
56654,318,"A statement of non-disclosure or non-sale is a form of disclosure about the category, as it informs the reader about the organization's handling of that category.",2
56739,1958,A sentence that explicitly names a category of external recipients with whom personal information may be shared falls under a heading that catalogs the types of parties to which data is disclosed.,2
56757,1150,A sentence that explicitly names a consumer privacy right in its heading and then elaborates on what that right allows the consumer to do is classified as a description of that right.,41
56757,7919,"When a sentence explains the scope of a right by adding qualifiers such as 'restricted from further use,' it serves a purely descriptive function of outlining what the right entails.",2
5676,630,A privacy disclosure sentence is classified under the category of collected information when it explains how the organization will use data about an individual's interests and choices to customize future interactions.,7
5677,1782,"A sentence that explicitly addresses whether personal data is sold to third parties, such as by posing a direct question and providing an answer about sale, belongs to a disclosure category pertaining to sold personal information categories.",4
5677,5056,"Mentions of legal frameworks like the CCPA, which regulate sales of personal information, are strong indicators that the text addresses the sale of personal information categories.",2
56820,1606,"A sentence that explicitly enumerates the types of personal data gathered in an open-ended list is classified under the category of personal information collected, as it directly names the data types involved.",3
56846,328,"A privacy notice that enumerates the categories of third-party recipients of personal information often functions as the required disclosure of categories of personal information sold or shared, because regulations treat transfer to those commercial parties as a sale or sharing.",5
56846,4780,"Language that lists data categories alongside their use for selling or sharing aligns with the legal requirement to inform consumers about what information is collected, sold, or disclosed and why, which is the essence of a 'right to know' description.",2
56847,1443,A sentence that grants individuals the ability to request corrections to their stored data is categorized as a description of a right to correct information.,9
56847,3058,"A statement detailing how an organization will process a request to rectify data, including providing instructions and giving consideration to the request, pertains to the right to correction.",2
56847,4899,Mentioning both 'inaccuracies' and 'Personal Information' directly aligns with the scope of correction rights commonly established in privacy and data protection frameworks.,2
56849,2269,"A sentence that identifies a legal mechanism by which consumers may decline a specific data-processing activity constitutes a description of that opt-out right, regardless of the varying statutory terminology used.",3
56851,1787,A sentence that explicitly states an entity will not treat someone adversely for taking a protected action is a direct description of a non-discrimination right.,8
56851,620,"A pledge of non-discrimination on the basis of rights exercise is a standard and distinct element within privacy policies, warranting its own descriptive label.",2
56876,5213,"When a privacy policy introduces a named category of personal data, that category usually corresponds to one of the categories the policy states will be shared or disclosed with third parties.",2
56880,1511,A sentence that identifies a third-party recipient and then enumerates the types of user data that may be provided to that recipient is describing categories of personal information that are shared or disclosed.,11
56880,630,A privacy disclosure sentence is classified under the category of collected information when it explains how the organization will use data about an individual's interests and choices to customize future interactions.,7
56893,808,A sentence that tells individuals how to initiate a privacy request by specifying a contact channel (such as an email address) is labeled as a method for exercising rights.,9
56893,8143,"When a sentence names an explicit action (e.g., 'opt-out', 'request access') paired with a concrete mechanism (a named page, link, or number) to perform that action, it conveys how the right can be exercised.",2
56906,8086,"When a sentence is placed within a list enumerating different data types, it functions to articulate the full set of personal information categories the organization may use or share.",2
56912,4866,Mentioning an update date serves as a formal marker that the policy is current and has been changed as of that time.,2
56912,991,A sentence that references a revised policy and specifies how its updated version will be made visible to users signals that the content is an update notice.,4
5720,300,Any statement that names recipients of personal data and the conditions under which their own privacy policies apply constitutes a disclosure of personal information categories.,9
5736,1112,"A sentence that explicitly grants a data subject a right to stop or refuse a particular form of processing, such as profiling, is correctly classified as a description of a right to limit the use of personal information.",2
5736,2046,A sentence that explicitly prohibits a specific use of collected personal information clarifies the boundaries of data processing and thereby informs data subjects about how their data will not be handled.,2
5815,168,A sentence that explicitly states a commitment to not discriminate on the basis of exercising legal rights directly describes the right to non-discrimination.,4
5815,2051,A statement that explicitly commits to not penalizing or treating differently a consumer for asserting privacy rights is a direct articulation of a non-discrimination right.,3
5817,2353,Sentences that instruct readers on how to contact an organization to initiate a request for exercising privacy rights are classified under methods for exercising those rights.,3
5952,2230,A sentence that functions as a standalone heading introducing a specific context in which a company may transfer personal data is categorized as a type of information sharing or disclosure.,2
5984,1145,"A sentence that explicitly frames a capability as a right of the individual, using phrases like 'you have a right to request,' signals the description of a legal or policy entitlement rather than a mere operational step.",2
5984,420,A label for a 'Description of Right to Know PI Collected' applies when the sentence explicitly grants an individual the ability to obtain an accounting of their collected personal information and its flow.,8
5986,1408,A sentence that explicitly grants an individual the right to rectify or correct inaccurate personal data is characteristically a description of the right to correct information.,5
5986,3334,"A statement that tells individuals what they are permitted to ask for regarding their data is a description of a privacy right, not an obligation or policy detail.",2
5986,6933,The presence of the phrase 'right to request' combined with 'update or correct' signals that the statement is articulating a data-subject entitlement rather than a procedural step or obligation.,2
5987,1150,A sentence that explicitly names a consumer privacy right in its heading and then elaborates on what that right allows the consumer to do is classified as a description of that right.,41
5987,1896,A sentence that explicitly grants an individual the right to request deletion of their personal information directly describes the 'right to delete' as recognized in data privacy frameworks.,3
5987,2919,"The use of directive phrasing such as 'you have a right to request' frames the statement as informing the data subject of an available action, which is characteristic of a rights-disclosure provision.",3
5987,4944,"Mentioning 'personal information' ties the stated right to the core subject matter of data protection, which is characteristic of privacy-right disclosures.",3
599,5591,"Sentences that enumerate specific types of data under a header term, followed by named recipient categories, function as part of a structured disclosure table mapping data categories to the parties with which they are shared.",2
5998,1549,"A sentence that enumerates specific prohibited acts of differential treatment (denying services, varying prices, or altering quality) characteristically serves as a description of a non-discrimination right.",11
5998,1853,"Enumerating the concrete forms of adverse treatment prohibited—such as denial of goods or services, price differences, or reduced quality—indicates a substantive description of the non-discrimination protection.",5
609,1586,"When a sentence enumerates the particular elements a consumer may request—such as categories of data collected, sources of collection, and business purposes—it is specifying the scope of a right-to-know disclosure, marking it as a description of the right to know collected personal information.",10
609,1877,A sentence that explicitly frames an action as a consumer's entitlement using the phrase 'You have the right to request' is characteristically a description of that legal right.,4
6097,5537,Sentences that describe a user's ability to restrict how a data controller processes sensitive personal information belong to the disclosure of the right to limit use of personal information.,2
6099,1112,"A sentence that explicitly grants a data subject a right to stop or refuse a particular form of processing, such as profiling, is correctly classified as a description of a right to limit the use of personal information.",2
6099,416,"A label for 'Description of Right to Limit use of PI' is appropriate when the text explains how to prevent a particular type of processing, even if the means involves a third-party utility.",4
6103,1795,"A sentence that explicitly states the policy may be revised in the future signals that the policy is subject to updates, warranting an 'Updated Privacy Policy' label.",5
6103,2126,"A sentence that explicitly states the policy may be changed or revised signals that the policy is subject to updates, which is a core characteristic of an 'Updated Privacy Policy' label.",4
6103,4878,"Mentioning a specific last-updated date or version reinforces that the policy has been revised, supporting classification under 'Updated Privacy Policy'.",4
6103,6964,"When a sentence explicitly links future modifications to an administrative action such as updating the 'last updated' field, it conveys that the policy is subject to periodic revision and thus belongs to the 'Updated Privacy Policy' category.",3
6128,1608,A sentence that enumerates specific types of technical or device-related data is classified as listing categories of personal information when it appears within a disclosure of what data the organization gathers.,5
618,1643,A sentence that specifies the categories of personal information that would be listed if sold or disclosed qualifies as describing the scope of the right to know about such transfers.,2
618,2758,Listing both sales to third parties and disclosures for business purposes indicates that the text is specifying the scope of information covered under a right-to-know request regarding transfers of personal information.,3
618,639,"A privacy notice statement that explicitly informs consumers they may request details about which personal information was collected, used, disclosed, and sold within a defined lookback period is a description of the right to know with respect to sold or shared data.",2
618,654,"When a privacy policy lists the elements that must be disclosed upon request, including business purposes and recipient categories, it is characterizing the right to know about personal information that is sold or shared.",4
6209,4429,"In privacy policies, headings that point to the collection and use of information serve as organizational anchors for the subsequent breakdown of personal data types, which is what the label captures.",2
6241,628,"A policy that pairs an effective date with a separate 'last updated' reference signals that the text has been revised, and the sentence carrying that date is the revision notice.",2
6241,6757,"When a policy notice includes sequential effective dates, each date is treated as evidence of a distinct policy revision, and the earlier dates correspond to updates that have since been superseded.",2
626,1326,"A sentence that enumerates specific user-initiated actions for accessing, correcting, or deleting personal data is categorized as describing methods to exercise rights.",4
6307,2434,A sentence that lists data categories immediately after naming a recipient or context tied to a monetary exchange indicates the types of personal information subject to sale.,2
6307,4031,"If a document separately states that personal information may be sold for monetary consideration, a subsequent list of categories associated with that context is classified as sold categories.",2
6309,1030,"A sentence that contains only category names and no independent legal language derives its meaning from its structural placement, so a placement under a third-party recipient within a sales disclosure context makes the label 'Categories of Personal Information Sold' the appropriate classification.",3
6309,4031,"If a document separately states that personal information may be sold for monetary consideration, a subsequent list of categories associated with that context is classified as sold categories.",2
6316,1000,"A sentence that begins with a direct assertion of a user's entitlement, such as 'You have the right to...', is characteristically used to articulate a specific privacy or data protection right.",5
6316,1810,A sentence that explicitly grants a consumer the entitlement to request deletion of their personal data collected by a business is a direct articulation of that right.,2
6343,5928,"When a statement explicitly enumerates the types of data involved (e.g., contact information, content interest, activity data, and any other information including Personal Data), it is functionally listing categories of personal information subject to sharing or disclosure.",6
6343,7665,"When a sentence appears as a section title immediately before a structured list of data categories, the title inherits the semantic category of the list it organizes.",2
6346,1000,"A sentence that begins with a direct assertion of a user's entitlement, such as 'You have the right to...', is characteristically used to articulate a specific privacy or data protection right.",5
6346,1119,"When a sentence introduces or names a user entitlement to learn about collected personal information, it is appropriately labeled as a description of the right to know about collected personal data.",8
6374,1113,A sentence that explicitly states the entity may sell or disclose collected information directly addresses the consumer's right to know about the sale or sharing of personal information.,6
6381,1156,A sentence that explicitly uses the phrase 'right to opt-out' and names a specific category of data processing (such as 'sale') directly describes that consumer privacy entitlement.,7
6381,1690,A sentence that explains how an individual can stop or limit the use of their data by a specific set of parties constitutes a description of an opt-out right.,3
6404,4699,"Language specifying where an updated version will be made available (e.g., on a website or through the services) is a hallmark of an update notice for a policy.",2
644,3614,"Describing the absence of sale or disclosure for a defined lookback window (e.g., twelve months) satisfies the disclosure obligation that privacy regulations impose regarding the right to know.",2
644,8415,"When a statement describes the consumer's entitlement to learn about disclosures made to third parties, even if framed for direct marketing, it falls under the broader right-to-know category regarding the sale or sharing of personal information.",3
645,1113,A sentence that explicitly states the entity may sell or disclose collected information directly addresses the consumer's right to know about the sale or sharing of personal information.,6
650,1150,A sentence that explicitly names a consumer privacy right in its heading and then elaborates on what that right allows the consumer to do is classified as a description of that right.,41
650,1675,A sentence that explicitly grants a consumer the right to request disclosures from a business about its handling of personal information is correctly labeled as describing a 'Right to Know' provision.,6
650,4078,"Short, fragmentary sentences that contain key legal terminology like 'right to know' are often classified as descriptions of that right, even without full grammatical structure.",2
6529,1615,A sentence that lists categories of personal information disclosed for value and identifies the types of third parties receiving it directly describes the scope of a right-to-know request regarding sales or sharing.,5
6529,3748,Disclosure statements that list types of recipients or sources of shared data are a standard mechanism for satisfying transparency obligations regarding the sale or sharing of personal information.,3
6529,4839,"Listing the categories of recipients alongside the specific pieces of personal information distinguishes an actionable right-to-know disclosure from vague privacy notices, because it itemizes precisely what the data subject may inquire about.",2
6529,6057,"Stating that the information was shared or disclosed 'for a business purpose' directly ties the sentence to the act of transferring data to third parties, which is the essence of a sharing/disclosure disclosure.",2
6533,2053,"When a sentence directly affirms that exercising one's privacy rights will not lead to discriminatory treatment, it functions as a statement of the non-discrimination guarantee.",4
6535,1423,A sentence that details verification steps or identity confirmation procedures required before a request is processed pertains to the operational methods for exercising one's rights.,2
6565,1586,"When a sentence enumerates the particular elements a consumer may request—such as categories of data collected, sources of collection, and business purposes—it is specifying the scope of a right-to-know disclosure, marking it as a description of the right to know collected personal information.",10
6565,958,"When a sentence frames the disclosure as a consumer's entitlement to request information about collected personal data, it directly corresponds to a 'right to know' privacy right.",10
6577,1217,A sentence that explicitly grants users the ability to object to or opt out of a specified use of their personal data constitutes a description of a right to limit use of personal information.,12
6588,165,"A sentence that explicitly describes how users will be informed of revisions to a policy indicates the policy is subject to change, which supports the 'Updated Privacy Policy' label.",26
6588,4725,The presence of terms like 'updated policy' alongside a change and notification mechanism signals that the sentence's purpose is to inform users of a policy revision.,3
6588,5600,"Sentences that state a policy may be revised at any time without specifying a concrete, already-executed change are classified as announcing potential updates rather than documenting a historical revision.",2
6609,1343,A sentence that explains a consumer's ability to opt out of or limit the use of personal information for advertising purposes is classified as a description of the right to limit use of personal information.,6
6609,7782,"When a sentence details how users can exercise control over their information in the context of data sales or similar commercial uses, it fulfills the requirement of explaining an opt-out right.",2
6621,3525,Statements outlining the actions an organization will take to facilitate a response to a data subject request are part of the procedural guidance for exercising privacy rights.,2
6633,1586,"When a sentence enumerates the particular elements a consumer may request—such as categories of data collected, sources of collection, and business purposes—it is specifying the scope of a right-to-know disclosure, marking it as a description of the right to know collected personal information.",10
6633,5212,"Privacy notices that separate the requestable items (e.g., categories of data, sources, specific pieces) are defining the boundaries of a right-to-know obligation rather than stating a policy or a procedure.",2
6660,2822,Sentences that explicitly reference procedural resources or steps for submitting a rights request are categorized as providing methods to exercise rights.,3
6660,6150,Text that specifies the subject line and content of a request directs the reader on the procedural steps needed to invoke a statutory privacy entitlement.,2
6666,4095,"The labeling of a sentence as 'categories of personal information collected' is determined by its primary function being to identify and associate the specific data types used for a stated purpose, rather than by the purpose or legal basis it mentions.",3
6666,5743,"When a document enumerates categories of personal information in a structured list, each entry that defines a category with examples belongs to the corresponding category label.",3
6666,8109,"When a sentence lists concrete examples of user-related data, it serves to define the scope of personal information categories.",2
675,1150,A sentence that explicitly names a consumer privacy right in its heading and then elaborates on what that right allows the consumer to do is classified as a description of that right.,41
6762,301,Privacy disclosures that pair specific data categories with the purposes behind their sale or disclosure are typically drafted to satisfy regulatory transparency requirements about consumer information-sharing practices.,3
6762,630,A privacy disclosure sentence is classified under the category of collected information when it explains how the organization will use data about an individual's interests and choices to customize future interactions.,7
68,3909,"Explaining the placement of an effective date signals that the policy undergoes revisions and that users can track when the latest changes take effect, a typical component of update-related privacy notices.",2
68,735,"A sentence that describes where the effective date of the most recent policy version will be displayed helps users confirm which version is currently in force, a characteristic of an updated privacy policy disclosure.",2
681,1811,A sentence that explicitly states a prohibition against discrimination for exercising legal rights directly describes the right to non-discrimination.,23
681,1881,"A sentence that explicitly frames a provision as a ""right"" and then defines its scope in terms of protected conduct and prohibited responses constitutes a direct description of that right.",2
6856,1187,A sentence that explicitly names a consumer right using standard legal terminology is classified as a description of that right.,11
6868,2070,"A sentence that explicitly states a right to modify or change a policy signals that the policy is subject to future updates, which is a hallmark of an 'Updated Privacy Policy' label.",7
6868,365,"The presence of a heading or phrase such as 'CHANGES TO THE PRIVACY POLICY' directly indicates that the content addresses modifications, aligning with the label.",7
6868,4571,"Language about the right to revise typically appears in a dedicated 'changes' or 'updates' section, reinforcing the label that the policy is an updated version subject to further revision.",2
6872,1443,A sentence that grants individuals the ability to request corrections to their stored data is categorized as a description of a right to correct information.,9
6872,962,A sentence that explicitly states an individual's entitlement to have inaccurate personal data amended or rectified is categorized as a description of the right to correct information.,15
6904,1387,"A sentence that prescribes the specific format, required content, or procedural steps for submitting a privacy-related request is classified as describing a method to exercise rights.",7
6909,1506,A sentence that explains what information a business will disclose in response to a consumer rights request is typically categorized as a description of that right.,6
6909,236,A sentence that articulates a statutory or regulatory right for individuals to obtain details about the disclosure of their personal information to third parties constitutes a description of a right to know about such sharing or selling.,21
6909,852,"A sentence enumerating the categories of personal data collected, the sources of that data, the purposes of collection or sale, and the categories of third-party recipients describes the full scope of data practices, which is precisely the substance a right-to-know disclosure must communicate.",4
6913,2066,"A sentence that explicitly references the privacy policy and appears within a group of statements enumerating the purposes of collection, categories of third parties, and specific pieces of personal information is classified as describing the consumer's right to know about the sale or sharing of that information.",2
6921,1408,A sentence that explicitly grants an individual the right to rectify or correct inaccurate personal data is characteristically a description of the right to correct information.,5
6927,293,"When a disclosure clause distinguishes between information shared for a business purpose and information sold or shared, and identifies the categories of recipients, it is describing the specific right to know about those transfers.",3
6927,3274,Statements that outline a statutory mechanism for consumers to inquire about a company's disclosure of personal data to external companies for commercial or promotional reasons indicate the label for a right to know about personal information being sold or shared.,3
6950,1343,A sentence that explains a consumer's ability to opt out of or limit the use of personal information for advertising purposes is classified as a description of the right to limit use of personal information.,6
6950,1952,The presence of the phrase 'opt out' together with 'Personal Data' directly aligns with the concept of the right to opt out of the sale of personal information.,3
6950,426,A sentence that explicitly states a user can request to limit or restrict the use or disclosure of their personal information is classified as a description of a right to limit use.,9
6966,1511,A sentence that identifies a third-party recipient and then enumerates the types of user data that may be provided to that recipient is describing categories of personal information that are shared or disclosed.,11
6966,5928,"When a statement explicitly enumerates the types of data involved (e.g., contact information, content interest, activity data, and any other information including Personal Data), it is functionally listing categories of personal information subject to sharing or disclosure.",6
6993,1669,"A sentence that explains a business necessity for retaining information, such as providing services, is typically part of a description of the right to delete because it qualifies the deletion right.",2
6993,2786,"A sentence that specifies conditions or limitations on when a deletion request can be fully honored is still a descriptive component of the underlying deletion right, because it delineates the right's scope.",2
6993,3140,"A statement that clarifies what happens when a user exercises a deletion right, including circumstances where data is still kept, is part of explaining that right.",2
6994,1671,"A sentence that explains a consequence or limitation of exercising a deletion right—such as losing access to services—constitutes a description of that right, because it informs the data subject of what will happen upon their request.",2
6994,59,"A clause that connects a user's deletion request to a specific outcome serves to explain the deletion right within a privacy policy, making it a legitimate component of the right's description.",2
6999,226,An assurance that exercising a right will not lead to adverse consequences is a standard way of describing a safeguard against retaliation or unequal treatment.,2
7002,4429,"In privacy policies, headings that point to the collection and use of information serve as organizational anchors for the subsequent breakdown of personal data types, which is what the label captures.",2
7020,1522,"A sentence that enumerates the types of third-party recipients (e.g., marketing, advertising, payment providers) with whom information is shared, when appearing in a disclosure about sales, serves to specify the categories of personal information that may be sold.",6
7020,1559,"A sentence that explicitly lists distinct types of recipients (such as service providers, affiliates, and business partners) and states that personal information may be shared with them is classifying the categories of information disclosure.",7
7060,4597,"Language describing how changes become active is a common element of the 'Updated' or 'Changes to This Policy' subsection, which explains the timing and method of amendments.",2
7060,4701,Language stating that changes take effect upon posting or publication is a hallmark of a policy-update notification section.,3
7064,1832,A sentence that explicitly states that personal information is shared with external parties for a business purpose indicates a disclosure of categories of personal information.,4
7064,320,"A statement that indicates the company transfers personal information to other organizations for the delivery of services and administrative support constitutes a sharing disclosure, which is the subject of a consumer right to know.",3
7066,300,Any statement that names recipients of personal data and the conditions under which their own privacy policies apply constitutes a disclosure of personal information categories.,9
7066,501,A sentence that explicitly states that personal information is shared with third parties and specifies the recipient's purpose directly communicates the categories of information being disclosed or shared.,8
7072,871,"A sentence that explicitly names a right (e.g., 'Right to Delete') and states that the user may request a specific action (deletion) is a direct description of that right.",5
7088,1522,"A sentence that enumerates the types of third-party recipients (e.g., marketing, advertising, payment providers) with whom information is shared, when appearing in a disclosure about sales, serves to specify the categories of personal information that may be sold.",6
7088,8019,"When a sentence identifies particular recipient entities (such as joint marketing partners) receiving user information for defined promotional uses, it is characterizing the disclosure of personal data categories.",2
7093,2620,A sentence that pairs a user-facing browser setting with a broader privacy option (such as refusing to allow certain data uses) indicates that the text is explaining how the right to opt out can be executed.,2
7182,1818,"A sentence that explicitly grants a defined group of individuals (e.g., state residents) the ability to refuse a specific data practice (e.g., the sale of personal information) directly describes that right of opt-out.",3
7217,4375,"Information tied to a device's circumstances, such as where it is used, qualifies as personal information because it can be associated with an identifiable individual.",2
7275,2117,A sentence that explicitly states that continued use of a service constitutes acceptance of a revised policy directly conveys that the policy has been updated and is being actively enforced.,2
7349,1712,"A sentence that tells users how to prevent their personal information from being sold indicates a privacy right of opt-out, which is typically labeled as a description of that right.",3
7482,1559,"A sentence that explicitly lists distinct types of recipients (such as service providers, affiliates, and business partners) and states that personal information may be shared with them is classifying the categories of information disclosure.",7
7482,2122,"A sentence that explicitly states that personal information is disclosed when the user directs or intentionally initiates the disclosure indicates that the text describes a disclosure practice, so it falls under a label for categories of personal information shared or disclosed.",4
7500,4610,"Language detailing that revisions will be posted on a designated page and take effect only from a specified point onward indicates a prospective-update provision, a hallmark of policy-update sections.",2
7502,1256,A sentence that explicitly promises not to discriminate against consumers for exercising their privacy rights directly states and thereby describes the right to non-discrimination.,21
7502,2547,"When a sentence links a protected activity (exercising privacy rights) to a safeguard against adverse or unequal treatment, it serves to characterize the corresponding non-discrimination protection.",3
7502,6751,"The presence of entitlement language (e.g., 'you have a right') combined with reference to a governing statute indicates the sentence is formulating a description of that legal right.",3
7571,2002,"A sentence that explicitly names a specific right using the phrase 'Right to ...' directly identifies that right, making it a description of that right.",4
7571,7940,"When a sentence explicitly names a legal right without conditional or qualifying language, it serves as a direct declaration that describes the right itself rather than explaining its application or consequences.",2
7576,4463,"In privacy policy text, a passage that defines a key term and then points to enumerated category lists is characteristically used to declare which types of personal information the business treats as sold.",3
7628,1600,"A sentence that identifies the specific technical mechanisms or tracking technologies used to gather data, such as cookies, beacons, or scripts, directly describes the manner in which personal information is obtained, thereby placing it under the section enumerating categories of collected personal information.",3
7648,1294,A sentence that defines or characterizes a data-collection technology while appearing within a section devoted to collection practices is treated as specifying a category of collected information.,2
7648,1740,A sentence that explains the nature of a tracking mechanism supports the conclusion that the mechanism falls under the label enumerating categories of personal information collected.,2
7652,3183,A statement that enumerates the specific types of data gathered through tracking technologies and the purposes for which that data is used indicates that the text is disclosing the categories of personal information collected.,2
7652,3375,A text that details which pieces of user data are processed—even when framed around a purpose like language display or affiliate marketing—directly enumerates categories of collected personal information.,2
7652,3804,"Disclosures about cookie use serve to inform users which categories of personal information are or are not gathered, thereby addressing the category of personal information collected.",3
766,1296,A sentence that names a specific type of information a consumer can request under a data privacy right is a description of the scope of that right.,8
766,5417,"Section headings that explicitly reference 'Personally Identifiable Information' and 'Collection' indicate that the accompanying content will enumerate the types of personal data collected, which is the substance of a right-to-know disclosure.",2
7709,821,"A sentence describing the transfer of personal information to a successor entity during a merger, acquisition, or sale of assets is classified under categories of personal information sold because such corporate transactions are treated as a commercial transfer or disclosure of personal data.",11
771,1586,"When a sentence enumerates the particular elements a consumer may request—such as categories of data collected, sources of collection, and business purposes—it is specifying the scope of a right-to-know disclosure, marking it as a description of the right to know collected personal information.",10
7722,1360,A sentence that explicitly describes the procedure by which future modifications to a policy will be communicated to users is characteristic of a clause announcing and governing policy updates.,4
7722,5907,Statements that explain the notification mechanism rather than altering the substantive terms of the policy belong to a section dedicated to procedural updates.,2
7767,1111,"A sentence that articulates a consumer's entitlement to request an accounting of how their personal information is collected, used, disclosed, or sold is categorically a description of the right to know regarding data practices such as selling or sharing.",2
7777,2112,"A sentence that states the eventual deletion of personal information from records, subject to exceptions, directly outlines the scope and conditions of the deletion right, making it a description of that right.",7
7777,2507,"A sentence that names a specific consumer right using the phrase 'Right to Request' and explicitly identifies the object of that right functions as a direct statement of what that right entails, meriting a description label.",2
7777,441,"A label naming a right is appropriate when the sentence provides the definition or scope of that right, including who is entitled and what they can do.",2
7785,2013,"A sentence that serves as a section heading and begins with the phrase 'Right to ...' followed by a specific legal entitlement is conventionally used to state or name that right, making it a description of the right itself rather than an implementation detail.",6
7785,4366,"In documents that enumerate several distinct entitlements, heading-like sentences that start with 'Right to ...' are predictably labeled as the respective descriptions of those rights because they introduce the topic without adding conditions, caveats, or procedural rules.",2
7786,1256,A sentence that explicitly promises not to discriminate against consumers for exercising their privacy rights directly states and thereby describes the right to non-discrimination.,21
7786,3405,"Mentioning a specific legal framework, such as the CCPA, and tying it to the act of exercising privacy rights identifies the sentence as a formal description of a statutory right.",5
7787,1593,"A sentence that enumerates specific prohibited actions (such as denying goods, charging different prices, or offering different quality) serves to concretely define the scope of a non-discrimination right.",12
7787,2971,A sentence whose prohibitions are anchored to a person's exercise of separately granted privacy rights constitutes a description of the right to non-discrimination in the exercise of those rights.,2
7854,2698,"When a sentence details specific contact channels (e.g., email, postal address) for submitting a formal privacy request, it conveys how a user can assert a regulatory right.",2
7854,6150,Text that specifies the subject line and content of a request directs the reader on the procedural steps needed to invoke a statutory privacy entitlement.,2
786,1502,A sentence that enumerates a specific business action prohibited in response to a consumer's exercise of a legal right constitutes a description of the right to non-discrimination.,2
787,1117,"Mentioning a form of differential treatment (e.g., suggesting a different price or quality) directly illustrates what constitutes discrimination, thereby describing the right to non-discrimination.",3
7883,303,A sentence that explicitly addresses disclosures made for a business purpose and requires identifying the categories of personal information obtained by each category of recipient is describing the consumer's right to know about non-sale disclosures.,5
7886,4609,"When a sentence lists permissible internal, legal, and research uses of retained data following a deletion request, it clarifies that the right to delete is qualified rather than absolute, thereby describing the scope of that right.",3
7886,603,A passage that presents a set of conditions allowing retention is characteristic of a 'Description of Right to Delete' because such descriptions typically must inform consumers about statutory exceptions to the right.,2
7886,848,A sentence that enumerates specific statutory exceptions or conditions under which a deletion request may be refused is describing the scope and limitations of the right to delete.,17
7984,8106,"When a sentence links the retention of personal data to the purpose of its collection, it reinforces the scope and nature of the data categories, as the purpose determines which types of information fall under collection.",2
803,428,"The label 'Description of Right to Know PI sold / shared' applies to sentences that articulate the circumstances under which personal information is collected and used, including the legal justifications that permit such sharing.",11
803,644,"A privacy-policy sentence that enumerates the various channels or circumstances through which an organization obtains user data (e.g., direct contact, transactions, usage, public posts) serves as a disclosure of the categories of personal information collected, so it receives that label.",4
804,947,A sentence is labeled as a description of a right to know about sale or sharing when it appears in a document that explicitly discusses how that right is exercised under a specific law or provision.,2
8052,1525,"A sentence that enumerates concrete prohibited actions, such as denying service, varying prices, or lowering quality, functions as an explanation of the protections a right affords.",2
8052,6432,"When a prohibition is tied to the exercising of other rights, it specifies non-discrimination on the basis of that rights-exercising activity.",2
8052,736,"Such a sentence serves to operationalize an abstract anti-discrimination pledge by listing observable, actionable behaviors that would violate the protected right.",2
8060,5183,"When an incentive program is described alongside a non-discrimination policy, a clause restricting points to on-site use helps show that the benefit is offered uniformly to all users, irrespective of whether they exercise their privacy rights.",2
8088,2241,"A sentence that functions as a section heading in a privacy policy often names a specific consumer right, and such naming is sufficient to classify it under the description of that right even when the detailed explanation appears in adjacent sentences.",4
8088,424,"A label for a privacy right description is assigned when the sentence both names the right (e.g., via a heading or term) and then elaborates its operational scope in the same textual unit.",3
809,1044,A sentence stating that a consumer 'may request that a business stop selling' personal information unambiguously conveys the right to opt out of the sale of personal information.,4
809,2587,"A sentence that outlines the existence and scope of a right, rather than providing procedural details, is categorized under the description of that right.",2
809,3662,The use of the phrase 'Right to Opt-Out' followed by an explanation of what that right entails directly aligns with a label that categorizes such descriptions of the opt-out right.,5
8092,1869,A sentence that explicitly grants a consumer the right to request information about disclosures of personal information to third parties for marketing purposes falls under the category of describing a right to know about the sale or sharing of personal information.,7
8092,6693,"The presence of both 'sale' and 'sharing' categories, together with 'third parties,' indicates the sentence addresses the right to know about commercial data transfers specifically.",2
8096,1049,"A sentence stating the existence and scope of an opt-out right, without instructions or consequences, is categorized as a description of that right.",4
8096,2228,"A sentence that frames the user's control over data usage through choices is typically a description of a privacy right, such as the right to opt out of sale.",2
8096,5577,Sentences that emphasize user agency or decision-making in the context of data privacy are classified as descriptions of the opt-out right.,2
8110,1615,A sentence that lists categories of personal information disclosed for value and identifies the types of third parties receiving it directly describes the scope of a right-to-know request regarding sales or sharing.,5
8149,3661,"Descriptions of an opt-out right often include caveats about how the choice impacts the delivery of services, as such caveats are essential for the individual to make an informed decision.",2
8151,1804,A sentence that states a consumer's entitlement to instruct a business to restrict processing of a specific data category directly constitutes a description of the right to limit the use of that personal information.,15
8151,3279,A statement that mentions withdrawing consent for processing certain personal data indicates that it is explaining a user's right to limit the use of that data.,3
8151,5537,Sentences that describe a user's ability to restrict how a data controller processes sensitive personal information belong to the disclosure of the right to limit use of personal information.,2
8186,1156,A sentence that explicitly uses the phrase 'right to opt-out' and names a specific category of data processing (such as 'sale') directly describes that consumer privacy entitlement.,7
8186,1760,"A sentence that explains the scope of an opt-out right by specifying the types of processing it covers (e.g., sale, sharing, or targeted advertising) is a description of that right.",4
8186,2959,The presence of the label's exact terminology within the sentence—such as 'sale of personal information'—is a strong indicator that the sentence belongs to that category.,2
8186,869,A sentence that explicitly names a right to opt out of the sale of personal information is a direct description of that right.,16
8194,981,A sentence that names specific third-party service providers (such as analytics platforms or social media widgets) and explains how they receive or use user data is categorized as a disclosure of the types of personal information shared with those parties.,5
8268,5658,"Sentences that instruct users on how to reach an organization regarding their data rights, by providing specific communication avenues, fall under methods to exercise rights.",2
8268,6430,"The label 'Methods to exercise rights' applies to sentences that tell individuals how to take action on their own data, including updating information, rather than just describing the rights themselves.",3
8268,808,A sentence that tells individuals how to initiate a privacy request by specifying a contact channel (such as an email address) is labeled as a method for exercising rights.,9
8331,1895,A sentence that explicitly identifies a data subject's ability to request rectification of their information serves as a description of the right to correct data.,6
8514,3699,Descriptions of identity verification or confirmation steps that must be completed before a privacy request is fulfilled constitute part of the documented methods for exercising rights.,2
8514,5650,Sentences that outline concrete procedural steps or channels through which an individual can exercise a privacy choice are categorized as methods for exercising rights.,4
853,1150,A sentence that explicitly names a consumer privacy right in its heading and then elaborates on what that right allows the consumer to do is classified as a description of that right.,41
853,219,A description of a right typically includes the scope (personal data collected or maintained) and any limiting conditions (exceptions permitted by law) to qualify the entitlement.,5
853,423,A label of 'Description of Right to Delete' applies when the text explains both that the right exists and the circumstances that qualify or restrict it.,6
8535,1436,A sentence that explicitly affirms the user's ability to make a choice regarding the sale of their personal information is a description of the right to opt out.,24
854,933,A sentence introduced by a heading that names a specific legal protection and then states an explicit commitment to honor it functions as a description of that protection as a right.,2
8541,1894,A sentence that grants individuals the ability to restrict or object to how their personal information is processed articulates a data subject's right to limit use.,13
8541,1954,"A sentence that explicitly mentions the availability of 'choices' or 'options' regarding how personal information is used signals that the data subject retains control over the processing, which is a defining feature of a right to limit use of personal information.",2
8541,6847,"The presence of possessive or user-centric language, such as referencing 'your' data, indicates that the sentence concerns the individual's own personal information, which is the subject matter of such limitation rights.",2
8552,551,A sentence that explicitly states that an individual may request correction of inaccurate data directly describes the right to correct information.,27
8553,3780,Directing users to a specific contact channel or procedure for making a request indicates that the sentence describes the method for exercising their privacy rights.,2
856,1517,"A sentence that enumerates categories of personal information collected, sold, or disclosed, and includes a specific lookback period such as the last 12 months, functions as a description of the consumer right to know about selling and sharing of personal information.",2
8564,1681,"A sentence that specifies a purpose for data handling, such as conducting internal analytics, signals that behavioral or usage data is being collected, thereby defining a category of personal information.",2
8564,3678,Descriptions of cookies that detail what user data they enable or gather are treated as categories within an inventory of personal information.,3
8564,8419,"When a statement associates the processing of cookies with user-level tracking, it functions to inform readers of the types of personal information (e.g., browsing or usage patterns) that an entity collects.",2
857,3341,A statement that ties a requester's request to the personal information that has been gathered about them—while acknowledging legal constraints—serves to explain how the right to know collected data operates in practice.,2
857,854,"A sentence that enumerates the specific categories of personal information a company must disclose upon request, including sources, purposes, third parties, and business-purpose disclosures, is describing the consumer's statutory right to know about the collection, sale, and sharing of personal information.",8
8579,3748,Disclosure statements that list types of recipients or sources of shared data are a standard mechanism for satisfying transparency obligations regarding the sale or sharing of personal information.,3
8584,1109,A sentence that states a right has limitations or exceptions is still a description of that right because it qualifies the scope of the right.,11
8584,3385,"Describing when a provider may deny a deletion request clarifies the boundaries of the right, which is an essential component of explaining that right to the consumer.",2
859,1558,A sentence that enumerates specific categories of personal information subject to prior disclosure for a business purpose typically falls under the right to know about data sharing or selling.,2
859,1645,"A sentence that lists the types of data disclosed without specifying the recipients is still considered a description of the right to know, because it informs the consumer of the data categories involved in sharing or selling activities.",3
859,4305,"The presence of a defined look-back period (such as the preceding twelve months) signals that the sentence is describing the scope of a consumer's right to know, rather than a general privacy policy statement.",3
8606,2140,A sentence that grants users the ability to request corrections by reporting inaccuracies in their data describes a right to rectify personal information.,3
8628,1109,A sentence that states a right has limitations or exceptions is still a description of that right because it qualifies the scope of the right.,11
8631,1507,"A sentence that enumerates lawful uses for retaining personal information explains an exception or limitation to a deletion request, thereby describing the boundaries of the right to delete.",3
8631,4683,Language referencing a statutory privacy act in the context of data retention serves to define the boundaries of a consumer's deletion right by citing lawful bases for refusal.,2
8631,7690,"When a statement appears within a list of grounds on which a deletion request may be denied, it functions to delineate the scope of the deletion right rather than to grant an unconditional deletion.",2
8669,1268,"A sentence that enumerates the types of personal information collected, the sources, the purposes, and the recipients of sharing pertains to the transparency obligations under the right to know about data collection.",2
8669,325,Disclosures covering both the purpose of a data transaction and the third-party categories involved are standard elements in explaining the scope of a consumer's right to know about sold or shared personal information.,8
8669,3537,Content that outlines the specific details a consumer may request regarding their personal information directly reflects the scope of the right to know what data has been collected about them.,2
8669,5959,Statements that present the elements a consumer would need to understand how their personal information is gathered and used correspond to a description of the right to know collected personal information.,3
8679,1117,"Mentioning a form of differential treatment (e.g., suggesting a different price or quality) directly illustrates what constitutes discrimination, thereby describing the right to non-discrimination.",3
8679,1524,"Sentences that enumerate specific prohibited practices (e.g., denying service, varying prices, altering quality) function as a concrete description of a stated anti-discrimination right.",2
870,1645,"A sentence that lists the types of data disclosed without specifying the recipients is still considered a description of the right to know, because it informs the consumer of the data categories involved in sharing or selling activities.",3
870,5112,"Phrases like 'personal information we collected about you' directly frame the content as the business's response to a consumer inquiry about collected data, which is the essence of a right-to-know description.",2
870,5309,"References to a defined lookback period (e.g., the preceding 12 months) when describing what data subjects may request signals a statutory right-to-know disclosure akin to privacy regulations like the CCPA.",4
8717,115,"A short, declarative noun phrase that identifies a discrete kind of personal data is inherently a descriptor of a category of personal information collected.",2
8717,1602,A sentence that enumerates specific types of data collected from individuals functions as a designation of information categories when it appears within a broader list of such designations.,2
873,2021,A sentence that explicitly names a user right in its heading and then states the condition under which the right applies is classified as a description of that right.,3
8752,2044,"The explicit phrase 'selling personal information' is a strong lexical cue that the sentence concerns the sale of personal data, which is the substantive topic captured by the 'Categories of Personal Information Sold' label, even when the sentence explains rationale rather than listing specific data types.",2
8764,1024,A sentence referencing a specific statute governing data privacy contributes to describing a deletion right by indicating the legal constraints under which that right is exercised and may be refused.,3
8764,4683,Language referencing a statutory privacy act in the context of data retention serves to define the boundaries of a consumer's deletion right by citing lawful bases for refusal.,2
8765,1509,"A sentence that enumerates specific lawful bases for retaining personal information, framed as exceptions to a data deletion request, functions as a description of the deletion right because it clarifies the right's scope and limitations.",2
8767,752,"A sentence clarifying that a stated consumer privacy right is subject to statutory exemptions contributes to describing that right, because delineating what the right does not cover defines its scope.",5
8769,1879,"A sentence that explicitly states a user's entitlement or right, using phrases like 'you have the right to request...', is typically classified as a description of that right.",12
8769,869,A sentence that explicitly names a right to opt out of the sale of personal information is a direct description of that right.,16
8777,1502,A sentence that enumerates a specific business action prohibited in response to a consumer's exercise of a legal right constitutes a description of the right to non-discrimination.,2
8802,1805,A sentence that explicitly articulates a consumer's entitlement to request data removal directly corresponds to a label denoting a description of that deletion right.,3
8802,2764,"When a sentence functions as a section heading and is immediately followed by content elaborating the mechanics of that right, it is typically labeled as the description of that right.",6
8805,2269,"A sentence that identifies a legal mechanism by which consumers may decline a specific data-processing activity constitutes a description of that opt-out right, regardless of the varying statutory terminology used.",3
8805,870,"A sentence explicitly framed with directive phrasing signaling the existence of an option (e.g., stipulating that a user 'may opt-out') is characteristic of discourse that describes a right rather than merely referencing it.",2
8811,1887,A sentence that explicitly grants the data subject a right to object to or restrict the processing of their personal information is describing a limitation on the use of that information.,4
8811,6935,The use of the term 'right to' in conjunction with a data-processing action signals that the sentence is describing a limitation or restriction a consumer can impose on the controller.,2
8912,3082,"When a statement frames an action as a right the individual 'has the right to request,' it signals a formal description of a data protection entitlement.",3
8912,962,A sentence that explicitly states an individual's entitlement to have inaccurate personal data amended or rectified is categorized as a description of the right to correct information.,15
8913,1424,"A sentence that uses the explicit construction 'You have the right to...' followed by an action directly articulates a consumer entitlement, making it a description of that right.",7
8913,6988,"When a sentence specifies the action of removing personal data and identifies that data as belonging to the user, it expresses the core content of the right to delete, justifying the label.",3
8918,2297,A sentence that identifies the category of personal information governed by a stated right serves to describe the scope of that right.,2
8951,3241,"A statement that identifies a technology as the mobile equivalent of a web-based tracker indicates that user data is being captured on devices, which falls under the classification of collected personal information.",2
8951,7713,"When a sentence clarifies how a tracking technology operates (e.g., its scope or platform variant), it contributes to enumerating the categories of personal information that a system may collect from users.",2
8961,1900,"A sentence that explicitly states the user holds a right to take a specific action—such as opting out of a data practice—functions as a direct description of that right, regardless of surrounding clauses.",2
8961,4103,"If a sentence references limiting the processing or use of a specific category of personal data (here, Sensitive PI) and explains how a user can invoke that limitation, it is naturally classified as a description of the right to limit use.",2
901,5229,Privacy-policy language explaining that personal data is available to other users or customers serves to notify about disclosed categories of personal information.,2
9107,551,A sentence that explicitly states that an individual may request correction of inaccurate data directly describes the right to correct information.,27
9108,2195,"Sentences that frame the right in terms of user-initiated requests, rather than company obligations or exceptions, are classified as descriptions of the right itself.",2
9108,259,A sentence that explicitly states a user may request deletion of their personal data is classified as a description of the right to delete.,31
9108,4441,"In privacy policy contexts, any sentence that names both the user's power to initiate removal of personal information and the subject of that action (personal information) is typically categorized as a description of the right to delete.",2
9109,1732,"A sentence that explains the practical consequences or limitations that follow from exercising a stated privacy right is considered part of the description of that right, because the description is incomplete without noting downstream effects.",2
9115,1289,A sentence that mentions a protected action (like exercising privacy rights) in connection with a promise of equal treatment is recognized as a description of the right to non-discrimination.,4
9115,1809,A sentence that explicitly states a right to be free from discrimination when exercising other rights is classified as a description of that right.,11
9115,779,A sentence that explicitly states that the exercise of other enumerated rights is protected from discriminatory treatment is directly describing a right to non-discrimination.,7
9117,1926,A sentence that instructs users on specific actions to take to exercise their privacy rights is classified as describing methods to exercise rights.,11
9117,2822,Sentences that explicitly reference procedural resources or steps for submitting a rights request are categorized as providing methods to exercise rights.,3
9163,3162,A statement that details the specific types of user activity monitored (like page popularity and navigation) indicates that the organization is collecting personal information through those cookies.,2
9217,797,A sentence that enumerates distinct types of external parties or circumstances under which personal data is transferred is classified as describing categories of sharing or disclosure.,9
9263,3126,A statement that assures the user their choice is honored without delay falls under the description of the opt-out right.,2
9263,6720,"The presence of conditional language such as 'under certain circumstances' signals a qualified right, which is characteristic of consumer privacy rights descriptions rather than absolute or operational statements.",2
9263,937,"When a sentence contains the phrase 'opt out' in connection with ceasing the 'sale' of personal information and explains the consequence (no longer selling and instead suppressing data), it directly characterizes the right to opt out of a sale.",14
931,1569,"A sentence that enumerates specific contact channels (such as postal address, web form, or phone number) for users to pursue data-related requests is classified under methods to exercise rights.",8
9802,813,"A sentence that explicitly states the organization discloses or shares information to external parties, even when the data is anonymous or aggregated, directly describes a category of information sharing or disclosure.",3
9805,1947,Wording that directly references the sharing or disclosure of personal information aligns with categories that describe the sale or transfer of such data.,3
986,2427,"In a privacy disclosure, a sentence that delineates a subcategory of collected data—such as a physiological or behavioral attribute—serves to enumerate the scope of information covered, thereby fitting the 'categories of personal information' label.",3
